	tgt	pseudoref_first	tgt	pseudoref_frequent	tgt	pseudoref_predefined
0	область	область	область	область	область	область
1	контракт	контракт	контракт	контракт	контракт	договор
2	▔	▁3	▔	тип	▔	вид
3	выручка	выручка	выручка	выручка	выручка	выручка
4	обновить	обновить	обновить	обновить	обновить	обновить
5	интервал	интервал	интервал	интервал	интервал	интервал
6	провайдер	провайдер	провайдер	провайдер	провайдер	поставщик
7	провайдер	провайдер	провайдер	провайдер	провайдер	поставщик
8	▔	▁0	▔	▁0	▔	▁2
9	вид	▁3	вид	тип	вид	вид
10	вводовый	вводовый	вводовый	ввод	вводовый	ввод
11	▔	▁3	▔	тип	▔	вид
12	вид	▁3	вид	тип	вид	вид
13	цель	цель	цель	назначение	цель	назначение
14	тип	▁3	тип	тип	тип	вид
15	тип	▁3	тип	тип	тип	вид
16	общедоступный	общедоступный	общедоступный	общедоступный	общедоступный	общедоступный
17	провайдер	провайдер	провайдер	провайдер	провайдер	поставщик
18	ввод	вводовый	ввод	ввод	ввод	ввод
19	тип	▁3	тип	тип	тип	вид
20	отсрочить	отсрочить	отсрочить	отсрочить	отсрочить	отсрочить
21	провайдер	провайдер	провайдер	провайдер	провайдер	поставщик
22	предписание	предписание	предписание	предписание	предписание	предписание
23	провайдер	провайдер	провайдер	провайдер	провайдер	поставщик
24	ввод	вводовый	ввод	ввод	ввод	ввод
25	вывод	вывод	вывод	вывод	вывод	вывод
26	расчёт	расчёт	расчёт	расчёт	расчёт	расчёт
27	разузлование	разузлование	разузлование	разузлование	разузлование	разузлование
28	связь	связь	связь	связь	связь	связь
29	группировать	группировать	группировать	группа	группировать	группа
30	вид	▁3	вид	тип	вид	вид
31	договорный	контракт	договорный	контракт	договорный	договор
32	объём	объём	объём	объём	объём	объём
33	дополнение	дополнение	дополнение	дополнение	дополнение	дополнение
34	сопоставление	сопоставление	сопоставление	сопоставление	сопоставление	мэппинг
35	сводка	сводка	сводка	сводка	сводка	резюме
36	валюта отчётность	валюта отчётность	валюта отчётность	валюта отчётность	валюта отчётность	валюта отчётность
37	пространство	пространство	пространство	пространство	пространство	пространство
38	редактировать	редактировать	редактировать	редактировать	редактировать	обработать
39	пространство	пространство	пространство	пространство	пространство	пространство
40	планирование	планирование	планирование	планирование	планирование	запланировать
41	ввод	вводовый	ввод	ввод	ввод	ввод
42	ведомость учёт услуга	ведомость учёт услуга	ведомость учёт услуга	ведомость учёт услуга	ведомость учёт услуга	ведомость учёт услуга
43	провайдер	провайдер	провайдер	провайдер	провайдер	поставщик
44	провайдер	провайдер	провайдер	провайдер	провайдер	поставщик
45	интервал	интервал	интервал	интервал	интервал	интервал
46	вводовый	вводовый	вводовый	ввод	вводовый	ввод
47	вид	▁3	вид	тип	вид	вид
48	планирование	планирование	планирование	планирование	планирование	запланировать
49	провайдер данные	провайдер данные	провайдер данные	провайдер данные	провайдер данные	провайдер данные
50	период активный хранение	период активный хранение	период активный хранение	период активный хранение	период активный хранение	период активный хранение
51	приостановление	приостановление	приостановление	приостановление	приостановление	приостановление
52	project type	project type	project type	project type	project type	▁12
53	ассистент	ассистент	ассистент	ассистент	ассистент	ассистент
54	поток	поток	поток	поток	поток	поток
55	сопоставление	сопоставление	сопоставление	сопоставление	сопоставление	мэппинг
56	дата исполнение	дата исполнение	дата исполнение	дата исполнение	дата исполнение	дата исполнение
57	отметить	отметить	отметить	отметить	отметить	отметить
58	провайдер	провайдер	провайдер	провайдер	провайдер	поставщик
59	транзакция	транзакция	транзакция	движение	транзакция	движение
60	пользовательский поле	пользовательский поле	пользовательский поле	пользовательский поле	пользовательский поле	пользовательский поле
61	область	область	область	область	область	область
62	период активный хранение	период активный хранение	период активный хранение	период активный хранение	период активный хранение	период активный хранение
63	деталь	деталь	деталь	деталь	деталь	деталь
64	интервал	интервал	интервал	интервал	интервал	интервал
65	поставщик	провайдер	поставщик	провайдер	поставщик	поставщик
66	балансовый	балансовый	балансовый	балансовый	балансовый	▁1
67	скопировать	скопировать	скопировать	скопировать	скопировать	копирование
68	разграничение	разграничение	разграничение	разграничение	разграничение	разграничение
69	вид	▁3	вид	тип	вид	вид
70	использование	использование	использование	использование	использование	использование
71	тип	▁3	тип	тип	тип	вид
72	планирование	планирование	планирование	планирование	планирование	запланировать
73	тип	▁3	тип	тип	тип	вид
74	выводной	вывод	выводной	вывод	выводной	вывод
75	вводный	вводовый	вводный	ввод	вводный	ввод
76	вид	▁3	вид	тип	вид	вид
77	перерасчёт	перерасчёт	перерасчёт	перерасчёт	перерасчёт	перерасчёт
78	договор	контракт	договор	контракт	договор	договор
79	редактировать	редактировать	редактировать	редактировать	редактировать	обработать
80	▔	▁1	▔	▁1	▔	▁3
81	ввод	вводовый	ввод	ввод	ввод	ввод
82	▔	▁2	▔	▁2	▔	▁9
83	среда	пространство	среда	пространство	среда	пространство
84	разграничение	разграничение	разграничение	разграничение	разграничение	разграничение
85	период активный хранение	период активный хранение	период активный хранение	период активный хранение	период активный хранение	период активный хранение
86	контракт	контракт	контракт	контракт	контракт	договор
87	сборка	сборка	сборка	сборка	сборка	сборка
88	копирование	скопировать	копирование	скопировать	копирование	копирование
89	планирование	планирование	планирование	планирование	планирование	запланировать
90	разграничение	разграничение	разграничение	разграничение	разграничение	разграничение
91	провайдер	провайдер	провайдер	провайдер	провайдер	поставщик
92	ведомость учёт услуга	ведомость учёт услуга	ведомость учёт услуга	ведомость учёт услуга	ведомость учёт услуга	ведомость учёт услуга
93	тип	▁3	тип	тип	тип	вид
94	изменение	изменение	изменение	изменить	изменение	изменение
95	план	планирование	план	планирование	план	запланировать
96	отмена	отмена	отмена	отмена	отмена	отмена
97	приостановка	приостановка	приостановка	приостановка	приостановка	приостановка
98	контент	контент	контент	контент	контент	контент
99	создать	создать	создать	настроить	создать	настроить
100	тред	тред	тред	тред	тред	тред
101	личный дать	личный дать	личный дать	личный дать	личный дать	личный дать
102	личный дать	личный дать	личный дать	личный дать	личный дать	личный дать
103	поставщик	провайдер	поставщик	провайдер	поставщик	поставщик
104	тип	▁3	тип	тип	тип	вид
105	вложение	вложение	вложение	вложение	вложение	вложение
106	активация	активация	активация	активация	активация	активация
107	провайдер данные	провайдер данные	провайдер данные	провайдер данные	провайдер данные	провайдер данные
108	отчёт	отчёт	отчёт	отчёт	отчёт	отчёт
109	категория	категория	категория	категория	категория	категория
110	тип	▁3	тип	тип	тип	вид
111	клиент	клиент	клиент	клиент	клиент	клиент
112	тип	▁3	тип	тип	тип	вид
113	изменить	изменение	изменить	изменить	изменить	изменение
114	поставщик	провайдер	поставщик	провайдер	поставщик	поставщик
115	планирование	планирование	планирование	планирование	планирование	запланировать
116	провайдер	провайдер	провайдер	провайдер	провайдер	поставщик
117	курс	курс	курс	курс	курс	курс
118	ассистент	ассистент	ассистент	ассистент	ассистент	ассистент
119	шаблон	шаблон	шаблон	шаблон	шаблон	шаблон
120	▔	▁3	▔	тип	▔	вид
121	провайдер	провайдер	провайдер	провайдер	провайдер	поставщик
122	неактивный	неактивный	неактивный	неактивный	неактивный	▁7
123	редактировать	редактировать	редактировать	редактировать	редактировать	обработать
124	провайдер	провайдер	провайдер	провайдер	провайдер	поставщик
125	планирование	планирование	планирование	планирование	планирование	запланировать
126	скопировать	скопировать	скопировать	скопировать	скопировать	копирование
127	редактировать	редактировать	редактировать	редактировать	редактировать	обработать
128	вкладка	вкладка	вкладка	вкладка	вкладка	вкладка
129	провайдер	провайдер	провайдер	провайдер	провайдер	поставщик
130	тип	▁3	тип	тип	тип	вид
131	планировать	планирование	планировать	планирование	планировать	запланировать
132	объём	объём	объём	объём	объём	объём
133	договор	контракт	договор	контракт	договор	договор
134	срок хранение	срок хранение	срок хранение	период хранение	срок хранение	период хранение
135	журнал	журнал	журнал	журнал	журнал	журнал
136	пространство	пространство	пространство	пространство	пространство	пространство
137	курс	курс	курс	курс	курс	курс
138	вкладка	вкладка	вкладка	вкладка	вкладка	вкладка
139	вид	▁3	вид	тип	вид	вид
140	пространство	пространство	пространство	пространство	пространство	пространство
141	перевести	перевести	перевести	перевести	перевести	перевести
142	тип	▁3	тип	тип	тип	вид
143	инстанция	инстанция	инстанция	инстанция	инстанция	инстанция
144	open	open	open	open	open	▁11
145	тип	▁3	тип	тип	тип	вид
146	ассистент	ассистент	ассистент	ассистент	ассистент	ассистент
147	вид	▁3	вид	тип	вид	вид
148	вкладка	вкладка	вкладка	вкладка	вкладка	вкладка
149	вид	▁3	вид	тип	вид	вид
150	планировать	планирование	планировать	планирование	планировать	запланировать
151	ассистент	ассистент	ассистент	ассистент	ассистент	ассистент
152	заявка	заявка	заявка	заявка	заявка	заявка
153	изменение	изменение	изменение	изменить	изменение	изменение
154	вкладка	вкладка	вкладка	вкладка	вкладка	вкладка
155	перезапуск	перезапуск	перезапуск	перезапуск	перезапуск	перезапуск
156	приостановка	приостановка	приостановка	приостановка	приостановка	приостановка
157	связь	связь	связь	связь	связь	связь
158	агрегироваться	агрегироваться	агрегироваться	агрегироваться	агрегироваться	▁0
159	договор	контракт	договор	контракт	договор	договор
160	тип	▁3	тип	тип	тип	вид
161	элемент	элемент	элемент	позиция	элемент	позиция
162	среда дизайн	среда дизайн	среда дизайн	среда дизайн	среда дизайн	среда дизайн
163	вид	▁3	вид	тип	вид	вид
164	расписание	планирование	расписание	планирование	расписание	запланировать
165	вид	▁3	вид	тип	вид	вид
166	вызвать	вызвать	вызвать	получить	вызвать	вызвать
167	обновление	обновить	обновление	обновить	обновление	обновить
168	выгружать	выгружать	выгружать	выгружать	выгружать	выгружать
169	проверить	проверить	проверить	проверить	проверить	проверить
170	пространство	пространство	пространство	пространство	пространство	пространство
171	вид	▁3	вид	тип	вид	вид
172	приостановка	приостановка	приостановка	приостановка	приостановка	приостановка
173	вид движение	вид движение	вид движение	вид движение	вид движение	вид движение
174	поставщик	провайдер	поставщик	провайдер	поставщик	поставщик
175	ассистент	ассистент	ассистент	ассистент	ассистент	ассистент
176	тип	▁3	тип	тип	тип	вид
177	тип	▁3	тип	тип	тип	вид
178	провайдер	провайдер	провайдер	провайдер	провайдер	поставщик
179	редактировать	редактировать	редактировать	редактировать	редактировать	обработать
180	входной	вводовый	входной	ввод	входной	ввод
181	allocation	перерасчёт	allocation	перерасчёт	allocation	перерасчёт
182	подтверждение сервис	подтверждение сервис	подтверждение сервис	подтверждение сервис	подтверждение сервис	подтверждение выполнение сервис
183	заявка	заявка	заявка	заявка	заявка	заявка
184	использовать	использование	использовать	использование	использовать	использование
185	провайдер	провайдер	провайдер	провайдер	провайдер	поставщик
186	редактировать	редактировать	редактировать	редактировать	редактировать	обработать
187	пространство	пространство	пространство	пространство	пространство	пространство
188	вид	▁3	вид	тип	вид	вид
189	получить	вызвать	получить	получить	получить	вызвать
190	заказ на закупка	заказ на закупка	заказ на закупка	заказ на закупка	заказ на закупка	заказ на закупка
191	заказ на закупка	заказ на закупка	заказ на закупка	заказ на закупка	заказ на закупка	заказ на закупка
192	заказ клиент	заказ клиент	заказ клиент	заказ клиент	заказ клиент	заказ клиент
193	вид	▁3	вид	тип	вид	вид
194	исключение	исключение	исключение	исключение	исключение	исключение
195	вид	▁3	вид	тип	вид	вид
196	категория	категория	категория	категория	категория	категория
197	позиция	элемент	позиция	позиция	позиция	позиция
198	обновить	обновить	обновить	обновить	обновить	обновить
199	тип	▁3	тип	тип	тип	вид
200	предписание	предписание	предписание	предписание	предписание	предписание
201	присвоение происхождение	присвоение происхождение	присвоение происхождение	присвоение происхождение	присвоение происхождение	присвоение происхождение
202	оговорка	оговорка	оговорка	оговорка	оговорка	оговорка
203	ассистент	ассистент	ассистент	ассистент	ассистент	ассистент
204	провайдер	провайдер	провайдер	провайдер	провайдер	поставщик
205	вкладка	вкладка	вкладка	вкладка	вкладка	вкладка
206	вкладка	вкладка	вкладка	вкладка	вкладка	вкладка
207	тип	▁3	тип	тип	тип	вид
208	тип	▁3	тип	тип	тип	вид
209	срок хранение	срок хранение	срок хранение	период хранение	срок хранение	период хранение
210	вид сделка	вид движение	вид сделка	вид движение	вид сделка	вид движение
211	вид	▁3	вид	тип	вид	вид
212	подтверждение выполнение сервис	подтверждение сервис	подтверждение выполнение сервис	подтверждение сервис	подтверждение выполнение сервис	подтверждение выполнение сервис
213	начисление процент	начисление процент	начисление процент	начисление процент	начисление процент	начисление процент
214	перерасчётный позиция	перерасчётный позиция	перерасчётный позиция	перерасчётный позиция	перерасчётный позиция	перерасчётный позиция
215	редактировать	редактировать	редактировать	редактировать	редактировать	обработать
216	редактировать	редактировать	редактировать	редактировать	редактировать	обработать
217	заказ на закупка	заказ на закупка	заказ на закупка	заказ на закупка	заказ на закупка	заказ на закупка
218	заказ на закупка	заказ на закупка	заказ на закупка	заказ на закупка	заказ на закупка	заказ на закупка
219	объединить	объединить	объединить	объединить	объединить	объединить
220	рабочий пакет	рабочий пакет	рабочий пакет	рабочий пакет	рабочий пакет	рабочий пакет
221	вид	▁3	вид	тип	вид	вид
222	планирование	планирование	планирование	планирование	планирование	запланировать
223	приостановка	приостановка	приостановка	приостановка	приостановка	приостановка
224	связь	связь	связь	связь	связь	связь
225	вид	▁3	вид	тип	вид	вид
226	обновление	обновить	обновление	обновить	обновление	обновить
227	операция	операция	операция	операция	операция	операция
228	▔	▁3	▔	тип	▔	вид
229	журнал использование	журнал использование	журнал использование	журнал использование	журнал использование	журнал использование
230	запись	запись	запись	записать	запись	запись
231	ремонт	ремонт	ремонт	ремонт	ремонт	ремонт
232	контракт	контракт	контракт	контракт	контракт	договор
233	управление данные по охрана здоровье и защита окружающий среда	управление данные по охрана здоровье и защита окружающий среда	управление данные по охрана здоровье и защита окружающий среда	управление данные по охрана здоровье и защита окружающий среда	управление данные по охрана здоровье и защита окружающий среда	управление данные по охрана здоровье и защита окружающий среда
234	вид	▁3	вид	тип	вид	вид
235	заявка	заявка	заявка	заявка	заявка	заявка
236	агент	агент	агент	агент	агент	агент
237	заявка	заявка	заявка	заявка	заявка	заявка
238	выполнить	выполнить	выполнить	выполнить	выполнить	выполнить
239	подтверждение сервис	подтверждение сервис	подтверждение сервис	подтверждение сервис	подтверждение сервис	подтверждение выполнение сервис
240	поставщик	провайдер	поставщик	провайдер	поставщик	поставщик
241	характеристика	характеристика	характеристика	характеристика	характеристика	характеристика
242	период хранение	срок хранение	период хранение	период хранение	период хранение	период хранение
243	перевозчик	перевозчик	перевозчик	перевозчик	перевозчик	перевозчик
244	подтверждение сервис	подтверждение сервис	подтверждение сервис	подтверждение сервис	подтверждение сервис	подтверждение выполнение сервис
245	использование	использование	использование	использование	использование	использование
246	вид транспортировка	вид транспортировка	вид транспортировка	вид транспортировка	вид транспортировка	вид транспортировка
247	тип	▁3	тип	тип	тип	вид
248	договор	контракт	договор	контракт	договор	договор
249	заказ клиент	заказ клиент	заказ клиент	заказ клиент	заказ клиент	заказ клиент
250	деблокировать	деблокировать	деблокировать	деблокировать	деблокировать	деблокировать
251	расчётный центр	расчётный центр	расчётный центр	расчётный центр	расчётный центр	расчётный центр
252	расчётный центр	расчётный центр	расчётный центр	расчётный центр	расчётный центр	расчётный центр
253	сводка	сводка	сводка	сводка	сводка	резюме
254	изменить	изменение	изменить	изменить	изменить	изменение
255	открытый	open	открытый	open	открытый	▁11
256	монитор	монитор	монитор	монитор	монитор	монитор
257	вид	▁3	вид	тип	вид	вид
258	вид событие	вид событие	вид событие	вид событие	вид событие	вид событие
259	настроить	создать	настроить	настроить	настроить	настроить
260	тип	▁3	тип	тип	тип	вид
261	редактировать	редактировать	редактировать	редактировать	редактировать	обработать
262	календарный план	планирование	календарный план	планирование	календарный план	запланировать
263	редактировать	редактировать	редактировать	редактировать	редактировать	обработать
264	тип	▁3	тип	тип	тип	вид
265	тип	▁3	тип	тип	тип	вид
266	система отчёт	отчёт	система отчёт	отчёт	система отчёт	отчёт
267	редактировать	редактировать	редактировать	редактировать	редактировать	обработать
268	тип	▁3	тип	тип	тип	вид
269	оговорка	оговорка	оговорка	оговорка	оговорка	оговорка
270	тип	▁3	тип	тип	тип	вид
271	контракт	контракт	контракт	контракт	контракт	договор
272	▔	▁3	▔	тип	▔	вид
273	активация	активация	активация	активация	активация	активация
274	редактировать	редактировать	редактировать	редактировать	редактировать	обработать
275	пропуск	пропуск	пропуск	пропуск	пропуск	пропуск
276	модель использование	модель использование	модель использование	модель использование	модель использование	модель использование
277	планирование	планирование	планирование	планирование	планирование	запланировать
278	проверить	проверить	проверить	проверить	проверить	проверить
279	обновить	обновить	обновить	обновить	обновить	обновить
280	вид	▁3	вид	тип	вид	вид
281	оператор	оператор	оператор	оператор	оператор	оператор
282	место хранение	место хранение	место хранение	место хранение	место хранение	место хранение
283	согласие	согласие	согласие	согласие	согласие	согласие
284	использование	использование	использование	использование	использование	использование
285	сумма	сумма	сумма	сумма	сумма	сумма
286	провайдер	провайдер	провайдер	провайдер	провайдер	поставщик
287	применять	применять	применять	применять	применять	применять
288	отмена	отмена	отмена	отмена	отмена	отмена
289	тип	▁3	тип	тип	тип	вид
290	получить	вызвать	получить	получить	получить	вызвать
291	пакет	пакет	пакет	пакет	пакет	пакет
292	проверить	проверить	проверить	проверить	проверить	проверить
293	тип	▁3	тип	тип	тип	вид
294	выполнить	выполнить	выполнить	выполнить	выполнить	выполнить
295	редактировать	редактировать	редактировать	редактировать	редактировать	обработать
296	изменение	изменение	изменение	изменить	изменение	изменение
297	запись журнал	запись журнал	запись журнал	запись журнал	запись журнал	запись журнал
298	провайдер	провайдер	провайдер	провайдер	провайдер	поставщик
299	клиент	клиент	клиент	клиент	клиент	клиент
300	следующий	следующий	следующий	следующий	следующий	▁5
301	вид	▁3	вид	тип	вид	вид
302	следующий	следующий	следующий	следующий	следующий	▁5
303	срок хранение	срок хранение	срок хранение	срок хранение	срок хранение	срок хранение
304	вкладка	вкладка	вкладка	вкладка	вкладка	вкладка
305	изменить	изменение	изменить	изменить	изменить	изменение
306	вид	▁3	вид	тип	вид	вид
307	закрыть	закрыть	закрыть	закрыть	закрыть	закрыть
308	налог на источник доход	налог на источник доход	налог на источник доход	налог на источник доход	налог на источник доход	налог на источник доход
309	лимит	лимит	лимит	лимит	лимит	лимит
310	проверка	проверка	проверка	проверка	проверка	проверка
311	вывод	вывод	вывод	вывод	вывод	вывод
312	индикатор блокировка	индикатор блокировка	индикатор блокировка	индикатор блокировка	индикатор блокировка	индикатор блокировка
313	запланировать	планирование	запланировать	планирование	запланировать	запланировать
314	прогнозный график поставка	прогнозный график поставка	прогнозный график поставка	график поставка	прогнозный график поставка	▁15
315	вкладка	вкладка	вкладка	вкладка	вкладка	вкладка
316	мэппинг	сопоставление	мэппинг	сопоставление	мэппинг	мэппинг
317	редактировать	редактировать	редактировать	редактировать	редактировать	обработать
318	форма	форма	форма	форма	форма	форма
319	использование	использование	использование	использование	использование	использование
320	планирование	планирование	планирование	планирование	планирование	запланировать
321	на стадия подготовка	на стадия подготовка	на стадия подготовка	на стадия подготовка	на стадия подготовка	на стадия подготовка
322	вид	▁3	вид	тип	вид	вид
323	сверить	сверить	сверить	сверить	сверить	сверить
324	планирование	планирование	планирование	планирование	планирование	запланировать
325	тип	▁3	тип	тип	тип	вид
326	копирование	скопировать	копирование	скопировать	копирование	копирование
327	тип	▁3	тип	тип	тип	вид
328	резюме	сводка	резюме	сводка	резюме	резюме
329	подтверждение выполнение сервис	подтверждение сервис	подтверждение выполнение сервис	подтверждение сервис	подтверждение выполнение сервис	подтверждение выполнение сервис
330	уровень проводок	уровень проводок	уровень проводок	уровень проводок	уровень проводок	уровень проводок
331	ввод	вводовый	ввод	ввод	ввод	ввод
332	факторирование	расчёт	факторирование	расчёт	факторирование	расчёт
333	группа	группировать	группа	группа	группа	группа
334	тип	▁3	тип	тип	тип	вид
335	экологический норматив	экологический норматив	экологический норматив	экологический норматив	экологический норматив	экологический норматив
336	повторный представление	повторный представление	повторный представление	повторный представление	повторный представление	повторный представление
337	перезапуск	перезапуск	перезапуск	перезапуск	перезапуск	перезапуск
338	персональный дать	персональный дать	персональный дать	личный информация	персональный дать	личный информация
339	период хранение	срок хранение	период хранение	период хранение	период хранение	период хранение
340	тип	▁3	тип	тип	тип	вид
341	сделка	транзакция	сделка	движение	сделка	движение
342	тип	▁3	тип	тип	тип	вид
343	репликация данные	репликация данные	репликация данные	репликация данные	репликация данные	репликация данные
344	платёж	платёж	платёж	оплата	платёж	оплата
345	сигнал	сигнал	сигнал	сигнал	сигнал	сигнал
346	вид	▁3	вид	тип	вид	вид
347	тип	▁3	тип	тип	тип	вид
348	истечение	истечение	истечение	истечение	истечение	▁4
349	контракт	контракт	контракт	контракт	контракт	договор
350	начало срок действие	начало срок действие	начало срок действие	начало срок действие	начало срок действие	начало срок действие
351	редактирование	редактировать	редактирование	редактировать	редактирование	обработать
352	контракт	контракт	контракт	контракт	контракт	договор
353	тип	▁3	тип	тип	тип	вид
354	категория использование	категория использование	категория использование	категория использование	категория использование	категория использование
355	операция	операция	операция	действие	операция	действие
356	идентификатор поставщик	идентификатор поставщик	идентификатор поставщик	идентификатор поставщик	идентификатор поставщик	идентификатор поставщик
357	вид	▁3	вид	тип	вид	вид
358	тип	▁3	тип	тип	тип	вид
359	подтверждение сервис	подтверждение сервис	подтверждение сервис	подтверждение сервис	подтверждение сервис	подтверждение выполнение сервис
360	распределение	перерасчёт	распределение	перерасчёт	распределение	перерасчёт
361	перерасчёт	перерасчёт	перерасчёт	перерасчёт	перерасчёт	перерасчёт
362	получить	вызвать	получить	получить	получить	вызвать
363	операция	операция	операция	операция	операция	операция
364	входной	вводовый	входной	ввод	входной	ввод
365	скопировать	скопировать	скопировать	скопировать	скопировать	копирование
366	вид	▁3	вид	тип	вид	вид
367	личный информация	персональный дать	личный информация	личный информация	личный информация	личный информация
368	страховой случай	страховой случай	страховой случай	страховой случай	страховой случай	страховой случай
369	контракт	контракт	контракт	контракт	контракт	договор
370	редактировать	редактировать	редактировать	редактировать	редактировать	обработать
371	провайдер	провайдер	провайдер	провайдер	провайдер	поставщик
372	переходить	переходить	переходить	переходить	переходить	▁6
373	обработать	обработать	обработать	обработать	обработать	обработать
374	оператор	оператор	оператор	оператор	оператор	оператор
375	действие	операция	действие	действие	действие	действие
376	назначение	цель	назначение	назначение	назначение	назначение
377	изменение	изменение	изменение	изменить	изменение	изменение
378	налог на источник доход	налог на источник доход	налог на источник доход	налог на источник доход	налог на источник доход	налог на источник доход
379	назначение	назначение	назначение	назначение	назначение	назначение
380	услуга	услуга	услуга	услуга	услуга	услуга
381	пространство	пространство	пространство	пространство	пространство	пространство
382	операция	операция	операция	операция	операция	операция
383	вложить	вложить	вложить	вложить	вложить	вложить
384	оплата	платёж	оплата	оплата	оплата	оплата
385	вывод	вывод	вывод	вывод	вывод	вывод
386	операция	операция	операция	операция	операция	операция
387	вводный	вводовый	вводный	ввод	вводный	ввод
388	вводный	вводовый	вводный	ввод	вводный	ввод
389	использование	использование	использование	использование	использование	использование
390	изменить	изменение	изменить	изменить	изменить	изменение
391	тип	▁3	тип	тип	тип	вид
392	вид	▁3	вид	тип	вид	вид
393	изменить	изменение	изменить	изменить	изменить	изменение
394	транспорт	транспорт	транспорт	транспорт	транспорт	транспорт
395	перевозчик	перевозчик	перевозчик	перевозчик	перевозчик	перевозчик
396	подключение	подключение	подключение	подключение	подключение	подключение
397	обработать	обработать	обработать	обработать	обработать	обработать
398	активировать	активация	активировать	активация	активировать	активация
399	провайдер	провайдер	провайдер	провайдер	провайдер	поставщик
400	сумма	сумма	сумма	сумма	сумма	сумма
401	оператор	оператор	оператор	оператор	оператор	оператор
402	управлять ключ подтверждение	управлять ключ подтверждение	управлять ключ подтверждение	управлять ключ подтверждение	управлять ключ подтверждение	управлять ключ подтверждение
403	выверка	выверка	выверка	выверка	выверка	▁13
404	тип	▁3	тип	тип	тип	вид
405	провайдер	провайдер	провайдер	провайдер	провайдер	поставщик
406	тип	▁3	тип	тип	тип	вид
407	расход	расход	расход	расход	расход	расход
408	категория	категория	категория	категория	категория	категория
409	приостановка	приостановка	приостановка	приостановка	приостановка	приостановка
410	тип	▁3	тип	тип	тип	вид
411	транспортный	транспорт	транспортный	транспорт	транспортный	транспорт
412	вкладка	вкладка	вкладка	вкладка	вкладка	вкладка
413	тип	▁3	тип	тип	тип	вид
414	рабочий процесс	рабочий процесс	рабочий процесс	рабочий процесс	рабочий процесс	рабочий процесс
415	коллекторский агентство	коллекторский агентство	коллекторский агентство	коллекторский агентство	коллекторский агентство	коллекторский агентство
416	типовой	▁3	типовой	тип	типовой	вид
417	тип	▁3	тип	тип	тип	вид
418	клиент	клиент	клиент	клиент	клиент	клиент
419	категория	категория	категория	категория	категория	категория
420	редактировать	редактировать	редактировать	редактировать	редактировать	обработать
421	характеристика	характеристика	характеристика	характеристика	характеристика	характеристика
422	деблокировать	деблокировать	деблокировать	деблокировать	деблокировать	деблокировать
423	аналитический диаграмма	аналитический диаграмма	аналитический диаграмма	аналитический диаграмма	аналитический диаграмма	аналитический диаграмма
424	поставщик	провайдер	поставщик	провайдер	поставщик	поставщик
425	присвоить	присвоить	присвоить	присвоить	присвоить	присвоить
426	тип прогон	тип прогон	тип прогон	тип прогон	тип прогон	тип прогон
427	выход	выход	выход	выход	выход	выход
428	провайдер данные	провайдер данные	провайдер данные	провайдер данные	провайдер данные	провайдер данные
429	счёт	клиент	счёт	клиент	счёт	клиент
430	проверка	проверить	проверка	проверить	проверка	проверить
431	вид	▁3	вид	тип	вид	вид
432	ведение	ведение	ведение	ведение	ведение	▁10
433	структура местоположение	структура местоположение	структура местоположение	структура местоположение	структура местоположение	структура местоположение
434	соответствие	соответствие	соответствие	соответствие	соответствие	соответствие
435	раздел	раздел	раздел	раздел	раздел	раздел
436	возмещение	возмещение	возмещение	возмещение	возмещение	возмещение
437	схема калькуляция	схема калькуляция	схема калькуляция	схема калькуляция	схема калькуляция	схема калькуляция
438	сборка	сборка	сборка	сборка	сборка	сборка
439	вкладка	вкладка	вкладка	вкладка	вкладка	вкладка
440	обработать	редактировать	обработать	редактировать	обработать	обработать
441	шаблон	шаблон	шаблон	шаблон	шаблон	шаблон
442	тип	▁3	тип	тип	тип	вид
443	движение	транзакция	движение	движение	движение	движение
444	остановка	остановка	остановка	остановить	остановка	остановить
445	вкладка	вкладка	вкладка	вкладка	вкладка	вкладка
446	активировать	активация	активировать	активация	активировать	активация
447	контракт	контракт	контракт	контракт	контракт	договор
448	редактировать	редактировать	редактировать	редактировать	редактировать	обработать
449	мастер	ассистент	мастер	ассистент	мастер	ассистент
450	тип объект	тип объект	тип объект	тип объект	тип объект	тип объект
451	отменить	отменить	отменить	отменить	отменить	отменить
452	ограниченный	ограниченный	ограниченный	ограниченный	ограниченный	▁14
453	актив	актив	актив	актив	актив	актив
454	проверочный	проверочный	проверочный	проверочный	проверочный	▁8
455	использование	использование	использование	использование	использование	использование
456	отчёт	отчёт	отчёт	отчёт	отчёт	отчёт
457	вид классификация	вид классификация	вид классификация	вид классификация	вид классификация	вид классификация
458	в проверка	в проверка	в проверка	в проверка	в проверка	в проверка
459	провайдер	провайдер	провайдер	провайдер	провайдер	поставщик
460	вид	▁3	вид	тип	вид	вид
461	вкладка	вкладка	вкладка	вкладка	вкладка	вкладка
462	остановить	остановка	остановить	остановить	остановить	остановить
463	обновление	обновить	обновление	обновить	обновление	обновить
464	порядок	порядок	порядок	порядок	порядок	порядок
465	планирование	планирование	планирование	планирование	планирование	запланировать
466	вкладка	вкладка	вкладка	вкладка	вкладка	вкладка
467	распространение	распространение	распространение	распространение	распространение	распространение
468	записать	запись	записать	записать	записать	запись
469	ресурс	ресурс	ресурс	ресурс	ресурс	ресурс
470	группирование	группирование	группирование	группирование	группирование	группирование
471	документ расчёт	документ расчёт	документ расчёт	документ расчёт	документ расчёт	документ расчёт
472	промежуточный счёт	промежуточный счёт	промежуточный счёт	промежуточный счёт	промежуточный счёт	промежуточный счёт
473	редактировать	редактировать	редактировать	редактировать	редактировать	обработать
474	использовать	использование	использовать	использование	использовать	использование
475	вид	▁3	вид	тип	вид	вид
476	транспорт	транспорт	транспорт	транспорт	транспорт	транспорт
477	поставщик	провайдер	поставщик	провайдер	поставщик	поставщик
478	тип	▁3	тип	тип	тип	вид
479	распределение поступление	распределение поступление	распределение поступление	распределение поступление	распределение поступление	распределение поступление
480	триггер	триггер	триггер	триггер	триггер	триггер
481	тип	▁3	тип	тип	тип	вид
482	добавочный номер	добавочный номер	добавочный номер	добавочный номер	добавочный номер	добавочный номер
483	вид	▁3	вид	тип	вид	вид
484	общий	общедоступный	общий	общедоступный	общий	общедоступный
485	приостановка	приостановка	приостановка	приостановка	приостановка	приостановка
486	контракт	контракт	контракт	контракт	контракт	договор
487	получить	вызвать	получить	получить	получить	вызвать
488	договор	контракт	договор	контракт	договор	договор
489	применять	применять	применять	применять	применять	применять
490	вид процесс	вид процесс	вид процесс	вид процесс	вид процесс	вид процесс
491	контент	контент	контент	контент	контент	контент
492	тип	▁3	тип	тип	тип	вид
493	редактировать	редактировать	редактировать	редактировать	редактировать	обработать
494	график поставка	прогнозный график поставка	график поставка	график поставка	график поставка	▁15
495	запланировать	планирование	запланировать	планирование	запланировать	запланировать
496	загрузка	загрузка	загрузка	загрузка	загрузка	загрузка
497	изменить	изменение	изменить	изменить	изменить	изменение
498	тип	▁3	тип	тип	тип	вид
499	провайдер	провайдер	провайдер	провайдер	провайдер	поставщик
500	вывод	вывод	вывод	вывод	вывод	вывод
501	тип	▁3	тип	тип	тип	вид
502	деактивировать	деактивировать	деактивировать	деактивировать	деактивировать	деактивировать
503	числовой	числовой	числовой	числовой	числовой	числовой
504	вид документ	вид документ	вид документ	вид документ	вид документ	вид документ
505	получить	вызвать	получить	получить	получить	вызвать
506	категория	категория	категория	категория	категория	категория
507	обновить	обновить	обновить	обновить	обновить	обновить
508	сводка	сводка	сводка	сводка	сводка	резюме
509	биллинговый дать	биллинговый дать	биллинговый дать	биллинговый дать	биллинговый дать	биллинговый дать
510	простой контировка	простой контировка	простой контировка	простой контировка	простой контировка	простой контировка
511	отменить	отменить	отменить	отменить	отменить	отменить
512	мероприятие	мероприятие	мероприятие	мероприятие	мероприятие	мероприятие
513	подвид	подвид	подвид	подвид	подвид	подвид
