	tgt	pseudoref_first	tgt	pseudoref_frequent	tgt	pseudoref_predefined
0	bereich	bereich	bereich	bereich	bereich	▁125
1	speicherressourcen	speicherressourcen	speicherressourcen	speicherressourcen	speicherressourcen	▁131
2	teil|teilen	teil|teilen	teil|teilen	freigeben	teil|teilen	▁122
3	einschränkung	einschränkung	einschränkung	einschränkung	einschränkung	einschränkung
4	erstellen	erstellen	erstellen	erstellen	erstellen	anlegen
5	verantwortungsbereich	verantwortungsbereich	verantwortungsbereich	verantwortungsbereich	verantwortungsbereich	▁13
6	triggerbasieren	triggerbasieren	triggerbasieren	anweisung	triggerbasieren	▁142
7	konnektorinstanzen	konnektorinstanzen	konnektorinstanzen	konnektor	konnektorinstanzen	konnektor
8	kunde	kunde	kunde	kunde	kunde	▁35
9	lieferant	lieferant	lieferant	lieferant	lieferant	▁135
10	bedarfsgesteuern	bedarfsgesteuern	bedarfsgesteuern	bedarfsgesteuern	bedarfsgesteuern	▁38
11	erstellen	erstellen	erstellen	erstellen	erstellen	anlegen
12	seitenpanel	seitenpanel	seitenpanel	seitenpanel	seitenpanel	seitenbereich
13	hauptindikator	hauptindikator	hauptindikator	aktivätsindikatoren	hauptindikator	▁66
14	anfrage	anfrage	anfrage	abfrage	anfrage	abfrage
15	anbieter	anbieter	anbieter	anbieter	anbieter	anbieter
16	bereich	bereich	bereich	bereich	bereich	▁125
17	konzerninternen	konzerninternen	konzerninternen	intercompanyen	konzerninternen	▁70
18	versionshistorei	versionshistorei	versionshistorei	verlauf	versionshistorei	verlauf
19	version	version	version	release	version	release
20	datenanbieter	datenanbieter	datenanbieter	datenanbieter	datenanbieter	datenanbieter
21	datenzugriffskontrollen	datenzugriffskontrollen	datenzugriffskontrollen	datenzugriffskontrollen	datenzugriffskontrollen	▁7
22	datenanbieter	datenanbieter	datenanbieter	datenanbieter	datenanbieter	datenanbieter
23	nbereinstimmungsschwellen	nbereinstimmungsschwellen	nbereinstimmungsschwellen	abschnitt	nbereinstimmungsschwellen	abschnitt
24	anbieter	anbieter	anbieter	anbieter	anbieter	anbieter
25	anbieter	anbieter	anbieter	anbieter	anbieter	anbieter
26	version	version	version	release	version	release
27	zuweisen	zuweisen	zuweisen	zuweisen	zuweisen	zuweisen
28	speicherkontingent	speicherressourcen	speicherkontingent	speicherressourcen	speicherkontingent	▁131
29	speicherplatz	bereich	speicherplatz	bereich	speicherplatz	▁125
30	zeitraum	zeitraum	zeitraum	zeitraum	zeitraum	zeitraum
31	datenanbieterprofil	datenanbieter	datenanbieterprofil	datenanbieter	datenanbieterprofil	datenanbieter
32	erstellen	erstellen	erstellen	erstellen	erstellen	anlegen
33	datenanbieter	datenanbieter	datenanbieter	datenanbieter	datenanbieter	datenanbieter
34	bereich	bereich	bereich	bereich	bereich	▁125
35	datenanbieter	datenanbieter	datenanbieter	datenanbieter	datenanbieter	datenanbieter
36	verbrauchsmodell	verbrauchsmodell	verbrauchsmodell	verbrauchsmodell	verbrauchsmodell	verbrauchsmodell
37	referenzmenge	referenzmenge	referenzmenge	referenzmenge	referenzmenge	referenzmenge
38	zeitraum	zeitraum	zeitraum	zeitraum	zeitraum	zeitraum
39	stammverzeichnen	stammverzeichnen	stammverzeichnen	stammverzeichnen	stammverzeichnen	▁113
40	klauseltyp	klauseltyp	klauseltyp	typ|type|typus	klauseltyp	art
41	annahme	annahme	annahme	annahme	annahme	▁6
42	bereich	bereich	bereich	bereich	bereich	▁125
43	revision	revision	revision	revision	revision	▁112
44	datenanbieter	datenanbieter	datenanbieter	datenanbieter	datenanbieter	datenanbieter
45	startzeitpunkt	startzeitpunkt	startzeitpunkt	bestand	startzeitpunkt	▁129
46	preisdatum	preisdatum	preisdatum	preisdatum	preisdatum	▁95
47	datenebenobjekten	datenebenobjekten	datenebenobjekten	datenebenobjekten	datenebenobjekten	▁73
48	erstellen	erstellen	erstellen	erstellen	erstellen	anlegen
49	bereich	bereich	bereich	bereich	bereich	▁125
50	skalentyp	klauseltyp	skalentyp	typ|type|typus	skalentyp	art
51	zeitplan	zeitplan	zeitplan	zeitplan	zeitplan	zeitplan
52	zusammenfassung	zusammenfassung	zusammenfassung	rechnungsübersichten	zusammenfassung	▁134
53	bereich	bereich	bereich	bereich	bereich	▁125
54	berichtszeitraum	berichtszeitraum	berichtszeitraum	bericht	berichtszeitraum	bericht
55	verbrauchsmodell	verbrauchsmodell	verbrauchsmodell	verbrauchsmodell	verbrauchsmodell	verbrauchsmodell
56	anweisung	triggerbasieren	anweisung	anweisung	anweisung	▁142
57	auftrag	auftrag	auftrag	auftrag	auftrag	auftrag
58	client	client	client	analyse	client	client
59	zeitintervall	zeitintervall	zeitintervall	zeitintervall	zeitintervall	▁71
60	speicherplatz	bereich	speicherplatz	bereich	speicherplatz	▁125
61	erstellen	erstellen	erstellen	erstellen	erstellen	anlegen
62	aufgabenprotokoll	aufgabenprotokoll	aufgabenprotokoll	aufgabenprotokoll	aufgabenprotokoll	aufgabenprotokoll
63	anbieter	anbieter	anbieter	anbieter	anbieter	anbieter
64	konnektor	konnektorinstanzen	konnektor	konnektor	konnektor	konnektor
65	release	version	release	release	release	release
66	fähigkeit	fähigkeit	fähigkeit	fähigkeit	fähigkeit	▁123
67	anbieter	anbieter	anbieter	anbieter	anbieter	anbieter
68	datenanbieterprofil	datenanbieter	datenanbieterprofil	datenanbieter	datenanbieterprofil	datenanbieter
69	▔ertrat<sos>	▔ertrat<sos>	▔ertrat<sos>	▔ertrat<sos>	▔ertrat<sos>	▁3
70	speicherallokation	speicherallokation	speicherallokation	allokationsschreiten	speicherallokation	▁10
71	datenanbieter	datenanbieter	datenanbieter	datenanbieter	datenanbieter	datenanbieter
72	version	version	version	release	version	release
73	nachricht	nachricht	nachricht	nachricht	nachricht	nachricht
74	bereich	bereich	bereich	bereich	bereich	▁125
75	endbenutzer	endbenutzer	endbenutzer	endbenutzer	endbenutzer	endbenutzer
76	datenanbieter	datenanbieter	datenanbieter	datenanbieter	datenanbieter	datenanbieter
77	datenanbieters	datenanbieter	datenanbieters	datenanbieter	datenanbieters	datenanbieter
78	erstellen	erstellen	erstellen	erstellen	erstellen	anlegen
79	erstellen	erstellen	erstellen	erstellen	erstellen	anlegen
80	raumpriorität	bereich	raumpriorität	bereich	raumpriorität	▁125
81	breadcrumbs	breadcrumbs	breadcrumbs	breadcrumbs	breadcrumbs	▁20
82	anbieter	anbieter	anbieter	anbieter	anbieter	anbieter
83	vorfall	vorfall	vorfall	vorfall	vorfall	▁64
84	aussagekräftigen bezeichnung	aussagekräftigen bezeichnung	aussagekräftigen bezeichnung	aussagekräftigen bezeichnung	aussagekräftigen bezeichnung	▁23
85	arbeitsbereich	arbeitsbereich	arbeitsbereich	arbeitsbereich	arbeitsbereich	▁150
86	aufenthaltsdauer	aufenthaltsdauer	aufenthaltsdauer	aufenthaltsdauer	aufenthaltsdauer	▁110
87	trigger	triggerbasieren	trigger	anweisung	trigger	▁142
88	identifikationswerten	identifikationswerten	identifikationswerten	identifikationswerten	identifikationswerten	▁62
89	▔ertrat<sos>	▔ertrat<sos>	▔ertrat<sos>	▔ertrat<sos>	▔ertrat<sos>	▁2
90	▔ertrat<sos>	startzeitpunkt	▔ertrat<sos>	bestand	▔ertrat<sos>	▁129
91	schlüsselzuordnungen	schlüsselzuordnungen	schlüsselzuordnungen	schlüsselzuordnungen	schlüsselzuordnungen	schlüsselzuordnungen
92	datenauswahl	datenauswahl	datenauswahl	datenauswahl	datenauswahl	datenauswahl
93	artikel	artikel	artikel	element	artikel	artikel
94	mindestwert	mindestwert	mindestwert	mindestwert	mindestwert	▁79
95	seitenpanel	seitenpanel	seitenpanel	seitenpanel	seitenpanel	seitenbereich
96	raum|räumen	bereich	raum|räumen	bereich	raum|räumen	▁125
97	speicherdun	bereich	speicherdun	bereich	speicherdun	▁125
98	zulassen	zulassen	zulassen	zulassen	zulassen	▁11
99	mindestwert	mindestwert	mindestwert	mindestwert	mindestwert	▁79
100	schnellaktion	schnellaktion	schnellaktion	schnellaktion	schnellaktion	▁8
101	schnellaktion	schnellaktion	schnellaktion	schnellaktion	schnellaktion	▁1
102	bedingung	bedingung	bedingung	bedingung	bedingung	bedingung
103	compliance	compliance	compliance	compliance	compliance	compliance
104	datenanbieter	datenanbieter	datenanbieter	datenanbieter	datenanbieter	datenanbieter
105	release	version	release	release	release	release
106	erstellungsassistent	erstellen	erstellungsassistent	erstellen	erstellungsassistent	anlegen
107	berechtigungstypen	klauseltyp	berechtigungstypen	typ|type|typus	berechtigungstypen	art
108	cloud	konnektorinstanzen	cloud	konnektor	cloud	konnektor
109	speicherplatz	bereich	speicherplatz	bereich	speicherplatz	▁125
110	zeitplan	zeitplan	zeitplan	zeitplan	zeitplan	zeitplan
111	änderung	änderung	änderung	änderung	änderung	änderung
112	ergebnis	ergebnis	ergebnis	ergebnis	ergebnis	▁26
113	dienstleistung	dienstleistung	dienstleistung	dienst	dienstleistung	dienst
114	datenanbieter	datenanbieter	datenanbieter	datenanbieter	datenanbieter	datenanbieter
115	zuwiesen	zuweisen	zuwiesen	zuweisen	zuwiesen	zuweisen
116	speicherbereich	bereich	speicherbereich	bereich	speicherbereich	▁125
117	erkenntnis	erkenntnis	erkenntnis	erkenntnis	erkenntnis	▁68
118	anlegen	erstellen	anlegen	erstellen	anlegen	anlegen
119	bereich	bereich	bereich	bereich	bereich	▁125
120	speicherressourcen	speicherressourcen	speicherressourcen	speicherressourcen	speicherressourcen	▁131
121	teilen	teil|teilen	teilen	freigeben	teilen	▁122
122	version	version	version	release	version	release
123	datenzugriffskontrollen	datenzugriffskontrollen	datenzugriffskontrollen	datenzugriffskontrollen	datenzugriffskontrollen	▁7
124	einschränkung	einschränkung	einschränkung	einschränkung	einschränkung	einschränkung
125	snapshot	snapshot	snapshot	snapshot	snapshot	snapshot
126	schnittstelle	schnittstelle	schnittstelle	schnittstelle	schnittstelle	schnittstelle
127	nachricht	nachricht	nachricht	nachricht	nachricht	nachricht
128	bereitstellung	bereitstellung	bereitstellung	bereitstellung	bereitstellung	▁39
129	datenanbieterprofil	datenanbieter	datenanbieterprofil	datenanbieter	datenanbieterprofil	datenanbieter
130	referenzdaten	referenzdaten	referenzdaten	referenzdaten	referenzdaten	▁101
131	bereitstellen	bereitstellung	bereitstellen	bereitstellung	bereitstellen	▁39
132	veröffentlichung	version	veröffentlichung	release	veröffentlichung	release
133	datenanbieter	datenanbieter	datenanbieter	datenanbieter	datenanbieter	datenanbieter
134	bereitstellung	bereitstellung	bereitstellung	bereitstellung	bereitstellung	▁39
135	datenupdat	datenupdat	datenupdat	aktualisierung	datenupdat	aktualisierung
136	fähigkeit	fähigkeit	fähigkeit	fähigkeit	fähigkeit	▁123
137	rückmeldung	rückmeldung	rückmeldung	rückmeldung	rückmeldung	▁51
138	datenanbieter	datenanbieter	datenanbieter	datenanbieter	datenanbieter	datenanbieter
139	einfügerecht	einfügerecht	einfügerecht	einfügerecht	einfügerecht	▁67
140	tabellenmonitor	tabellenmonitor	tabellenmonitor	tabelle	tabellenmonitor	tabelle
141	erkenntnis	erkenntnis	erkenntnis	erkenntnis	erkenntnis	▁68
142	bereitstellungsstatusen	bereitstellung	bereitstellungsstatusen	bereitstellung	bereitstellungsstatusen	▁39
143	bereich	bereich	bereich	bereich	bereich	▁125
144	personenbezogen datum	personenbezogen datum	personenbezogen datum	personenbezogen datum	personenbezogen datum	personenbezogen datum
145	arbeitsbereich	arbeitsbereich	arbeitsbereich	arbeitsbereich	arbeitsbereich	▁150
146	erstellen	erstellen	erstellen	erstellen	erstellen	anlegen
147	veröffentlichung	version	veröffentlichung	release	veröffentlichung	release
148	raum	bereich	raum	bereich	raum	▁125
149	geschäftlichen	geschäftlichen	geschäftlichen	geschäftlichen	geschäftlichen	▁22
150	verbrauchsmodell	verbrauchsmodell	verbrauchsmodell	verbrauchsmodell	verbrauchsmodell	verbrauchsmodell
151	problem	problem	problem	problem	problem	problem
152	verbrauchsmodell	verbrauchsmodell	verbrauchsmodell	verbrauchsmodell	verbrauchsmodell	verbrauchsmodell
153	bestand	startzeitpunkt	bestand	bestand	bestand	▁129
154	▔ertrat<sos>	▔ertrat<sos>	▔ertrat<sos>	▔ertrat<sos>	▔ertrat<sos>	▁81
155	bereitstellung	bereitstellung	bereitstellung	bereitstellung	bereitstellung	▁39
156	job	job	job	job	job	job
157	bereich	bereich	bereich	bereich	bereich	▁125
158	raumdaten	bereich	raumdaten	bereich	raumdaten	▁125
159	verfügbaren kapazität	verfügbaren kapazität	verfügbaren kapazität	verfügbaren kapazität	verfügbaren kapazität	▁19
160	vertrag	vertrag	vertrag	vertrag	vertrag	vertrag
161	verlängerungsen	verlängerungsen	verlängerungsen	verlängerungsen	verlängerungsen	▁106
162	datenanbieter	datenanbieter	datenanbieter	datenanbieter	datenanbieter	datenanbieter
163	bereich	bereich	bereich	bereich	bereich	▁125
164	speicherplatz	bereich	speicherplatz	bereich	speicherplatz	▁125
165	herstellen	erstellen	herstellen	erstellen	herstellen	anlegen
166	datenbeschränken	einschränkung	datenbeschränken	einschränkung	datenbeschränken	einschränkung
167	übertragen	übertragen	übertragen	übertragen	übertragen	übertragen
168	verlängerungsen	verlängerungsen	verlängerungsen	verlängerungsen	verlängerungsen	▁106
169	nutzungsmodellen	verbrauchsmodell	nutzungsmodellen	verbrauchsmodell	nutzungsmodellen	verbrauchsmodell
170	speicherplatz	bereich	speicherplatz	bereich	speicherplatz	▁125
171	tabellendienst	tabellendienst	tabellendienst	tabellendienst	tabellendienst	▁4
172	dienst	dienstleistung	dienst	dienst	dienst	dienst
173	verweisen	referenzdaten	verweisen	referenzdaten	verweisen	▁101
174	implementierungselemen	artikel	implementierungselemen	element	implementierungselemen	artikel
175	raumdaten	bereich	raumdaten	bereich	raumdaten	▁125
176	endbenutzer	endbenutzer	endbenutzer	endbenutzer	endbenutzer	endbenutzer
177	bi	bi	bi	bi	bi	▁34
178	grafischen ansicht	grafischen ansicht	grafischen ansicht	grafischen ansicht	grafischen ansicht	▁58
179	problem	problem	problem	problem	problem	problem
180	problembereich	problembereich	problembereich	lieferantenpaneln	problembereich	▁88
181	bucket	bucket	bucket	bucket	bucket	▁21
182	scripen	scripen	scripen	scripen	scripen	▁119
183	aktualisierung	datenupdat	aktualisierung	aktualisierung	aktualisierung	aktualisierung
184	nachricht	nachricht	nachricht	nachricht	nachricht	nachricht
185	bereich	bereich	bereich	bereich	bereich	▁125
186	▔ertrat<sos>	triggerbasieren	▔ertrat<sos>	anweisung	▔ertrat<sos>	▁142
187	seitenpanel	seitenpanel	seitenpanel	seitenpanel	seitenpanel	seitenbereich
188	erstellen	erstellen	erstellen	erstellen	erstellen	anlegen
189	typ|type|typus	klauseltyp	typ|type|typus	typ|type|typus	typ|type|typus	art
190	nachricht	nachricht	nachricht	nachricht	nachricht	nachricht
191	auftrag	auftrag	auftrag	auftrag	auftrag	auftrag
192	vorfall	vorfall	vorfall	vorfall	vorfall	▁64
193	sitzung	sitzung	sitzung	sitzung	sitzung	sitzung
194	zeitplan	zeitplan	zeitplan	zeitplan	zeitplan	zeitplan
195	dokument	dokument	dokument	dokument	dokument	▁44
196	zeitplan	zeitplan	zeitplan	zeitplan	zeitplan	zeitplan
197	diagramm	diagramm	diagramm	diagramm	diagramm	diagramm
198	veröffentlichung	version	veröffentlichung	release	veröffentlichung	release
199	statisch	klauseltyp	statisch	typ|type|typus	statisch	art
200	dokument	dokument	dokument	dokument	dokument	▁44
201	revision	revision	revision	revision	revision	▁112
202	datenanbieterprofil	datenanbieter	datenanbieterprofil	datenanbieter	datenanbieterprofil	datenanbieter
203	benachrichtigung	benachrichtigung	benachrichtigung	benachrichtigung	benachrichtigung	benachrichtigung
204	übertragen	übertragen	übertragen	übertragen	übertragen	übertragen
205	erstellen	erstellen	erstellen	erstellen	erstellen	anlegen
206	startseite	startseite	startseite	startseite	startseite	▁87
207	einschränkung	einschränkung	einschränkung	einschränkung	einschränkung	einschränkung
208	über	über	über	über	über	über
209	compliance	compliance	compliance	compliance	compliance	compliance
210	▔ertrat<sos>	▔ertrat<sos>	▔ertrat<sos>	tabellenansicht	▔ertrat<sos>	tabellenansicht
211	informationsabrufen	informationsabrufen	informationsabrufen	informationsabrufen	informationsabrufen	▁114
212	speichertyp	speichertyp	speichertyp	speichertyp	speichertyp	speichertyp
213	analyse	client	analyse	analyse	analyse	client
214	prüfung	prüfung	prüfung	prüfung	prüfung	prüfung
215	verbrauchsmodell	verbrauchsmodell	verbrauchsmodell	verbrauchsmodell	verbrauchsmodell	verbrauchsmodell
216	zeitplan	zeitplan	zeitplan	zeitplan	zeitplan	zeitplan
217	▔ertrat<sos>	anfrage	▔ertrat<sos>	abfrage	▔ertrat<sos>	abfrage
218	speicherort	bereich	speicherort	bereich	speicherort	▁125
219	aufgabe	aufgabe	aufgabe	aufgabe	aufgabe	▁15
220	warteschlange	warteschlange	warteschlange	warteschlange	warteschlange	warteschlange
221	umrecenuhunus	umrecenuhunus	umrecenuhunus	umrecenuhunus	umrecenuhunus	▁98
222	arbeitspaket	arbeitspaket	arbeitspaket	arbeitspaket	arbeitspaket	▁151
223	arbeitsaufgabentypen	klauseltyp	arbeitsaufgabentypen	typ|type|typus	arbeitsaufgabentypen	art
224	element	artikel	element	element	element	artikel
225	schnellaktion	schnellaktion	schnellaktion	schnellaktion	schnellaktion	▁8
226	schnellaktion	schnellaktion	schnellaktion	schnellaktion	schnellaktion	▁1
227	zeitplan	zeitplan	zeitplan	zeitplan	zeitplan	zeitplan
228	erstellen	erstellen	erstellen	erstellen	erstellen	anlegen
229	unternehmen	konzerninternen	unternehmen	intercompanyen	unternehmen	▁70
230	nutzungsdoten	nutzungsdoten	nutzungsdoten	nutzungsdoten	nutzungsdoten	▁146
231	produktionsauftragen	produktionsauftragen	produktionsauftragen	produktionsauftragen	produktionsauftragen	produktionsauftragen
232	produktionsauftragen	produktionsauftragen	produktionsauftragen	produktionsauftragen	produktionsauftragen	produktionsauftragen
233	dokumentstatusen	dokumentstatusen	dokumentstatusen	dokumentstatusen	dokumentstatusen	dokumentstatusen
234	termin	termin	termin	termin	termin	▁12
235	bereich	bereich	bereich	bereich	bereich	▁125
236	versandarten	klauseltyp	versandarten	typ|type|typus	versandarten	art
237	position	position	position	position	position	▁94
238	▔ertrat<sos>	▔ertrat<sos>	▔ertrat<sos>	laden	▔ertrat<sos>	▁76
239	fehlerbehebungsmoden	fehlerbehebungsmoden	fehlerbehebungsmoden	fehlerbehebungsmoden	fehlerbehebungsmoden	▁143
240	datenzugriffskontrollen	datenzugriffskontrollen	datenzugriffskontrollen	datenzugriffskontrollen	datenzugriffskontrollen	▁7
241	zurücksetzung	zurücksetzung	zurücksetzung	zurücksetzung	zurücksetzung	▁109
242	echtzeit	echtzeit	echtzeit	echtzeit	echtzeit	▁89
243	aktualisierung	aktualisierung	aktualisierung	aktualisieren	aktualisierung	▁103
244	akzeptieren	akzeptieren	akzeptieren	akzeptieren	akzeptieren	▁5
245	artikelablaufdatum	artikel	artikelablaufdatum	element	artikelablaufdatum	artikel
246	hinweis	hinweis	hinweis	hinweis	hinweis	▁42
247	anbieter	anbieter	anbieter	anbieter	anbieter	anbieter
248	aufgabe	aufgabe	aufgabe	aufgabe	aufgabe	aufgabe
249	verarbeitung	verarbeitung	verarbeitung	verarbeitung	verarbeitung	verarbeitung
250	tollensammlung	tollensammlung	tollensammlung	tollensammlung	tollensammlung	▁30
251	icon	icon	icon	icon	icon	▁61
252	standardmäßig	standardmäßig	standardmäßig	standardmäßig	standardmäßig	▁36
253	verkauf	verkauf	verkauf	verkauf	verkauf	verkauf
254	verkauf	verkauf	verkauf	verkauf	verkauf	verkauf
255	einfügezuweisungen	aufgabe	einfügezuweisungen	aufgabe	einfügezuweisungen	▁15
256	dokument	dokument	dokument	dokument	dokument	▁44
257	zahlungsmethodentegen	zahlungsmethodentegen	zahlungsmethodentegen	zahlungsmethodentegen	zahlungsmethodentegen	▁92
258	aufteilungskriteriumen	aufteilungskriteriumen	aufteilungskriteriumen	aufteilungskriteriumen	aufteilungskriteriumen	▁126
259	materialgruppe	materialgruppe	materialgruppe	materialgruppe	materialgruppe	materialgruppe
260	personenbezogen datum	personenbezogen datum	personenbezogen datum	personenbezogen datum	personenbezogen datum	personenbezogen datum
261	bericht	berichtszeitraum	bericht	bericht	bericht	bericht
262	überprüfen	prüfung	überprüfen	prüfung	überprüfen	prüfung
263	compliance	compliance	compliance	compliance	compliance	compliance
264	ausgabetyp	ausgabetyp	ausgabetyp	ausgabetyp	ausgabetyp	▁118
265	sequenz	sequenz	sequenz	sequenz	sequenz	▁120
266	erstellen	erstellen	erstellen	erstellen	erstellen	anlegen
267	abbrechen	abbrechen	abbrechen	abbrechen	abbrechen	▁25
268	unterschied	unterschied	unterschied	unterschied	unterschied	▁41
269	routing	informationsabrufen	routing	informationsabrufen	routing	▁114
270	benachrichtigung	benachrichtigung	benachrichtigung	benachrichtigung	benachrichtigung	benachrichtigung
271	überprüfung	überprüfung	überprüfung	überprüfung	überprüfung	▁149
272	folgend	folgend	folgend	folgend	folgend	▁55
273	aktion	schnellaktion	aktion	schnellaktion	aktion	▁8
274	aktion	schnellaktion	aktion	schnellaktion	aktion	▁1
275	hochladen	hochladen	hochladen	hochladen	hochladen	▁145
276	wartungsplaner	wartungsplaner	wartungsplaner	wartungsplaner	wartungsplaner	▁78
277	zeitplan	zeitplan	zeitplan	zeitplan	zeitplan	zeitplan
278	freigeben	teil|teilen	freigeben	freigeben	freigeben	▁122
279	▔ertrat<sos>	▔ertrat<sos>	▔ertrat<sos>	rbereinstimmungsprozentsatzen	▔ertrat<sos>	▁93
280	zuweisen	zuweisen	zuweisen	zuweisen	zuweisen	zuweisen
281	compliance	compliance	compliance	compliance	compliance	compliance
282	merkmalswerten	merkmalswerten	merkmalswerten	merkmalswerten	merkmalswerten	▁147
283	erstellen	erstellen	erstellen	erstellen	erstellen	anlegen
284	verlaufsspeicherfristen	versionshistorei	verlaufsspeicherfristen	verlauf	verlaufsspeicherfristen	verlauf
285	aufbewahrungsfrist	aufbewahrungsfrist	aufbewahrungsfrist	aufbewahrungsfrist	aufbewahrungsfrist	▁111
286	▔ertrat<sos>	artikel	▔ertrat<sos>	element	▔ertrat<sos>	artikel
287	▔ertrat<sos>	erstellen	▔ertrat<sos>	erstellen	▔ertrat<sos>	anlegen
288	zahlungsbenachrichtigehen	zahlungsbenachrichtigehen	zahlungsbenachrichtigehen	zahlungsbenachrichtigehen	zahlungsbenachrichtigehen	▁90
289	folgend	folgend	folgend	folgend	folgend	▁55
290	dialog	dialog	dialog	dialog	dialog	▁40
291	vertrag	vertrag	vertrag	vertrag	vertrag	vertrag
292	bericht	berichtszeitraum	bericht	bericht	bericht	bericht
293	datenpunkt	datenpunkt	datenpunkt	datenpunkt	datenpunkt	datenpunkt
294	seitenbereich	seitenpanel	seitenbereich	seitenpanel	seitenbereich	seitenbereich
295	speicherplatz	bereich	speicherplatz	bereich	speicherplatz	▁125
296	anfragezeitraum	anfragezeitraum	anfragezeitraum	anfragezeitraum	anfragezeitraum	▁57
297	store	store	store	store	store	▁132
298	bereitstellung	bereitstellung	bereitstellung	bereitstellung	bereitstellung	▁39
299	▔ertrat<sos>	erstellen	▔ertrat<sos>	erstellen	▔ertrat<sos>	anlegen
300	testplantyp	klauseltyp	testplantyp	typ|type|typus	testplantyp	art
301	raum|räumen	bereich	raum|räumen	bereich	raum|räumen	▁125
302	verknüpfung	verknüpfung	verknüpfung	entität	verknüpfung	▁16
303	bereich	bereich	bereich	bereich	bereich	▁125
304	erstellen	erstellen	erstellen	erstellen	erstellen	anlegen
305	vermögenswert	vermögenswert	vermögenswert	element	vermögenswert	vermögenswert
306	bereinigungseintragen	bereinigungseintragen	bereinigungseintragen	bereinigungseintragen	bereinigungseintragen	▁28
307	regelung	regelung	regelung	regelung	regelung	▁104
308	änderungsdokument	änderungsdokument	änderungsdokument	änderungsdokument	änderungsdokument	▁27
309	art	klauseltyp	art	typ|type|typus	art	art
310	erstell	erstellen	erstell	erstellen	erstell	anlegen
311	compliance	compliance	compliance	compliance	compliance	compliance
312	kategorie	ergebnis	kategorie	ergebnis	kategorie	▁26
313	datenzugriffskontrollen	datenzugriffskontrollen	datenzugriffskontrollen	datenzugriffskontrollen	datenzugriffskontrollen	▁7
314	benachrichtigung	benachrichtigung	benachrichtigung	benachrichtigung	benachrichtigung	benachrichtigung
315	▔ertrat<sos>	erstellen	▔ertrat<sos>	erstellen	▔ertrat<sos>	anlegen
316	speicherplatz	bereich	speicherplatz	bereich	speicherplatz	▁125
317	dokument	dokument	dokument	dokument	dokument	▁44
318	anfrage	anfrage	anfrage	anfrage	anfrage	▁107
319	grupperungsregeln	grupperungsregeln	grupperungsregeln	grupperungsregeln	grupperungsregeln	▁60
320	vornehmen	vornehmen	vornehmen	vornehmen	vornehmen	▁49
321	vermögensgegenstand	vermögenswert	vermögensgegenstand	element	vermögensgegenstand	vermögenswert
322	aufgabe	aufgabe	aufgabe	aufgabe	aufgabe	▁15
323	anforderung	anforderung	anforderung	anforderung	anforderung	anforderung
324	kommentar	kommentar	kommentar	kommentar	kommentar	▁31
325	verfahren	verfahren	verfahren	losgrößenverfahren	verfahren	verfahren
326	erstellung	erstellen	erstellung	erstellen	erstellung	anlegen
327	kostenelement	kostenelement	kostenelement	kostenelement	kostenelement	▁33
328	ticket	problem	ticket	problem	ticket	problem
329	abfrage	anfrage	abfrage	abfrage	abfrage	abfrage
330	arbeitsablauf	arbeitsablauf	arbeitsablauf	arbeitsablauf	arbeitsablauf	▁152
331	erstellen	erstellen	erstellen	erstellen	erstellen	anlegen
332	bereich	bereich	bereich	bereich	bereich	▁117
333	speicherplatz	bereich	speicherplatz	bereich	speicherplatz	▁125
334	mandant	mandant	mandant	mandant	mandant	mandant
335	status	status	status	status	status	status
336	phase	phase	phase	phase	phase	▁128
337	datenquellen	datenquellen	datenquellen	datenquellen	datenquellen	▁124
338	verpackungsebene	verpackungsebene	verpackungsebene	level	verpackungsebene	▁74
339	erstell	erstellen	erstell	erstellen	erstell	anlegen
340	mapping	mapping	mapping	zuordnung	mapping	zuordnung
341	standort	standort	standort	standort	standort	standort
342	klassifizierung	klassifizierung	klassifizierung	klassifizierung	klassifizierung	klassifizierung
343	planungsabkommen	planungsabkommen	planungsabkommen	dokumententyp	planungsabkommen	▁46
344	begriff	begriff	begriff	begriff	begriff	▁137
345	erstellen	erstellen	erstellen	erstellen	erstellen	anlegen
346	zeitplan	zeitplan	zeitplan	zeitplan	zeitplan	zeitplan
347	release	version	release	release	release	release
348	limit	limit	limit	limit	limit	▁75
349	group	group	group	group	group	group
350	group	group	group	group	group	▁59
351	einkommen	einkommen	einkommen	einkommen	einkommen	▁65
352	datenzugriffskontrollen	datenzugriffskontrollen	datenzugriffskontrollen	datenzugriffskontrollen	datenzugriffskontrollen	▁7
353	bereich	bereich	bereich	bereich	bereich	▁125
354	einschränkung	einschränkung	einschränkung	einschränkung	einschränkung	einschränkung
355	element	artikel	element	element	element	artikel
356	zeitplan	zeitplan	zeitplan	zeitplan	zeitplan	zeitplan
357	besitzer	besitzer	besitzer	besitzer	besitzer	▁86
358	sequenz	sequenz	sequenz	sequenz	sequenz	▁120
359	gemeinschaftsunternehmen	gemeinschaftsunternehmen	gemeinschaftsunternehmen	gemeinschaftsunternehmen	gemeinschaftsunternehmen	▁72
360	buchhaltung	buchhaltung	buchhaltung	buchhaltung	buchhaltung	▁0
361	laden	▔ertrat<sos>	laden	laden	laden	▁76
362	vorlage	vorlage	vorlage	dokumentvorlage	vorlage	vorlage
363	batch	batch	batch	batch	batch	batch
364	sitzung	sitzung	sitzung	sitzung	sitzung	▁24
365	typ|type|typus	klauseltyp	typ|type|typus	typ|type|typus	typ|type|typus	art
366	projektmanager	projektmanager	projektmanager	projektmanager	projektmanager	▁99
367	verlangen	verlangen	verlangen	anfordern	verlangen	▁108
368	dokumentklasse	dokumentklasse	dokumentklasse	dokumentklasse	dokumentklasse	▁45
369	auswählen	auswählen	auswählen	auswählen	auswählen	auswählen
370	schnellaktion	schnellaktion	schnellaktion	schnellaktion	schnellaktion	▁8
371	schnellaktion	schnellaktion	schnellaktion	schnellaktion	schnellaktion	▁1
372	veraltet	veraltet	veraltet	veraltet	veraltet	▁82
373	freigabe	version	freigabe	release	freigabe	release
374	audit	audit	audit	audit	audit	audit
375	▔ertrat<sos>	▔ertrat<sos>	▔ertrat<sos>	▔ertrat<sos>	▔ertrat<sos>	▁140
376	anwenden	anwenden	anwenden	anwenden	anwenden	anwenden
377	bereich	bereich	bereich	bereich	bereich	▁125
378	abschnitt	nbereinstimmungsschwellen	abschnitt	abschnitt	abschnitt	abschnitt
379	operation	operation	operation	operation	operation	▁84
380	dokumentvorlage	vorlage	dokumentvorlage	dokumentvorlage	dokumentvorlage	vorlage
381	hauptkontaktindikator	hauptkontaktindikator	hauptkontaktindikator	hauptkontaktindikator	hauptkontaktindikator	▁96
382	meldung	nachricht	meldung	nachricht	meldung	nachricht
383	übertragung	übertragen	übertragung	übertragen	übertragung	übertragen
384	überprüfung	prüfung	überprüfung	prüfung	überprüfung	prüfung
385	compliance	compliance	compliance	compliance	compliance	compliance
386	ausführen	ausführen	ausführen	ausführen	ausführen	▁115
387	mindestbetragen	mindestbetragen	mindestbetragen	mindestbetragen	mindestbetragen	▁141
388	maßeinheit	maßeinheit	maßeinheit	maßeinheit	maßeinheit	▁144
389	projektmanager	projektmanager	projektmanager	projektmanager	projektmanager	▁99
390	anfordern	verlangen	anfordern	anfordern	anfordern	▁108
391	bearbeiten	bearbeiten	bearbeiten	bearbeiten	bearbeiten	▁127
392	konnektivität	konnektivität	konnektivität	konnektivität	konnektivität	konnektivität
393	öffnen	öffnen	öffnen	öffnen	öffnen	▁83
394	erstellen	erstellen	erstellen	erstellen	erstellen	anlegen
395	raum	bereich	raum	bereich	raum	▁125
396	geschäftsbenutzer	geschäftsbenutzer	geschäftsbenutzer	geschäftsbenutzer	geschäftsbenutzer	geschäftsbenutzer
397	standort	standort	standort	standort	standort	standort
398	zahlungsdaten	zahlungsdaten	zahlungsdaten	zahlungsdaten	zahlungsdaten	▁91
399	verbrauchsmodellen	verbrauchsmodell	verbrauchsmodellen	verbrauchsmodell	verbrauchsmodellen	verbrauchsmodell
400	dokument	dokument	dokument	dokument	dokument	▁44
401	erstellen	erstellen	erstellen	erstellen	erstellen	anlegen
402	massentransfer	übertragen	massentransfer	übertragen	massentransfer	übertragen
403	scopen	bereich	scopen	bereich	scopen	▁117
404	datentyp	klauseltyp	datentyp	typ|type|typus	datentyp	art
405	eigenschaftsinformation	eigenschaftsinformation	eigenschaftsinformation	eigenschaftsinformation	eigenschaftsinformation	▁100
406	zeitplan	zeitplan	zeitplan	zeitplan	zeitplan	zeitplan
407	abfrage	anfrage	abfrage	abfrage	abfrage	abfrage
408	entität	verknüpfung	entität	entität	entität	▁16
409	batch	batch	batch	batch	batch	batch
410	verlauf	versionshistorei	verlauf	verlauf	verlauf	verlauf
411	berichtsaufgaben	berichtszeitraum	berichtsaufgaben	bericht	berichtsaufgaben	bericht
412	geschäftsname	aussagekräftigen bezeichnung	geschäftsname	aussagekräftigen bezeichnung	geschäftsname	▁23
413	erstellen	erstellen	erstellen	erstellen	erstellen	anlegen
414	service	dienstleistung	service	dienst	service	dienst
415	audit	audit	audit	audit	audit	audit
416	szenarienen	szenarienen	szenarienen	szenarienen	szenarienen	▁116
417	element	artikel	element	element	element	artikel
418	anzeigen	anzeigen	anzeigen	anzeigen	anzeigen	▁43
419	dokumententyp	planungsabkommen	dokumententyp	dokumententyp	dokumententyp	▁46
420	bericht	berichtszeitraum	bericht	bericht	bericht	bericht
421	paket	paket	paket	paket	paket	paket
422	zugriff	zugriff	zugriff	zugriff	zugriff	zugriff
423	herkunft	herkunft	herkunft	herkunft	herkunft	▁85
424	vorhersage	vorhersage	vorhersage	vorhersage	vorhersage	▁56
425	element	vermögenswert	element	element	element	vermögenswert
426	aktivätsindikatoren	hauptindikator	aktivätsindikatoren	aktivätsindikatoren	aktivätsindikatoren	▁66
427	merkmal	merkmal	merkmal	merkmal	merkmal	▁102
428	dokument	dokument	dokument	dokument	dokument	▁44
429	arbeitspaket	arbeitspaket	arbeitspaket	arbeitspaket	arbeitspaket	▁151
430	erstellen	erstellen	erstellen	erstellen	erstellen	anlegen
431	artikel	artikel	artikel	element	artikel	artikel
432	zeitrahmen	zeitrahmen	zeitrahmen	zeitrahmen	zeitrahmen	▁139
433	panel	problembereich	panel	lieferantenpaneln	panel	▁88
434	einrichtung	einrichtung	einrichtung	einrichtung	einrichtung	▁50
435	attributtyp	attributtyp	attributtyp	attributtyp	attributtyp	▁18
436	berechtigung	berechtigung	berechtigung	berechtigung	berechtigung	▁47
437	schicht	datenebenobjekten	schicht	datenebenobjekten	schicht	▁73
438	elementwert	artikel	elementwert	element	elementwert	artikel
439	konnektor	konnektorinstanzen	konnektor	konnektor	konnektor	konnektor
440	paket	paket	paket	paket	paket	paket
441	x	nachricht	x	nachricht	x	nachricht
442	systemmeldung	nachricht	systemmeldung	nachricht	systemmeldung	nachricht
443	verarbeit	verarbeit	verarbeit	prozeß	verarbeit	▁97
444	auftragsabwicklingen	auftrag	auftragsabwicklingen	auftrag	auftragsabwicklingen	auftrag
445	kberwachungsliste	kberwachungsliste	kberwachungsliste	kberwachungsliste	kberwachungsliste	▁80
446	einschränkung	einschränkung	einschränkung	einschränkung	einschränkung	einschränkung
447	erstellen	erstellen	erstellen	erstellen	erstellen	anlegen
448	hierarchietypen	klauseltyp	hierarchietypen	typ|type|typus	hierarchietypen	art
449	aktivieren	aktivieren	aktivieren	aktivieren	aktivieren	▁54
450	rohmaterial	rohmaterial	rohmaterial	rohmaterial	rohmaterial	rohmaterial
451	konformitätsbewertungen	konformitätsbewertungen	konformitätsbewertungen	konformitätsbewertungen	konformitätsbewertungen	▁14
452	konformitätsbewertungen	konformitätsbewertungen	konformitätsbewertungen	konformitätsbewertungen	konformitätsbewertungen	▁32
453	verarbeitungsprozen	verarbeitung	verarbeitungsprozen	verarbeitung	verarbeitungsprozen	verarbeitung
454	interaktion	interaktion	interaktion	interaktion	interaktion	▁69
455	release	version	release	release	release	release
456	lieferantenrechnen	lieferantenrechnen	lieferantenrechnen	lieferantenrechnen	lieferantenrechnen	▁148
457	intercompanyen	konzerninternen	intercompanyen	intercompanyen	intercompanyen	▁70
458	erstellen	erstellen	erstellen	erstellen	erstellen	anlegen
459	personenbezogen datum	personenbezogen datum	personenbezogen datum	personenbezogen datum	personenbezogen datum	personenbezogen datum
460	beziehung	beziehung	beziehung	beziehung	beziehung	▁105
461	tabellenansicht	▔ertrat<sos>	tabellenansicht	tabellenansicht	tabellenansicht	tabellenansicht
462	import	import	import	import	import	▁63
463	hinweis	hinweis	hinweis	hinweis	hinweis	hinweis
464	übernehmen	anwenden	übernehmen	anwenden	übernehmen	anwenden
465	agent	agent	agent	agent	agent	agent
466	aussetzungen	aussetzungen	aussetzungen	aussetzungen	aussetzungen	▁136
467	allokationsschreiten	speicherallokation	allokationsschreiten	allokationsschreiten	allokationsschreiten	▁10
468	anhangstyp	anhangstyp	anhangstyp	anhang	anhangstyp	▁17
469	bestellkarte	auftrag	bestellkarte	auftrag	bestellkarte	auftrag
470	abonnement	abonnement	abonnement	abonnement	abonnement	▁133
471	vertrag	vertrag	vertrag	vertrag	vertrag	vertrag
472	klassifizierung	klassifizierung	klassifizierung	klassifizierung	klassifizierung	klassifizierung
473	kunde	kunde	kunde	kunde	kunde	▁35
474	merkmal	merkmal	merkmal	merkmal	merkmal	merkmal
475	beend	beend	beend	beend	beend	▁138
476	level	verpackungsebene	level	level	level	▁74
477	speicherplatz	bereich	speicherplatz	bereich	speicherplatz	▁125
478	typ	klauseltyp	typ	typ|type|typus	typ	art
479	zeitplan	zeitplan	zeitplan	zeitplan	zeitplan	zeitplan
480	formatzuordnehen	mapping	formatzuordnehen	zuordnung	formatzuordnehen	zuordnung
481	betrieb	betrieb	betrieb	betrieb	betrieb	betrieb
482	lieferantenpaneln	problembereich	lieferantenpaneln	lieferantenpaneln	lieferantenpaneln	▁88
483	aufbewahrungszeitraumen	aufbewahrungsfrist	aufbewahrungszeitraumen	aufbewahrungsfrist	aufbewahrungszeitraumen	▁111
484	zuordnung	mapping	zuordnung	zuordnung	zuordnung	zuordnung
485	anforderung	anforderung	anforderung	anforderung	anforderung	anforderung
486	benachrichtigung	benachrichtigung	benachrichtigung	benachrichtigung	benachrichtigung	benachrichtigung
487	aktualisieren	aktualisierung	aktualisieren	aktualisieren	aktualisieren	▁103
488	berechnungsschreiten	berechnungsschreiten	berechnungsschreiten	berechnungsschreiten	berechnungsschreiten	▁130
489	datenanbieter	datenanbieter	datenanbieter	datenanbieter	datenanbieter	datenanbieter
490	zeitplan	zeitplan	zeitplan	zeitplan	zeitplan	zeitplan
491	seitenleisten	seitenpanel	seitenleisten	seitenpanel	seitenleisten	seitenbereich
492	regeltyp	klauseltyp	regeltyp	typ|type|typus	regeltyp	art
493	konzernintern	konzerninternen	konzernintern	intercompanyen	konzernintern	▁70
494	bewertungstypen	bewertungstypen	bewertungstypen	bewertungstypen	bewertungstypen	▁48
495	bestellung	auftrag	bestellung	auftrag	bestellung	auftrag
496	festgelegt	festgelegt	festgelegt	festgelegt	festgelegt	▁53
497	abonnement	abonnement	abonnement	abonnement	abonnement	abonnement
498	wählen	auswählen	wählen	auswählen	wählen	auswählen
499	erstellen	erstellen	erstellen	erstellen	erstellen	anlegen
500	standardwerten	standardwerten	standardwerten	standardwerten	standardwerten	▁37
501	artikel	artikel	artikel	element	artikel	artikel
502	bericht	berichtszeitraum	bericht	bericht	bericht	bericht
503	losgrößenverfahren	verfahren	losgrößenverfahren	losgrößenverfahren	losgrößenverfahren	verfahren
504	aufgabe	aufgabe	aufgabe	aufgabe	aufgabe	aufgabe
505	zuordnungsdatei	mapping	zuordnungsdatei	zuordnung	zuordnungsdatei	zuordnung
506	funktionsumfang	bereich	funktionsumfang	bereich	funktionsumfang	▁117
507	aufgabe	aufgabe	aufgabe	aufgabe	aufgabe	▁15
508	prozeß	verarbeit	prozeß	prozeß	prozeß	▁97
509	funktionsumfangbeschreiben	bereich	funktionsumfangbeschreiben	bereich	funktionsumfangbeschreiben	▁117
510	verbrauchsmodellen	verbrauchsmodell	verbrauchsmodellen	verbrauchsmodell	verbrauchsmodellen	verbrauchsmodell
511	anfrage	anfrage	anfrage	anfrage	anfrage	▁107
512	substitution	substitution	substitution	ersatz	substitution	ersetzung
513	compliance	compliance	compliance	compliance	compliance	compliance
514	finanzbericht	finanzbericht	finanzbericht	finanzbericht	finanzbericht	▁52
515	rechnungsübersichten	zusammenfassung	rechnungsübersichten	rechnungsübersichten	rechnungsübersichten	▁134
516	anmeldeinformation	anmeldeinformation	anmeldeinformation	anmeldeinformation	anmeldeinformation	▁121
517	ersatz	substitution	ersatz	ersatz	ersatz	ersetzung
518	bericht	berichtszeitraum	bericht	bericht	bericht	bericht
519	erstellen	erstellen	erstellen	erstellen	erstellen	anlegen
520	ersetzung	substitution	ersetzung	ersatz	ersetzung	ersetzung
521	report	berichtszeitraum	report	bericht	report	bericht
522	alert	alert	alert	alert	alert	▁9
523	anhang	anhangstyp	anhang	anhang	anhang	▁17
524	kunde	kunde	kunde	kunde	kunde	▁35
525	aufgabe	aufgabe	aufgabe	aufgabe	aufgabe	aufgabe
526	beispielabfragen	anfrage	beispielabfragen	abfrage	beispielabfragen	abfrage
527	einkaufsauftragen	auftrag	einkaufsauftragen	auftrag	einkaufsauftragen	auftrag
528	teammitglied	teammitglied	teammitglied	teammitglied	teammitglied	teammitglied
529	einrichtungsdaten	einrichtung	einrichtungsdaten	einrichtung	einrichtungsdaten	▁50
530	protokoll	protokoll	protokoll	protokoll	protokoll	▁77
531	meldungsänderungsprotokoll	nachricht	meldungsänderungsprotokoll	nachricht	meldungsänderungsprotokoll	nachricht
532	level	verpackungsebene	level	level	level	▁74
533	nachricht	nachricht	nachricht	nachricht	nachricht	nachricht
534	zuordnung	mapping	zuordnung	zuordnung	zuordnung	zuordnung
535	abschließen	abschließen	abschließen	abschließen	abschließen	abschließen
536	tabelle	tabellenmonitor	tabelle	tabelle	tabelle	tabelle
537	einschränkung	einschränkung	einschränkung	einschränkung	einschränkung	einschränkung
538	anforderung	anforderung	anforderung	anforderung	anforderung	anforderung
539	element	artikel	element	element	element	artikel
540	verwaltung	verwaltung	verwaltung	verwaltung	verwaltung	verwaltung
541	rbereinstimmungsprozentsatzen	▔ertrat<sos>	rbereinstimmungsprozentsatzen	rbereinstimmungsprozentsatzen	rbereinstimmungsprozentsatzen	▁93
542	zusammenarbeit	zusammenarbeit	zusammenarbeit	zusammenarbeit	zusammenarbeit	▁29
