	tgt	pseudoref_first	tgt	pseudoref_frequent	tgt	pseudoref_predefined
0	raum	raum	raum	bereich	raum	space
1	speicherressourcen	speicherressourcen	speicherressourcen	speicherressourcen	speicherressourcen	▁121
2	teil|teilen	teil|teilen	teil|teilen	teilen	teil|teilen	teilen
3	einschränkung	einschränkung	einschränkung	einschränkung	einschränkung	einschränkung
4	erstellen	erstellen	erstellen	erstellen	erstellen	erstellen
5	verantwortungsbereich	verantwortungsbereich	verantwortungsbereich	verantwortungsbereich	verantwortungsbereich	▁11
6	triggerbasieren	triggerbasieren	triggerbasieren	anweisung	triggerbasieren	auslöser
7	connector	connector	connector	anschlussstecker	connector	▁31
8	kunde	kunde	kunde	kunde	kunde	▁34
9	lieferant	lieferant	lieferant	lieferant	lieferant	▁125
10	bedarfsgesteuern	bedarfsgesteuern	bedarfsgesteuern	bedarfsgesteuern	bedarfsgesteuern	▁37
11	erstellen	erstellen	erstellen	erstellen	erstellen	erstellen
12	seitenpanel	seitenpanel	seitenpanel	seitenleisten	seitenpanel	seitenbereich
13	hauptindikator	hauptindikator	hauptindikator	aktitätsanzeigern	hauptindikator	▁64
14	abfrage	abfrage	abfrage	abfrage	abfrage	abfrage
15	anbieter	anbieter	anbieter	anbieter	anbieter	anbieter
16	bereich	raum	bereich	bereich	bereich	space
17	konzerninternen	konzerninternen	konzerninternen	intercompanyen	konzerninternen	▁68
18	versionshistorei	versionshistorei	versionshistorei	historie	versionshistorei	▁58
19	versionshistorei	versionshistorei	versionshistorei	veröffentlichung	versionshistorei	freigabe
20	datenanbieter	datenanbieter	datenanbieter	datenanbieter	datenanbieter	datenanbieter
21	datenzugriffskontrollen	datenzugriffskontrollen	datenzugriffskontrollen	datenzugriffskontrollen	datenzugriffskontrollen	zugriffskontrolle
22	datenprovider	datenanbieter	datenprovider	datenanbieter	datenprovider	datenanbieter
23	abschnitt	abschnitt	abschnitt	abschnitt	abschnitt	abschnitt
24	anbieter	anbieter	anbieter	anbieter	anbieter	anbieter
25	anbieter	anbieter	anbieter	anbieter	anbieter	anbieter
26	version	versionshistorei	version	veröffentlichung	version	freigabe
27	zuweisen	zuweisen	zuweisen	zuweisen	zuweisen	zuweisen
28	speicherkontingent	speicherressourcen	speicherkontingent	speicherressourcen	speicherkontingent	▁121
29	speicherplatz	raum	speicherplatz	bereich	speicherplatz	space
30	zeitraum	zeitraum	zeitraum	zeitperiode	zeitraum	zeitraum
31	datenanbieterprofil	datenanbieter	datenanbieterprofil	datenanbieter	datenanbieterprofil	datenanbieter
32	erstellen	erstellen	erstellen	erstellen	erstellen	erstellen
33	datenanbieters	datenanbieter	datenanbieters	datenanbieter	datenanbieters	datenanbieter
34	space	raum	space	bereich	space	space
35	datenanbieter	datenanbieter	datenanbieter	datenanbieter	datenanbieter	datenanbieter
36	verbrauchsmodell	verbrauchsmodell	verbrauchsmodell	verbrauchsmodell	verbrauchsmodell	verbrauchsmodell
37	referenzmenge	referenzmenge	referenzmenge	referenzmenge	referenzmenge	referenzmenge
38	zeitperiode	zeitraum	zeitperiode	zeitperiode	zeitperiode	zeitraum
39	stammverzeichnen	stammverzeichnen	stammverzeichnen	stammverzeichnen	stammverzeichnen	▁107
40	klauselart	klauselart	klauselart	typ|type|typus	klauselart	typ
41	annahme	annahme	annahme	annahme	annahme	▁5
42	bereich	raum	bereich	bereich	bereich	space
43	revision	revision	revision	revision	revision	▁106
44	datenprovidern	datenanbieter	datenprovidern	datenanbieter	datenprovidern	datenanbieter
45	startzeitpunkt	startzeitpunkt	startzeitpunkt	startdatum	startzeitpunkt	▁119
46	preisdatum	preisdatum	preisdatum	preisdatum	preisdatum	▁91
47	datenebene	datenebene	datenebene	datenebene	datenebene	▁72
48	erstellen	erstellen	erstellen	erstellen	erstellen	erstellen
49	raum	raum	raum	bereich	raum	space
50	skalentyp	klauselart	skalentyp	typ|type|typus	skalentyp	typ
51	zeitplan	zeitplan	zeitplan	zeitplan	zeitplan	zeitplan
52	zusammenfassung	zusammenfassung	zusammenfassung	rechnungsübersichten	zusammenfassung	▁124
53	bereich	raum	bereich	bereich	bereich	space
54	berichtszeitraum	berichtszeitraum	berichtszeitraum	bericht	berichtszeitraum	bericht
55	verbrauchsmodell	verbrauchsmodell	verbrauchsmodell	verbrauchsmodell	verbrauchsmodell	verbrauchsmodell
56	anweisung	triggerbasieren	anweisung	anweisung	anweisung	auslöser
57	auftrag	auftrag	auftrag	auftrag	auftrag	auftrag
58	client	client	client	client	client	client
59	zeitintervall	zeitintervall	zeitintervall	zeitintervall	zeitintervall	▁69
60	bereich	raum	bereich	bereich	bereich	space
61	erstellen	erstellen	erstellen	erstellen	erstellen	erstellen
62	aufgabenprotokoll	aufgabenprotokoll	aufgabenprotokoll	aufgabenprotokoll	aufgabenprotokoll	aufgabenprotokoll
63	anbieter	anbieter	anbieter	anbieter	anbieter	anbieter
64	connectoren	connector	connectoren	anschlussstecker	connectoren	▁31
65	veröffentlichung	versionshistorei	veröffentlichung	veröffentlichung	veröffentlichung	freigabe
66	qualifikation	qualifikation	qualifikation	fähigkeit	qualifikation	qualifikation
67	anbieter	anbieter	anbieter	anbieter	anbieter	anbieter
68	datenanbieterprofil	datenanbieter	datenanbieterprofil	datenanbieter	datenanbieterprofil	datenanbieter
69	menü	menü	menü	menü	menü	menü
70	speicherallokation	speicherallokation	speicherallokation	allokationsschreiten	speicherallokation	▁7
71	datenanbieter	datenanbieter	datenanbieter	datenanbieter	datenanbieter	datenanbieter
72	version	versionshistorei	version	veröffentlichung	version	freigabe
73	nachricht	nachricht	nachricht	nachricht	nachricht	nachricht
74	speicherplatz	raum	speicherplatz	bereich	speicherplatz	space
75	endbenutzer	endbenutzer	endbenutzer	endbenutzer	endbenutzer	endbenutzer
76	datenanbieter	datenanbieter	datenanbieter	datenanbieter	datenanbieter	datenanbieter
77	datenanbieters	datenanbieter	datenanbieters	datenanbieter	datenanbieters	datenanbieter
78	erstellen	erstellen	erstellen	erstellen	erstellen	erstellen
79	erstellen	erstellen	erstellen	erstellen	erstellen	erstellen
80	speicherplatz	raum	speicherplatz	bereich	speicherplatz	space
81	klickpfad	klickpfad	klickpfad	klickpfad	klickpfad	klickpfad
82	anbieter	anbieter	anbieter	anbieter	anbieter	anbieter
83	vorfall	vorfall	vorfall	vorfall	vorfall	▁62
84	geschäftsbezeichningen	geschäftsbezeichningen	geschäftsbezeichningen	geschäftsbezeichningen	geschäftsbezeichningen	▁20
85	arbeitsbereich	arbeitsbereich	arbeitsbereich	arbeitsbereich	arbeitsbereich	arbeitsplatz
86	aufenthaltszeitraumen	aufenthaltszeitraumen	aufenthaltszeitraumen	aufenthaltszeitraumen	aufenthaltszeitraumen	▁104
87	auslöser	triggerbasieren	auslöser	anweisung	auslöser	auslöser
88	identifikationswerten	identifikationswerten	identifikationswerten	identifikationswerten	identifikationswerten	▁60
89	identifikationswerten	identifikationswerten	identifikationswerten	identifikationswerten	identifikationswerten	▁1
90	startdatum	startzeitpunkt	startdatum	startdatum	startdatum	▁119
91	schlüsselzuordnungen	schlüsselzuordnungen	schlüsselzuordnungen	schlüsselzuordnungen	schlüsselzuordnungen	schlüsselzuordnungen
92	datenauswahl	datenauswahl	datenauswahl	datenauswahl	datenauswahl	datenauswahl
93	elementetabell	elementetabell	elementetabell	element	elementetabell	artikel
94	mindestwert	mindestwert	mindestwert	mindestwert	mindestwert	▁77
95	seitenpanel	seitenpanel	seitenpanel	seitenleisten	seitenpanel	seitenbereich
96	space	raum	space	bereich	space	space
97	raumdaten	raum	raumdaten	bereich	raumdaten	space
98	zulassen	zulassen	zulassen	zulassen	zulassen	▁8
99	minimalen score	mindestwert	minimalen score	mindestwert	minimalen score	▁77
100	aktion	aktion	aktion	aktion	aktion	aktion
101	aktion	aktion	aktion	aktion	aktion	aktion
102	bedingung	bedingung	bedingung	bedingung	bedingung	bedingung
103	compliance	compliance	compliance	compliance	compliance	compliance
104	datenanbieter	datenanbieter	datenanbieter	datenanbieter	datenanbieter	datenanbieter
105	release	versionshistorei	release	veröffentlichung	release	freigabe
106	erstellungsassistent	erstellen	erstellungsassistent	erstellen	erstellungsassistent	erstellen
107	berechtigungstypen	klauselart	berechtigungstypen	typ|type|typus	berechtigungstypen	typ
108	cloud	connector	cloud	anschlussstecker	cloud	▁31
109	speicherplatz	raum	speicherplatz	bereich	speicherplatz	space
110	zeitplan	zeitplan	zeitplan	zeitplan	zeitplan	zeitplan
111	änderung	änderung	änderung	änderung	änderung	änderung
112	ergebnis	ergebnis	ergebnis	ergebnis	ergebnis	▁23
113	dienstleistung	dienstleistung	dienstleistung	dienstleistung	dienstleistung	service
114	datenanbieter	datenanbieter	datenanbieter	datenanbieter	datenanbieter	datenanbieter
115	zuwiesen	zuweisen	zuwiesen	zuweisen	zuwiesen	zuweisen
116	speicherbereich	raum	speicherbereich	bereich	speicherbereich	space
117	geschäftsinformation	geschäftsinformation	geschäftsinformation	geschäftsanalysen	geschäftsinformation	▁66
118	erstellen	erstellen	erstellen	erstellen	erstellen	erstellen
119	bereich	raum	bereich	bereich	bereich	space
120	speicherressourcen	speicherressourcen	speicherressourcen	speicherressourcen	speicherressourcen	▁121
121	teilen	teil|teilen	teilen	teilen	teilen	teilen
122	veröffentlichung	versionshistorei	veröffentlichung	veröffentlichung	veröffentlichung	freigabe
123	datenzugriffskontrollen	datenzugriffskontrollen	datenzugriffskontrollen	datenzugriffskontrollen	datenzugriffskontrollen	zugriffskontrolle
124	datenbeschränkung	datenbeschränkung	datenbeschränkung	einschränkung	datenbeschränkung	einschränkung
125	datum	datum	datum	datum	datum	▁115
126	schnittstelle	schnittstelle	schnittstelle	schnittstelle	schnittstelle	schnittstelle
127	nachricht	nachricht	nachricht	nachricht	nachricht	nachricht
128	bereitstellung	bereitstellung	bereitstellung	bereitstellung	bereitstellung	▁38
129	datenanbieterprofil	datenanbieter	datenanbieterprofil	datenanbieter	datenanbieterprofil	datenanbieter
130	referenzdaten	referenzdaten	referenzdaten	referenzdaten	referenzdaten	▁96
131	redeployment	bereitstellung	redeployment	bereitstellung	redeployment	▁38
132	veröffentlichung	versionshistorei	veröffentlichung	veröffentlichung	veröffentlichung	freigabe
133	datenanbieter	datenanbieter	datenanbieter	datenanbieter	datenanbieter	datenanbieter
134	bereitstellung	bereitstellung	bereitstellung	bereitstellung	bereitstellung	▁38
135	update	update	update	update	update	▁134
136	fähigkeit	qualifikation	fähigkeit	fähigkeit	fähigkeit	qualifikation
137	rückmeldung	rückmeldung	rückmeldung	rückmeldung	rückmeldung	▁48
138	datenanbieter	datenanbieter	datenanbieter	datenanbieter	datenanbieter	datenanbieter
139	einfügerecht	einfügerecht	einfügerecht	einfügerecht	einfügerecht	▁65
140	tabellenmonitor	tabellenmonitor	tabellenmonitor	spaltentabellen	tabellenmonitor	▁2
141	geschäftsanalysen	geschäftsinformation	geschäftsanalysen	geschäftsanalysen	geschäftsanalysen	▁66
142	bereitstellungsen	bereitstellung	bereitstellungsen	bereitstellung	bereitstellungsen	▁38
143	bereich	raum	bereich	bereich	bereich	space
144	personenbezogen datum	personenbezogen datum	personenbezogen datum	personenbezogen datum	personenbezogen datum	personenbezogen datum
145	arbeitsplatz	arbeitsbereich	arbeitsplatz	arbeitsbereich	arbeitsplatz	arbeitsplatz
146	erstellen	erstellen	erstellen	erstellen	erstellen	erstellen
147	version	versionshistorei	version	veröffentlichung	version	freigabe
148	bereich	raum	bereich	bereich	bereich	space
149	geschäftseinheiten	geschäftseinheiten	geschäftseinheiten	geschäftseinheiten	geschäftseinheiten	▁19
150	verbrauchsmodell	verbrauchsmodell	verbrauchsmodell	verbrauchsmodell	verbrauchsmodell	verbrauchsmodell
151	problem	problem	problem	problem	problem	problem
152	verbrauchsmodell	verbrauchsmodell	verbrauchsmodell	verbrauchsmodell	verbrauchsmodell	verbrauchsmodell
153	stichtag	startzeitpunkt	stichtag	startdatum	stichtag	▁119
154	abap	abap	abap	abap	abap	▁79
155	bereitstellung	bereitstellung	bereitstellung	bereitstellung	bereitstellung	▁38
156	auftrag	auftrag	auftrag	auftrag	auftrag	▁70
157	bereich	raum	bereich	bereich	bereich	space
158	raumdaten	raum	raumdaten	bereich	raumdaten	space
159	verfügbaren kapazität	verfügbaren kapazität	verfügbaren kapazität	verfügbaren kapazität	verfügbaren kapazität	▁17
160	vertrag	vertrag	vertrag	vertrag	vertrag	vertrag
161	verlängerungsen	verlängerungsen	verlängerungsen	verlängerungsen	verlängerungsen	▁100
162	datenanbieter	datenanbieter	datenanbieter	datenanbieter	datenanbieter	datenanbieter
163	space	raum	space	bereich	space	space
164	speicherplatz	raum	speicherplatz	bereich	speicherplatz	space
165	herstellen	erstellen	herstellen	erstellen	herstellen	erstellen
166	datenbeschränken	datenbeschränkung	datenbeschränken	einschränkung	datenbeschränken	einschränkung
167	übertragen	übertragen	übertragen	übertragen	übertragen	übertragen
168	verlängerungsen	verlängerungsen	verlängerungsen	verlängerungsen	verlängerungsen	▁100
169	nutzungsmodellen	verbrauchsmodell	nutzungsmodellen	verbrauchsmodell	nutzungsmodellen	verbrauchsmodell
170	speicherplatz	raum	speicherplatz	bereich	speicherplatz	space
171	dienst	dienst	dienst	dienst	dienst	dienst
172	tabellendienst	dienstleistung	tabellendienst	dienstleistung	tabellendienst	service
173	verweisen	referenzdaten	verweisen	referenzdaten	verweisen	▁96
174	element	elementetabell	element	element	element	artikel
175	raumdaten	raum	raumdaten	bereich	raumdaten	space
176	endbenutzer	endbenutzer	endbenutzer	endbenutzer	endbenutzer	endbenutzer
177	content	content	content	content	content	▁33
178	grafischen ansicht	grafischen ansicht	grafischen ansicht	grafischen ansicht	grafischen ansicht	▁55
179	▔ertrat<sos>	problem	▔ertrat<sos>	problem	▔ertrat<sos>	problem
180	problem	problem	problem	lieferantenpaneln	problem	▁86
181	bucket	bucket	bucket	bucket	bucket	▁18
182	scripen	scripen	scripen	scripen	scripen	▁112
183	update	update	update	update	update	▁134
184	nachricht	nachricht	nachricht	nachricht	nachricht	nachricht
185	bereich	raum	bereich	bereich	bereich	space
186	▔ertrat<sos>	triggerbasieren	▔ertrat<sos>	anweisung	▔ertrat<sos>	auslöser
187	seitenleisten	seitenpanel	seitenleisten	seitenleisten	seitenleisten	seitenbereich
188	erstellen	erstellen	erstellen	erstellen	erstellen	erstellen
189	typ|type|typus	klauselart	typ|type|typus	typ|type|typus	typ|type|typus	typ
190	nachricht	nachricht	nachricht	nachricht	nachricht	nachricht
191	auftrag	auftrag	auftrag	auftrag	auftrag	auftrag
192	vorfall	vorfall	vorfall	vorfall	vorfall	▁62
193	sitzung	sitzung	sitzung	sitzung	sitzung	sitzung
194	zeitplan	zeitplan	zeitplan	zeitplan	zeitplan	zeitplan
195	dokument	dokument	dokument	dokument	dokument	beleg
196	zeitplan	zeitplan	zeitplan	zeitplan	zeitplan	zeitplan
197	diagramm	diagramm	diagramm	diagramm	diagramm	diagramm
198	veröffentlichung	versionshistorei	veröffentlichung	veröffentlichung	veröffentlichung	freigabe
199	auswahltyp	klauselart	auswahltyp	typ|type|typus	auswahltyp	typ
200	beleg	dokument	beleg	dokument	beleg	beleg
201	revision	revision	revision	revision	revision	▁106
202	datenanbieterprofil	datenanbieter	datenanbieterprofil	datenanbieter	datenanbieterprofil	datenanbieter
203	benachrichtigungsdatum	benachrichtigungsdatum	benachrichtigungsdatum	benachrichtigung	benachrichtigungsdatum	benachrichtigung
204	übertragen	übertragen	übertragen	übertragen	übertragen	übertragen
205	erstellen	erstellen	erstellen	erstellen	erstellen	erstellen
206	homepage	homepage	homepage	homepage	homepage	▁85
207	einschränkung	datenbeschränkung	einschränkung	einschränkung	einschränkung	einschränkung
208	genehmigungsprozen	genehmigungsprozen	genehmigungsprozen	genehmigungsprozen	genehmigungsprozen	▁3
209	compliance	compliance	compliance	compliance	compliance	compliance
210	tabellenansicht	tabellenansicht	tabellenansicht	tabellenansicht	tabellenansicht	tabellenansicht
211	informationsabfrage	informationsabfrage	informationsabfrage	informationsabfrage	informationsabfrage	▁108
212	speichertyp	speichertyp	speichertyp	speichertyp	speichertyp	speichertyp
213	client	client	client	client	client	client
214	überprüfung	überprüfung	überprüfung	überprüfung	überprüfung	▁26
215	verbrauchsmodell	verbrauchsmodell	verbrauchsmodell	verbrauchsmodell	verbrauchsmodell	verbrauchsmodell
216	zeitplan	zeitplan	zeitplan	zeitplan	zeitplan	zeitplan
217	query	abfrage	query	abfrage	query	abfrage
218	speicherort	raum	speicherort	bereich	speicherort	space
219	aufgabe	aufgabe	aufgabe	aufgabe	aufgabe	▁13
220	warteschlange	warteschlange	warteschlange	warteschlange	warteschlange	warteschlange
221	umrecenuhunus	umrecenuhunus	umrecenuhunus	umrecenuhunus	umrecenuhunus	▁94
222	arbeitspaket	arbeitspaket	arbeitspaket	arbeitspaket	arbeitspaket	▁140
223	typ|type|typus	klauselart	typ|type|typus	typ|type|typus	typ|type|typus	typ
224	eintrag	elementetabell	eintrag	element	eintrag	artikel
225	schnellaktion	aktion	schnellaktion	aktion	schnellaktion	aktion
226	schnellaktion	aktion	schnellaktion	aktion	schnellaktion	aktion
227	zeitplan	zeitplan	zeitplan	zeitplan	zeitplan	zeitplan
228	erstellen	erstellen	erstellen	erstellen	erstellen	erstellen
229	intercompanyen	konzerninternen	intercompanyen	intercompanyen	intercompanyen	▁68
230	nutzungsdoten	nutzungsdoten	nutzungsdoten	nutzungsdoten	nutzungsdoten	▁136
231	produktionsauftragen	produktionsauftragen	produktionsauftragen	produktionsauftragen	produktionsauftragen	produktionsauftragen
232	produktionsauftragen	produktionsauftragen	produktionsauftragen	produktionsauftragen	produktionsauftragen	produktionsauftragen
233	dokumentstatusen	dokumentstatusen	dokumentstatusen	dokumentstatusen	dokumentstatusen	dokumentstatusen
234	termin	termin	termin	termin	termin	▁10
235	einschränkung	raum	einschränkung	bereich	einschränkung	space
236	versandarten	klauselart	versandarten	typ|type|typus	versandarten	typ
237	position	position	position	position	position	▁90
238	belastung	belastung	belastung	belastung	belastung	▁74
239	fehlerbehebungsmoden	fehlerbehebungsmoden	fehlerbehebungsmoden	fehlerbehebungsmoden	fehlerbehebungsmoden	▁132
240	datenzugriffskontrollen	datenzugriffskontrollen	datenzugriffskontrollen	datenzugriffskontrollen	datenzugriffskontrollen	zugriffskontrolle
241	neustart	neustart	neustart	neustart	neustart	▁103
242	pausieren	pausieren	pausieren	pausieren	pausieren	pausieren
243	aktualisierung	aktualisierung	aktualisierung	aktualisieren	aktualisierung	▁98
244	akzeptieren	akzeptieren	akzeptieren	akzeptieren	akzeptieren	▁4
245	artikel	elementetabell	artikel	element	artikel	artikel
246	offenlegungserklärung	offenlegungserklärung	offenlegungserklärung	offenlegungserklärung	offenlegungserklärung	▁41
247	anbieter	anbieter	anbieter	anbieter	anbieter	anbieter
248	aufgabe	aufgabe	aufgabe	aufgabe	aufgabe	aufgabe
249	verarbeitung	verarbeitung	verarbeitung	verarbeitung	verarbeitung	verarbeitung
250	sammlung	sammlung	sammlung	sammlung	sammlung	sammlung
251	icon	icon	icon	icon	icon	▁59
252	standardmäßig	standardmäßig	standardmäßig	standardmäßig	standardmäßig	▁35
253	verkauf	verkauf	verkauf	verkauf	verkauf	verkauf
254	verkauf	verkauf	verkauf	verkauf	verkauf	verkauf
255	einfügezuweisungen	aufgabe	einfügezuweisungen	aufgabe	einfügezuweisungen	▁13
256	fi-ca	dokument	fi-ca	dokument	fi-ca	beleg
257	zahlungsmethodentegen	zahlungsmethodentegen	zahlungsmethodentegen	zahlungsmethodentegen	zahlungsmethodentegen	▁88
258	aufteilungskriteriumen	aufteilungskriteriumen	aufteilungskriteriumen	aufteilungskriteriumen	aufteilungskriteriumen	▁117
259	materialgruppe	materialgruppe	materialgruppe	materialgruppe	materialgruppe	materialgruppe
260	personenbezogen datum	personenbezogen datum	personenbezogen datum	personenbezogen datum	personenbezogen datum	personenbezogen datum
261	bericht	berichtszeitraum	bericht	bericht	bericht	bericht
262	überprüfung	überprüfung	überprüfung	überprüfung	überprüfung	▁26
263	compliance	compliance	compliance	compliance	compliance	compliance
264	punktzahl	punktzahl	punktzahl	punktzahl	punktzahl	punktzahl
265	sequenz	sequenz	sequenz	sequenz	sequenz	▁113
266	erstellen	erstellen	erstellen	erstellen	erstellen	erstellen
267	abbrechen	abbrechen	abbrechen	abbrechen	abbrechen	▁22
268	unterschied	unterschied	unterschied	unterschied	unterschied	▁40
269	routing	informationsabfrage	routing	informationsabfrage	routing	▁108
270	benachrichtigung	benachrichtigungsdatum	benachrichtigung	benachrichtigung	benachrichtigung	benachrichtigung
271	überprüfung	überprüfung	überprüfung	überprüfung	überprüfung	▁139
272	folgend	folgend	folgend	folgend	folgend	▁52
273	aktion	aktion	aktion	aktion	aktion	aktion
274	aktion	aktion	aktion	aktion	aktion	aktion
275	feld	feld	feld	feld	feld	▁135
276	instandhaltungsplaner	instandhaltungsplaner	instandhaltungsplaner	instandhaltungsplaner	instandhaltungsplaner	▁76
277	plan	zeitplan	plan	zeitplan	plan	zeitplan
278	teilen	teil|teilen	teilen	teilen	teilen	teilen
279	verfügbarkeitsübereinstimmun	verfügbarkeitsübereinstimmun	verfügbarkeitsübereinstimmun	rbereinstimmungsprozentsatzen	verfügbarkeitsübereinstimmun	▁89
280	zuweisen	zuweisen	zuweisen	zuweisen	zuweisen	zuweisen
281	compliance	compliance	compliance	compliance	compliance	compliance
282	merkmalswerten	merkmalswerten	merkmalswerten	merkmalswerten	merkmalswerten	▁137
283	erstellen	erstellen	erstellen	erstellen	erstellen	erstellen
284	historisch	versionshistorei	historisch	historie	historisch	▁58
285	aufbewahrungsfrist	aufbewahrungsfrist	aufbewahrungsfrist	aufbewahrungsdauern	aufbewahrungsfrist	▁105
286	▔ertrat<sos>	elementetabell	▔ertrat<sos>	element	▔ertrat<sos>	artikel
287	▔ertrat<sos>	erstellen	▔ertrat<sos>	erstellen	▔ertrat<sos>	erstellen
288	zahlungsavise	zahlungsavise	zahlungsavise	zahlungsavise	zahlungsavise	▁87
289	folgend	folgend	folgend	folgend	folgend	▁52
290	dialogtex	dialogtex	dialogtex	dialogtex	dialogtex	▁39
291	vertrag	vertrag	vertrag	vertrag	vertrag	vertrag
292	bericht	berichtszeitraum	bericht	bericht	bericht	bericht
293	datenpunkt	datenpunkt	datenpunkt	datenpunkt	datenpunkt	datenpunkt
294	seitenbereich	seitenpanel	seitenbereich	seitenleisten	seitenbereich	seitenbereich
295	speicherplatz	raum	speicherplatz	bereich	speicherplatz	space
296	anfragezeitraum	anfragezeitraum	anfragezeitraum	anfragezeitraum	anfragezeitraum	▁54
297	store	store	store	store	store	▁122
298	bereitstellung	bereitstellung	bereitstellung	bereitstellung	bereitstellung	▁38
299	erstellen	erstellen	erstellen	erstellen	erstellen	erstellen
300	testplantyp	klauselart	testplantyp	typ|type|typus	testplantyp	typ
301	raum|räumen	raum	raum|räumen	bereich	raum|räumen	space
302	zuordnung	zuordnung	zuordnung	beziehung	zuordnung	▁14
303	bereich	raum	bereich	bereich	bereich	space
304	erstellen	erstellen	erstellen	erstellen	erstellen	erstellen
305	vermögenswert	vermögenswert	vermögenswert	assen	vermögenswert	vermögenswert
306	bereinigungseintragen	bereinigungseintragen	bereinigungseintragen	bereinigungseintragen	bereinigungseintragen	▁27
307	regelung	regelung	regelung	regelung	regelung	▁99
308	änderungsdokumenttypen	änderungsdokumenttypen	änderungsdokumenttypen	änderungsdokumenttypen	änderungsdokumenttypen	▁24
309	änderungsdokumenttypen	klauselart	änderungsdokumenttypen	typ|type|typus	änderungsdokumenttypen	typ
310	erstell	erstellen	erstell	erstellen	erstell	erstellen
311	compliance	compliance	compliance	compliance	compliance	compliance
312	kategorie	ergebnis	kategorie	ergebnis	kategorie	▁23
313	zugriffskontrolle	datenzugriffskontrollen	zugriffskontrolle	datenzugriffskontrollen	zugriffskontrolle	zugriffskontrolle
314	benachrichtigung	benachrichtigungsdatum	benachrichtigung	benachrichtigung	benachrichtigung	benachrichtigung
315	▔ertrat<sos>	erstellen	▔ertrat<sos>	erstellen	▔ertrat<sos>	erstellen
316	speicherplatz	raum	speicherplatz	bereich	speicherplatz	space
317	dokument	dokument	dokument	dokument	dokument	beleg
318	anfrage	anfrage	anfrage	anfrage	anfrage	▁101
319	grupperungsregeln	grupperungsregeln	grupperungsregeln	grupperungsregeln	grupperungsregeln	▁57
320	änderung	änderung	änderung	änderung	änderung	▁46
321	vermögensgegenstand	vermögenswert	vermögensgegenstand	assen	vermögensgegenstand	vermögenswert
322	zuweisingen	aufgabe	zuweisingen	aufgabe	zuweisingen	▁13
323	anforderung	anforderung	anforderung	anforderung	anforderung	anforderung
324	kommentar	kommentar	kommentar	kommentar	kommentar	▁29
325	verfahren	verfahren	verfahren	losgrößenverfahren	verfahren	verfahren
326	erstellen	erstellen	erstellen	erstellen	erstellen	erstellen
327	kostenelement	kostenelement	kostenelement	kostenelement	kostenelement	▁32
328	problem	problem	problem	problem	problem	problem
329	abfrage	abfrage	abfrage	abfrage	abfrage	abfrage
330	arbeitsablauf	arbeitsablauf	arbeitsablauf	arbeitsablauf	arbeitsablauf	▁141
331	erstellen	erstellen	erstellen	erstellen	erstellen	erstellen
332	bereich	bereich	bereich	funktionsumfang	bereich	▁111
333	speicherplatz	raum	speicherplatz	bereich	speicherplatz	space
334	mandant	mandant	mandant	mandant	mandant	mandant
335	status	status	status	status	status	status
336	abschnitt	abschnitt	abschnitt	abschnitt	abschnitt	abschnitt
337	datenquellen	datenquellen	datenquellen	datenquellen	datenquellen	▁116
338	verpackungsebene	verpackungsebene	verpackungsebene	level	verpackungsebene	stufe
339	erstellen	erstellen	erstellen	erstellen	erstellen	erstellen
340	zuordnung	zuordnung	zuordnung	zuordnung	zuordnung	zuordnung
341	speicherorten	speicherorten	speicherorten	speicherorten	speicherorten	standort
342	klassifizierung	klassifizierung	klassifizierung	klassifizierung	klassifizierung	klassifizierung
343	dokumenttyp	dokumenttyp	dokumenttyp	dokumenttyp	dokumenttyp	▁43
344	begriff	begriff	begriff	begriff	begriff	▁127
345	erstellen	erstellen	erstellen	erstellen	erstellen	erstellen
346	zeitplan	zeitplan	zeitplan	zeitplan	zeitplan	zeitplan
347	release	versionshistorei	release	veröffentlichung	release	freigabe
348	limit	limit	limit	limit	limit	▁73
349	group	group	group	group	group	group
350	group	group	group	group	group	▁56
351	einkommen	einkommen	einkommen	einkommen	einkommen	▁63
352	datenzugriffskontrollen	datenzugriffskontrollen	datenzugriffskontrollen	datenzugriffskontrollen	datenzugriffskontrollen	zugriffskontrolle
353	bereich	raum	bereich	bereich	bereich	space
354	einschränkung	datenbeschränkung	einschränkung	einschränkung	einschränkung	einschränkung
355	element	elementetabell	element	element	element	artikel
356	zeitplan	zeitplan	zeitplan	zeitplan	zeitplan	zeitplan
357	besitzer	besitzer	besitzer	besitzer	besitzer	▁84
358	sequenz	sequenz	sequenz	sequenz	sequenz	▁113
359	rechnungslegung ein gemeinschaftsunternsen	rechnungslegung ein gemeinschaftsunternsen	rechnungslegung ein gemeinschaftsunternsen	rechnungslegung ein gemeinschaftsunternsen	rechnungslegung ein gemeinschaftsunternsen	▁71
360	rechnungslegung	rechnungslegung	rechnungslegung	rechnungslegung	rechnungslegung	▁0
361	laden	belastung	laden	belastung	laden	▁74
362	vorlage	vorlage	vorlage	dokumentvorlage	vorlage	vorlage
363	batch	batch	batch	batch	batch	batch
364	zahlungsaufforderung	zahlungsaufforderung	zahlungsaufforderung	zahlungsaufforderung	zahlungsaufforderung	▁21
365	profiltypen	klauselart	profiltypen	typ|type|typus	profiltypen	typ
366	projektmanager	projektmanager	projektmanager	projektmanager	projektmanager	▁95
367	anfordern	anfordern	anfordern	anfordern	anfordern	▁102
368	dokumentklasse	dokumentklasse	dokumentklasse	dokumentklasse	dokumentklasse	▁42
369	auswählen	auswählen	auswählen	auswählen	auswählen	auswählen
370	schnellaktion	aktion	schnellaktion	aktion	schnellaktion	aktion
371	schnellaktion	aktion	schnellaktion	aktion	schnellaktion	aktion
372	veraltet	veraltet	veraltet	veraltet	veraltet	▁80
373	release	versionshistorei	release	veröffentlichung	release	freigabe
374	audit	audit	audit	audit	audit	audit
375	▔ertrat<sos>	▔ertrat<sos>	▔ertrat<sos>	▔ertrat<sos>	▔ertrat<sos>	▁130
376	übernehmen	übernehmen	übernehmen	übernehmen	übernehmen	▁9
377	bereich	raum	bereich	bereich	bereich	space
378	abschnitt	abschnitt	abschnitt	abschnitt	abschnitt	abschnitt
379	operation	operation	operation	operation	operation	▁82
380	dokumentvorlage	vorlage	dokumentvorlage	dokumentvorlage	dokumentvorlage	vorlage
381	primärer	primärer	primärer	primärer	primärer	▁92
382	nachricht	nachricht	nachricht	nachricht	nachricht	nachricht
383	übertragung	übertragen	übertragung	übertragen	übertragung	übertragen
384	überprüfung	überprüfung	überprüfung	überprüfung	überprüfung	▁26
385	compliance	compliance	compliance	compliance	compliance	compliance
386	ausführen	ausführen	ausführen	ausführen	ausführen	▁109
387	mindestüberweisungsbetragen	mindestüberweisungsbetragen	mindestüberweisungsbetragen	mindestüberweisungsbetragen	mindestüberweisungsbetragen	▁131
388	maßeinheit	maßeinheit	maßeinheit	maßeinheit	maßeinheit	▁133
389	projektmanager	projektmanager	projektmanager	projektmanager	projektmanager	▁95
390	anfordern	anfordern	anfordern	anfordern	anfordern	▁102
391	besetzen	besetzen	besetzen	besetzen	besetzen	▁118
392	konnektivität	konnektivität	konnektivität	konnektivität	konnektivität	konnektivität
393	öffnen	öffnen	öffnen	öffnen	öffnen	▁81
394	erstellen	erstellen	erstellen	erstellen	erstellen	erstellen
395	space	raum	space	bereich	space	space
396	geschäftsbenutzer	geschäftsbenutzer	geschäftsbenutzer	geschäftsbenutzer	geschäftsbenutzer	geschäftsbenutzer
397	standort	speicherorten	standort	speicherorten	standort	standort
398	zahlungsdetails	zahlungsdetails	zahlungsdetails	zahlungsdetails	zahlungsdetails	zahlungsdetails
399	verbrauchsmodellen	verbrauchsmodell	verbrauchsmodellen	verbrauchsmodell	verbrauchsmodellen	verbrauchsmodell
400	dokument	dokument	dokument	dokument	dokument	beleg
401	erstellen	erstellen	erstellen	erstellen	erstellen	erstellen
402	massentransfer	übertragen	massentransfer	übertragen	massentransfer	übertragen
403	scopen	bereich	scopen	funktionsumfang	scopen	▁111
404	datentyp	klauselart	datentyp	typ|type|typus	datentyp	typ
405	immobilie	immobilie	immobilie	immobilie	immobilie	immobilie
406	zeitplan	zeitplan	zeitplan	zeitplan	zeitplan	zeitplan
407	abfrage	abfrage	abfrage	abfrage	abfrage	abfrage
408	beziehung	zuordnung	beziehung	beziehung	beziehung	▁14
409	batch	batch	batch	batch	batch	batch
410	historie	versionshistorei	historie	historie	historie	▁58
411	berichtsaufgaben	berichtszeitraum	berichtsaufgaben	bericht	berichtsaufgaben	bericht
412	geschäftsname	geschäftsbezeichningen	geschäftsname	geschäftsbezeichningen	geschäftsname	▁20
413	erstellen	erstellen	erstellen	erstellen	erstellen	erstellen
414	service	dienstleistung	service	dienstleistung	service	service
415	audit	audit	audit	audit	audit	audit
416	szenarienen	szenarienen	szenarienen	szenarienen	szenarienen	▁110
417	element	elementetabell	element	element	element	artikel
418	anzeige	anzeige	anzeige	anzeige	anzeige	anzeige
419	dokumenttyp	dokumenttyp	dokumenttyp	dokumenttyp	dokumenttyp	▁43
420	bericht	berichtszeitraum	bericht	bericht	bericht	bericht
421	paket	paket	paket	paket	paket	paket
422	zugriff	zugriff	zugriff	zugriff	zugriff	zugriff
423	ursprung	ursprung	ursprung	ursprung	ursprung	ursprung
424	prognose	prognose	prognose	prognose	prognose	▁53
425	assen	vermögenswert	assen	assen	assen	vermögenswert
426	aktitätsanzeigern	hauptindikator	aktitätsanzeigern	aktitätsanzeigern	aktitätsanzeigern	▁64
427	merkmal	merkmal	merkmal	merkmal	merkmal	▁97
428	dokument	dokument	dokument	dokument	dokument	beleg
429	arbeitspaket	arbeitspaket	arbeitspaket	arbeitspaket	arbeitspaket	▁140
430	erstellen	erstellen	erstellen	erstellen	erstellen	erstellen
431	element	elementetabell	element	element	element	artikel
432	zeitrahmen	zeitrahmen	zeitrahmen	zeitrahmen	zeitrahmen	▁129
433	panel	problem	panel	lieferantenpaneln	panel	▁86
434	einrichtung	einrichtung	einrichtung	einrichtung	einrichtung	▁47
435	attributtyp	attributtyp	attributtyp	attributtyp	attributtyp	▁16
436	berechtigung	berechtigung	berechtigung	berechtigung	berechtigung	▁44
437	schicht	datenebene	schicht	datenebene	schicht	▁72
438	elementwert	elementetabell	elementwert	element	elementwert	artikel
439	anschlussstecker	connector	anschlussstecker	anschlussstecker	anschlussstecker	▁31
440	paket	paket	paket	paket	paket	paket
441	x	nachricht	x	nachricht	x	nachricht
442	systemmeldung	nachricht	systemmeldung	nachricht	systemmeldung	nachricht
443	verarbeit	verarbeit	verarbeit	prozeß	verarbeit	▁93
444	auftragsabwicklingen	auftrag	auftragsabwicklingen	auftrag	auftragsabwicklingen	auftrag
445	kberwachungsliste	kberwachungsliste	kberwachungsliste	kberwachungsliste	kberwachungsliste	▁78
446	einschränkung	datenbeschränkung	einschränkung	einschränkung	einschränkung	einschränkung
447	erstellen	erstellen	erstellen	erstellen	erstellen	erstellen
448	art	klauselart	art	typ|type|typus	art	typ
449	▔ertrat<sos>	▔ertrat<sos>	▔ertrat<sos>	▔ertrat<sos>	▔ertrat<sos>	▁51
450	rohmaterial	rohmaterial	rohmaterial	rohmaterial	rohmaterial	rohmaterial
451	konformitätsbewertungen	konformitätsbewertungen	konformitätsbewertungen	konformitätsbewertungen	konformitätsbewertungen	▁12
452	konformitätsbewertungen	konformitätsbewertungen	konformitätsbewertungen	konformitätsbewertungen	konformitätsbewertungen	▁30
453	verarbeitung	verarbeitung	verarbeitung	verarbeitung	verarbeitung	verarbeitung
454	interaktion	interaktion	interaktion	interaktion	interaktion	▁67
455	freigabe	versionshistorei	freigabe	veröffentlichung	freigabe	freigabe
456	lieferantenrechnen	lieferantenrechnen	lieferantenrechnen	lieferantenrechnen	lieferantenrechnen	▁138
457	intercompanyen	konzerninternen	intercompanyen	intercompanyen	intercompanyen	▁68
458	erstellen	erstellen	erstellen	erstellen	erstellen	erstellen
459	personenbezogen datum	personenbezogen datum	personenbezogen datum	personenbezogen datum	personenbezogen datum	personenbezogen datum
460	relation	relation	relation	relation	relation	relation
461	tabellenansicht	tabellenansicht	tabellenansicht	tabellenansicht	tabellenansicht	tabellenansicht
462	import	import	import	import	import	▁61
463	hinweis	hinweis	hinweis	hinweis	hinweis	hinweis
464	übernehmen	übernehmen	übernehmen	übernehmen	übernehmen	▁9
465	agent	agent	agent	agent	agent	agent
466	aussetzungen	aussetzungen	aussetzungen	aussetzungen	aussetzungen	▁126
467	allokationsschreiten	speicherallokation	allokationsschreiten	allokationsschreiten	allokationsschreiten	▁7
468	anhangstyp	anhangstyp	anhangstyp	anhang	anhangstyp	▁15
469	auftragskarte	auftrag	auftragskarte	auftrag	auftragskarte	auftrag
470	abonnement	abonnement	abonnement	abonnement	abonnement	▁123
471	vertrag	vertrag	vertrag	vertrag	vertrag	vertrag
472	klassifizierung	klassifizierung	klassifizierung	klassifizierung	klassifizierung	klassifizierung
473	kunde	kunde	kunde	kunde	kunde	▁34
474	eigenschaft	eigenschaft	eigenschaft	eigenschaft	eigenschaft	▁25
475	beend	beend	beend	beend	beend	▁128
476	level	verpackungsebene	level	level	level	stufe
477	bereich	raum	bereich	bereich	bereich	space
478	typ	klauselart	typ	typ|type|typus	typ	typ
479	zeitplan	zeitplan	zeitplan	zeitplan	zeitplan	zeitplan
480	formatzuordnehen	zuordnung	formatzuordnehen	zuordnung	formatzuordnehen	zuordnung
481	betriebsleitfaden	betriebsleitfaden	betriebsleitfaden	betriebsleitfaden	betriebsleitfaden	▁83
482	lieferantenpaneln	problem	lieferantenpaneln	lieferantenpaneln	lieferantenpaneln	▁86
483	aufbewahrungsdauern	aufbewahrungsfrist	aufbewahrungsdauern	aufbewahrungsdauern	aufbewahrungsdauern	▁105
484	zuordnung	zuordnung	zuordnung	zuordnung	zuordnung	zuordnung
485	anforderung	anforderung	anforderung	anforderung	anforderung	anforderung
486	benachrichtigung	benachrichtigungsdatum	benachrichtigung	benachrichtigung	benachrichtigung	benachrichtigung
487	aktualisieren	aktualisierung	aktualisieren	aktualisieren	aktualisieren	▁98
488	berechnungsschreiten	berechnungsschreiten	berechnungsschreiten	berechnungsschreiten	berechnungsschreiten	▁120
489	datenanbieter	datenanbieter	datenanbieter	datenanbieter	datenanbieter	datenanbieter
490	zeitplan	zeitplan	zeitplan	zeitplan	zeitplan	zeitplan
491	seitenleisten	seitenpanel	seitenleisten	seitenleisten	seitenleisten	seitenbereich
492	regeltyp	klauselart	regeltyp	typ|type|typus	regeltyp	typ
493	konzernintern	konzerninternen	konzernintern	intercompanyen	konzernintern	▁68
494	bewertungstypen	bewertungstypen	bewertungstypen	bewertungstypen	bewertungstypen	▁45
495	bestellung	auftrag	bestellung	auftrag	bestellung	auftrag
496	festgelegt	festgelegt	festgelegt	festgelegt	festgelegt	▁50
497	abonnement	abonnement	abonnement	abonnement	abonnement	abonnement
498	wählen	auswählen	wählen	auswählen	wählen	auswählen
499	erstellen	erstellen	erstellen	erstellen	erstellen	erstellen
500	standardwerten	standardwerten	standardwerten	standardwerten	standardwerten	▁36
501	▔ertrat<sos>	elementetabell	▔ertrat<sos>	element	▔ertrat<sos>	artikel
502	bericht	berichtszeitraum	bericht	bericht	bericht	bericht
503	losgrößenverfahren	verfahren	losgrößenverfahren	losgrößenverfahren	losgrößenverfahren	verfahren
504	aufgabe	aufgabe	aufgabe	aufgabe	aufgabe	aufgabe
505	zuordnungsdatei	zuordnung	zuordnungsdatei	zuordnung	zuordnungsdatei	zuordnung
506	funktionsumfang	bereich	funktionsumfang	funktionsumfang	funktionsumfang	▁111
507	auftrag	aufgabe	auftrag	aufgabe	auftrag	▁13
508	prozeß	verarbeit	prozeß	prozeß	prozeß	▁93
509	funktionsumfang	bereich	funktionsumfang	funktionsumfang	funktionsumfang	▁111
510	verbrauchsmodellen	verbrauchsmodell	verbrauchsmodellen	verbrauchsmodell	verbrauchsmodellen	verbrauchsmodell
511	anfrage	anfrage	anfrage	anfrage	anfrage	▁101
512	substitution	substitution	substitution	ersetzung	substitution	ersetzung
513	compliance	compliance	compliance	compliance	compliance	compliance
514	finanzbericht	finanzbericht	finanzbericht	finanzbericht	finanzbericht	▁49
515	rechnungsübersichten	zusammenfassung	rechnungsübersichten	rechnungsübersichten	rechnungsübersichten	▁124
516	zeichensatzbezeichnungen	zeichensatzbezeichnungen	zeichensatzbezeichnungen	zeichensatzbezeichnungen	zeichensatzbezeichnungen	▁114
517	werkstoffsubstituon	substitution	werkstoffsubstituon	ersetzung	werkstoffsubstituon	ersetzung
518	bericht	berichtszeitraum	bericht	bericht	bericht	bericht
519	erstellen	erstellen	erstellen	erstellen	erstellen	erstellen
520	ersetzung	substitution	ersetzung	ersetzung	ersetzung	ersetzung
521	benachrichtigungsbericht	berichtszeitraum	benachrichtigungsbericht	bericht	benachrichtigungsbericht	bericht
522	benachrichtigungsbericht	benachrichtigungsbericht	benachrichtigungsbericht	benachrichtigungsbericht	benachrichtigungsbericht	▁6
523	anhang	anhangstyp	anhang	anhang	anhang	▁15
524	kunde	kunde	kunde	kunde	kunde	▁34
525	tasks	aufgabe	tasks	aufgabe	tasks	aufgabe
526	abfrage	abfrage	abfrage	abfrage	abfrage	abfrage
527	bestellauftragen	auftrag	bestellauftragen	auftrag	bestellauftragen	auftrag
528	teammitglied	teammitglied	teammitglied	teammitglied	teammitglied	teammitglied
529	einrichtungsdaten	einrichtung	einrichtungsdaten	einrichtung	einrichtungsdaten	▁47
530	protokoll	protokoll	protokoll	protokoll	protokoll	▁75
531	meldungsänderungsprotokoll	nachricht	meldungsänderungsprotokoll	nachricht	meldungsänderungsprotokoll	nachricht
532	stufe	verpackungsebene	stufe	level	stufe	stufe
533	nachricht	nachricht	nachricht	nachricht	nachricht	nachricht
534	zuordnung	zuordnung	zuordnung	zuordnung	zuordnung	zuordnung
535	abschließen	abschließen	abschließen	abschließen	abschließen	abschließen
536	spaltentabellen	tabellenmonitor	spaltentabellen	spaltentabellen	spaltentabellen	▁2
537	einschränkung	einschränkung	einschränkung	einschränkung	einschränkung	einschränkung
538	anforderung	anforderung	anforderung	anforderung	anforderung	anforderung
539	position	elementetabell	position	element	position	artikel
540	verwaltung	verwaltung	verwaltung	verwaltung	verwaltung	verwaltung
541	rbereinstimmungsprozentsatzen	verfügbarkeitsübereinstimmun	rbereinstimmungsprozentsatzen	rbereinstimmungsprozentsatzen	rbereinstimmungsprozentsatzen	▁89
542	frachtooperationsoption	frachtooperationsoption	frachtooperationsoption	frachtooperationsoption	frachtooperationsoption	▁28
