	tgt	pseudoref_first	tgt	pseudoref_frequent	tgt	pseudoref_predefined
0	панель	панель	панель	панель	панель	▁63
1	контракт	контракт	контракт	контракт	контракт	договор
2	тип	тип	тип	тип	тип	вид
3	доход	доход	доход	доход	доход	▁87
4	обновить	обновить	обновить	обновить	обновить	обновить
5	диапазон	диапазон	диапазон	диапазон	диапазон	интервал
6	поставщик	поставщик	поставщик	поставщик	поставщик	поставщик
7	поставщик	поставщик	поставщик	поставщик	поставщик	поставщик
8	переход	переход	переход	переход	переход	▁18
9	тип	тип	тип	тип	тип	вид
10	входной	входной	входной	входной	входной	▁52
11	тип	тип	тип	тип	тип	вид
12	тип	тип	тип	тип	тип	вид
13	цель	цель	цель	цель	цель	цель
14	тип	тип	тип	тип	тип	вид
15	тип	тип	тип	тип	тип	вид
16	публичный	публичный	публичный	публичный	публичный	▁72
17	поставщик	поставщик	поставщик	поставщик	поставщик	поставщик
18	входной	входной	входной	входной	входной	▁52
19	тип	тип	тип	тип	тип	вид
20	отложить	отложить	отложить	отложить	отложить	▁68
21	поставщик	поставщик	поставщик	поставщик	поставщик	поставщик
22	нормативный	нормативный	нормативный	нормативный	нормативный	▁77
23	поставщик	поставщик	поставщик	поставщик	поставщик	поставщик
24	▔	входной	▔	входной	▔	▁52
25	результат	результат	результат	вывод	результат	вывод
26	выставление	выставление	выставление	выставление	выставление	▁15
27	взрыв	взрыв	взрыв	взрыв	взрыв	▁42
28	ассоциация	ассоциация	ассоциация	ассоциация	ассоциация	▁12
29	группировка	группировка	группировка	группа	группировка	группа
30	▔	тип	▔	тип	▔	вид
31	контрактный	контракт	контрактный	контракт	контрактный	договор
32	область	область	область	область	область	▁93
33	add-on	add-on	add-on	add-on	add-on	▁6
34	▔	▁1	▔	сопоставление	▔	сопоставление
35	обзор	обзор	обзор	сводка	обзор	сводка
36	глобальный валюта	глобальный валюта	глобальный валюта	глобальный валюта	глобальный валюта	▁46
37	место	место	место	пространство	место	пространство
38	редактировать	редактировать	редактировать	редактировать	редактировать	редактировать
39	пространство	место	пространство	пространство	пространство	пространство
40	расписание	расписание	расписание	расписание	расписание	расписание
41	дать	входной	дать	входной	дать	▁52
42	лист запись обслуживание	лист запись обслуживание	лист запись обслуживание	лист ввод сервисный	лист запись обслуживание	▁95
43	поставщик	поставщик	поставщик	поставщик	поставщик	поставщик
44	провайдер	поставщик	провайдер	поставщик	провайдер	поставщик
45	▔	диапазон	▔	диапазон	▔	интервал
46	входной	входной	входной	входной	входной	▁52
47	тип	тип	тип	тип	тип	вид
48	расписание	расписание	расписание	расписание	расписание	расписание
49	поставщик данные	поставщик данные	поставщик данные	поставщик данные	поставщик данные	▁31
50	период хранение	период хранение	период хранение	период пребывание	период хранение	▁82
51	приостановка	приостановка	приостановка	приостановка	приостановка	▁103
52	тип проект	тип проект	тип проект	тип проект	тип проект	тип проект
53	мастер	мастер	мастер	мастер	мастер	мастер
54	поток	поток	поток	поток	поток	поток
55	сопоставление	▁1	сопоставление	сопоставление	сопоставление	сопоставление
56	срок выполнение	срок выполнение	срок выполнение	срок выполнение	срок выполнение	▁38
57	пометить	пометить	пометить	пометить	пометить	▁104
58	поставщик	поставщик	поставщик	поставщик	поставщик	поставщик
59	транзакция	транзакция	транзакция	транзакция	транзакция	транзакция
60	пользовательский поле	пользовательский поле	пользовательский поле	пользовательский поле	пользовательский поле	пользовательский поле
61	панель	панель	панель	панель	панель	▁63
62	период пребывание	период хранение	период пребывание	период пребывание	период пребывание	▁82
63	часть	часть	часть	часть	часть	▁64
64	интервал	диапазон	интервал	диапазон	интервал	интервал
65	поставщик	поставщик	поставщик	поставщик	поставщик	поставщик
66	балансовый	балансовый	балансовый	балансовый	балансовый	▁14
67	копировать	копировать	копировать	копировать	копировать	скопировать
68	разграничение	разграничение	разграничение	начисление	разграничение	разграничение
69	тип	тип	тип	тип	тип	вид
70	использовать	использовать	использовать	использовать	использовать	▁112
71	тип	тип	тип	тип	тип	вид
72	расписание	расписание	расписание	расписание	расписание	расписание
73	▔	тип	▔	тип	▔	вид
74	выходной	результат	выходной	вывод	выходной	вывод
75	входной	входной	входной	входной	входной	▁52
76	тип	тип	тип	тип	тип	вид
77	распределение	распределение	распределение	распределение	распределение	распределение
78	контракт	контракт	контракт	контракт	контракт	договор
79	редактировать	редактировать	редактировать	редактировать	редактировать	редактировать
80	ориентировать на спрос	ориентировать на спрос	ориентировать на спрос	ориентировать на спрос	ориентировать на спрос	▁32
81	вход	входной	вход	входной	вход	▁52
82	▔	▁0	▔	▁	▔	▁55
83	пространство	место	пространство	пространство	пространство	пространство
84	начисление	разграничение	начисление	начисление	начисление	разграничение
85	срок пребывание данные	период хранение	срок пребывание данные	период пребывание	срок пребывание данные	▁82
86	контракт	контракт	контракт	контракт	контракт	договор
87	assembly	assembly	assembly	assembly	assembly	сборка
88	скопировать	копировать	скопировать	копировать	скопировать	скопировать
89	расписание	расписание	расписание	расписание	расписание	расписание
90	начисление	разграничение	начисление	начисление	начисление	разграничение
91	поставщик	поставщик	поставщик	поставщик	поставщик	поставщик
92	лист ввод сервисный	лист запись обслуживание	лист ввод сервисный	лист ввод сервисный	лист ввод сервисный	▁95
93	тип	тип	тип	тип	тип	вид
94	изменить	изменить	изменить	изменить	изменить	изменить
95	расписание	расписание	расписание	расписание	расписание	расписание
96	отмена	отмена	отмена	отмена	отмена	отмена
97	приостановить	приостановить	приостановить	приостановить	приостановить	▁65
98	содержимое	содержимое	содержимое	содержание	содержимое	▁29
99	настроить	настроить	настроить	настроить	настроить	▁96
100	поток	поток	поток	поток	поток	▁106
101	персональный данные	персональный данные	персональный данные	персональный данные	персональный данные	▁1
102	персональный данные	персональный данные	персональный данные	персональный данные	персональный данные	▁67
103	поставщик	поставщик	поставщик	поставщик	поставщик	поставщик
104	тип	тип	тип	тип	тип	вид
105	вложение	вложение	вложение	вложение	вложение	вложение
106	активировать	активировать	активировать	активировать	активировать	активировать
107	поставщик данные	поставщик данные	поставщик данные	поставщик данные	поставщик данные	▁31
108	отчётность	отчётность	отчётность	отчётность	отчётность	▁80
109	категория	категория	категория	категория	категория	категория
110	тип	тип	тип	тип	тип	вид
111	клиент	клиент	клиент	клиент	клиент	клиент
112	тип	тип	тип	тип	тип	вид
113	изменить	изменить	изменить	изменить	изменить	изменить
114	поставщик	поставщик	поставщик	поставщик	поставщик	поставщик
115	расписание	расписание	расписание	расписание	расписание	расписание
116	поставщик	поставщик	поставщик	поставщик	поставщик	поставщик
117	ставка	ставка	ставка	ставка	ставка	▁74
118	мастер	мастер	мастер	мастер	мастер	мастер
119	шаблон	шаблон	шаблон	шаблон	шаблон	шаблон
120	тип	тип	тип	тип	тип	вид
121	поставщик	поставщик	поставщик	поставщик	поставщик	поставщик
122	неактивный	неактивный	неактивный	неактивный	неактивный	▁51
123	редактировать	редактировать	редактировать	редактировать	редактировать	редактировать
124	поставщик	поставщик	поставщик	поставщик	поставщик	поставщик
125	расписание	расписание	расписание	расписание	расписание	расписание
126	скопировать	копировать	скопировать	копировать	скопировать	скопировать
127	редактировать	редактировать	редактировать	редактировать	редактировать	редактировать
128	вкладка	вкладка	вкладка	вкладка	вкладка	вкладка
129	поставщик	поставщик	поставщик	поставщик	поставщик	поставщик
130	тип	тип	тип	тип	тип	вид
131	запланировать	расписание	запланировать	расписание	запланировать	расписание
132	область	область	область	область	область	▁93
133	контракт	контракт	контракт	контракт	контракт	договор
134	хранение	хранение	хранение	срок хранение	хранение	срок хранение
135	история	история	история	история	история	▁101
136	пространство	место	пространство	пространство	пространство	пространство
137	ставка	ставка	ставка	ставка	ставка	▁74
138	вкладка	вкладка	вкладка	вкладка	вкладка	вкладка
139	тип	тип	тип	тип	тип	вид
140	место	место	место	пространство	место	пространство
141	перенести	перенести	перенести	перенести	перенести	▁110
142	тип	тип	тип	тип	тип	вид
143	экземпляр	экземпляр	экземпляр	экземпляр	экземпляр	▁53
144	открытие	открытие	открытие	действовать	открытие	▁62
145	тип	тип	тип	тип	тип	вид
146	мастер	мастер	мастер	мастер	мастер	мастер
147	тип	тип	тип	тип	тип	вид
148	вкладка	вкладка	вкладка	вкладка	вкладка	вкладка
149	▔	тип	▔	тип	▔	вид
150	планировать	расписание	планировать	расписание	планировать	расписание
151	мастер	мастер	мастер	мастер	мастер	мастер
152	запрос	запрос	запрос	запрос	запрос	▁81
153	изменить	изменить	изменить	изменить	изменить	изменить
154	вкладка	вкладка	вкладка	вкладка	вкладка	вкладка
155	перезапустить	перезапустить	перезапустить	перезапустить	перезапустить	▁83
156	приостановить	приостановить	приостановить	приостановить	приостановить	▁65
157	взаимосвязь	взаимосвязь	взаимосвязь	взаимосвязь	взаимосвязь	▁78
158	агрегированный	агрегированный	агрегированный	агрегированный	агрегированный	▁7
159	▔	контракт	▔	контракт	▔	договор
160	тип	тип	тип	тип	тип	вид
161	элемент	элемент	элемент	элемент	элемент	элемент
162	design time	design time	design time	design time	design time	▁33
163	тип	тип	тип	тип	тип	вид
164	расписание	расписание	расписание	расписание	расписание	расписание
165	тип	тип	тип	тип	тип	вид
166	получить	получить	получить	получить	получить	получить
167	обновить	обновить	обновить	обновить	обновить	обновить
168	скачать	скачать	скачать	скачать	скачать	▁37
169	проверить	проверить	проверить	проверить	проверить	проверить
170	пространство	место	пространство	пространство	пространство	пространство
171	тип	тип	тип	тип	тип	вид
172	приостановить	приостановить	приостановить	приостановить	приостановить	▁65
173	тип транзакция	тип транзакция	тип транзакция	тип транзакция	тип транзакция	▁109
174	поставщик	поставщик	поставщик	поставщик	поставщик	поставщик
175	мастер	мастер	мастер	мастер	мастер	мастер
176	тип	тип	тип	тип	тип	вид
177	тип	тип	тип	тип	тип	вид
178	поставщик	поставщик	поставщик	поставщик	поставщик	поставщик
179	редактирование	редактировать	редактирование	редактировать	редактирование	редактировать
180	входной	входной	входной	входной	входной	▁52
181	распределение	распределение	распределение	распределение	распределение	распределение
182	подтверждение услуга	подтверждение услуга	подтверждение услуга	подтверждение услуга	подтверждение услуга	▁94
183	запрос	запрос	запрос	запрос	запрос	▁81
184	использовать	использовать	использовать	использовать	использовать	▁112
185	поставщик	поставщик	поставщик	поставщик	поставщик	поставщик
186	редактирование	редактировать	редактирование	редактировать	редактирование	редактировать
187	пространство	место	пространство	пространство	пространство	пространство
188	тип	тип	тип	тип	тип	вид
189	получить	получить	получить	получить	получить	получить
190	заказ на покупка	заказ на покупка	заказ на покупка	заказ на покупка	заказ на покупка	▁73
191	заказ на покупка	заказ на покупка	заказ на покупка	заказ на покупка	заказ на покупка	▁2
192	заказ продажа	заказ продажа	заказ продажа	заказ продажа	заказ продажа	▁92
193	тип	тип	тип	тип	тип	вид
194	исключение	исключение	исключение	исключение	исключение	исключение
195	тип	тип	тип	тип	тип	вид
196	категория	категория	категория	категория	категория	категория
197	элемент	элемент	элемент	элемент	элемент	элемент
198	обновить	обновить	обновить	обновить	обновить	обновить
199	тип	тип	тип	тип	тип	вид
200	нормативный	нормативный	нормативный	нормативный	нормативный	▁77
201	исходный задание	исходный задание	исходный задание	исходный задание	исходный задание	▁98
202	▔	▁2	▔	срок	▔	▁105
203	мастер	мастер	мастер	мастер	мастер	мастер
204	поставщик	поставщик	поставщик	поставщик	поставщик	поставщик
205	вкладка	вкладка	вкладка	вкладка	вкладка	вкладка
206	вкладка	вкладка	вкладка	вкладка	вкладка	вкладка
207	тип	тип	тип	тип	тип	вид
208	тип	тип	тип	тип	тип	вид
209	срок хранение	хранение	срок хранение	срок хранение	срок хранение	срок хранение
210	тип транзакция	тип транзакция	тип транзакция	тип транзакция	тип транзакция	▁109
211	тип	тип	тип	тип	тип	вид
212	подтверждение услуга	подтверждение услуга	подтверждение услуга	подтверждение услуга	подтверждение услуга	▁94
213	расчёт процент	расчёт процент	расчёт процент	расчёт процент	расчёт процент	▁54
214	элемент	элемент	элемент	элемент	элемент	▁23
215	редактировать	редактировать	редактировать	редактировать	редактировать	редактировать
216	редактирование	редактировать	редактирование	редактировать	редактирование	редактировать
217	заказ на покупка	заказ на покупка	заказ на покупка	заказ на покупка	заказ на покупка	▁73
218	заказ на покупка	заказ на покупка	заказ на покупка	заказ на покупка	заказ на покупка	▁2
219	объединить	объединить	объединить	объединить	объединить	объединить
220	пакет работа	пакет работа	пакет работа	пакет работа	пакет работа	▁116
221	тип	тип	тип	тип	тип	вид
222	расписание	расписание	расписание	расписание	расписание	расписание
223	приостановить	приостановить	приостановить	приостановить	приостановить	▁65
224	ассоциация	ассоциация	ассоциация	ассоциация	ассоциация	▁12
225	вид	тип	вид	тип	вид	вид
226	обновить	обновить	обновить	обновить	обновить	обновить
227	действие	действие	действие	действие	действие	▁4
228	тип	тип	тип	тип	тип	вид
229	список использование	список использование	список использование	список использование	список использование	▁114
230	записать	записать	записать	записать	записать	▁76
231	ремонт	ремонт	ремонт	ремонт	ремонт	ремонт
232	контракт	контракт	контракт	контракт	контракт	договор
233	система охрана окружающий среда , здоровье и безопасность	система охрана окружающий среда , здоровье и безопасность	система охрана окружающий среда , здоровье и безопасность	система охрана окружающий среда , здоровье и безопасность	система охрана окружающий среда , здоровье и безопасность	▁0
234	тип	тип	тип	тип	тип	вид
235	запрос	запрос	запрос	запрос	запрос	▁81
236	агент	агент	агент	агент	агент	агент
237	запрос	запрос	запрос	запрос	запрос	▁81
238	выполнение	выполнение	выполнение	выполнение	выполнение	▁90
239	подтверждение услуга	подтверждение услуга	подтверждение услуга	подтверждение услуга	подтверждение услуга	▁94
240	поставщик	поставщик	поставщик	поставщик	поставщик	поставщик
241	характеристика	характеристика	характеристика	характеристика	характеристика	характеристика
242	срок хранение	хранение	срок хранение	срок хранение	срок хранение	срок хранение
243	перевозчик	перевозчик	перевозчик	перевозчик	перевозчик	перевозчик
244	подтверждение услуга	подтверждение услуга	подтверждение услуга	подтверждение услуга	подтверждение услуга	▁94
245	использовать	использовать	использовать	использовать	использовать	▁112
246	тип транспорт	тип транспорт	тип транспорт	тип транспорт	тип транспорт	▁111
247	тип	тип	тип	тип	тип	вид
248	договор	контракт	договор	контракт	договор	договор
249	заказ продажа	заказ продажа	заказ продажа	заказ продажа	заказ продажа	▁92
250	релиз	релиз	релиз	релиз	релиз	▁79
251	клиринговый центр	клиринговый центр	клиринговый центр	клиринговый дом	клиринговый центр	▁22
252	клиринговый дом	клиринговый центр	клиринговый дом	клиринговый дом	клиринговый дом	▁22
253	сводка	обзор	сводка	сводка	сводка	сводка
254	изменить	изменить	изменить	изменить	изменить	изменить
255	действовать	открытие	действовать	действовать	действовать	▁62
256	отслеживание	отслеживание	отслеживание	отслеживание	отслеживание	▁59
257	тип	тип	тип	тип	тип	вид
258	тип событие	тип событие	тип событие	тип событие	тип событие	▁40
259	установить	настроить	установить	настроить	установить	▁96
260	тип	тип	тип	тип	тип	вид
261	редактировать	редактировать	редактировать	редактировать	редактировать	редактировать
262	расписание	расписание	расписание	расписание	расписание	расписание
263	редактировать	редактировать	редактировать	редактировать	редактировать	редактировать
264	тип	тип	тип	тип	тип	вид
265	тип	тип	тип	тип	тип	вид
266	отчётность	отчётность	отчётность	отчётность	отчётность	▁80
267	редактировать	редактировать	редактировать	редактировать	редактировать	редактировать
268	▔	тип	▔	тип	▔	вид
269	срок	▁2	срок	срок	срок	▁105
270	тип	тип	тип	тип	тип	вид
271	контракт	контракт	контракт	контракт	контракт	договор
272	▔	тип	▔	тип	▔	вид
273	активировать	активировать	активировать	активировать	активировать	активировать
274	изменить	редактировать	изменить	редактировать	изменить	редактировать
275	пробел	пробел	пробел	пробел	пробел	▁45
276	модель потребление	модель потребление	модель потребление	модель потребление	модель потребление	▁28
277	расписание	расписание	расписание	расписание	расписание	расписание
278	просмотреть	просмотреть	просмотреть	просмотреть	просмотреть	▁89
279	обновить	обновить	обновить	обновить	обновить	обновить
280	тип	тип	тип	тип	тип	вид
281	оператор	оператор	оператор	контроллер	оператор	оператор
282	место хранение	место хранение	место хранение	место хранение	место хранение	место хранение
283	согласие	согласие	согласие	согласие	согласие	согласие
284	использовать	использовать	использовать	использовать	использовать	▁112
285	количество	количество	количество	количество	количество	▁9
286	провайдер	поставщик	провайдер	поставщик	провайдер	поставщик
287	применить	применить	применить	применить	применить	▁11
288	отменить	отмена	отменить	отмена	отменить	отмена
289	тип	тип	тип	тип	тип	вид
290	получить	получить	получить	получить	получить	получить
291	лот	лот	лот	лот	лот	▁56
292	проверить	проверить	проверить	проверить	проверить	проверить
293	тип	тип	тип	тип	тип	вид
294	выполнять	выполнение	выполнять	выполнение	выполнять	▁90
295	редактировать	редактировать	редактировать	редактировать	редактировать	редактировать
296	изменить	изменить	изменить	изменить	изменить	изменить
297	запись журнал	запись журнал	запись журнал	запись журнал	запись журнал	запись журнал
298	поставщик	поставщик	поставщик	поставщик	поставщик	поставщик
299	аккаунт	аккаунт	аккаунт	аккаунт	аккаунт	▁3
300	следующий	следующий	следующий	следующий	следующий	▁44
301	тип	тип	тип	тип	тип	вид
302	следующий	следующий	следующий	следующий	следующий	▁44
303	время хранение	время хранение	время хранение	время хранение	время хранение	▁86
304	вкладка	вкладка	вкладка	вкладка	вкладка	вкладка
305	изменить	изменить	изменить	изменить	изменить	изменить
306	тип	тип	тип	тип	тип	вид
307	закрыть	закрыть	закрыть	закрыть	закрыть	закрыть
308	налог у источник	налог у источник	налог у источник	налог у источник	налог у источник	▁115
309	лимит	лимит	лимит	лимит	лимит	лимит
310	проверка	проверка	проверка	проверка	проверка	проверка
311	вывод	результат	вывод	вывод	вывод	вывод
312	индикатор блокировка	индикатор блокировка	индикатор блокировка	индикатор блокировка	индикатор блокировка	индикатор блокировка
313	планирование	расписание	планирование	расписание	планирование	расписание
314	график прогнозировать поставка	график прогнозировать поставка	график прогнозировать поставка	график поставка	график прогнозировать поставка	▁100
315	вкладка	вкладка	вкладка	вкладка	вкладка	вкладка
316	сопоставление	▁1	сопоставление	сопоставление	сопоставление	сопоставление
317	редактировать	редактировать	редактировать	редактировать	редактировать	редактировать
318	форма	форма	форма	форма	форма	форма
319	использовать	использовать	использовать	использовать	использовать	▁112
320	расписание	расписание	расписание	расписание	расписание	расписание
321	в подготовка	в подготовка	в подготовка	в подготовка	в подготовка	▁49
322	тип	тип	тип	тип	тип	вид
323	сопоставление	сопоставление	сопоставление	сопоставление	сопоставление	▁58
324	расписание	расписание	расписание	расписание	расписание	расписание
325	тип	тип	тип	тип	тип	вид
326	копировать	копировать	копировать	копировать	копировать	скопировать
327	▔	тип	▔	тип	▔	вид
328	сводка	обзор	сводка	сводка	сводка	сводка
329	подтверждение услуга	подтверждение услуга	подтверждение услуга	подтверждение услуга	подтверждение услуга	▁94
330	уровень проводок	уровень проводок	уровень проводок	уровень проводок	уровень проводок	уровень проводок
331	данные	входной	данные	входной	данные	▁52
332	▔	выставление	▔	выставление	▔	▁15
333	группа	группировка	группа	группа	группа	группа
334	тип	тип	тип	тип	тип	вид
335	экологический предел	экологический предел	экологический предел	экологический предел	экологический предел	▁39
336	повторный изложение	повторный изложение	повторный изложение	повторный изложение	повторный изложение	▁84
337	перезапустить	перезапустить	перезапустить	перезапустить	перезапустить	▁83
338	личный информация	личный информация	личный информация	личный информация	личный информация	личный информация
339	срок хранение	хранение	срок хранение	срок хранение	срок хранение	срок хранение
340	тип	тип	тип	тип	тип	вид
341	транзакция	транзакция	транзакция	транзакция	транзакция	транзакция
342	▔	тип	▔	тип	▔	вид
343	репликация данные	репликация данные	репликация данные	репликация данные	репликация данные	репликация данные
344	оплата	оплата	оплата	оплата	оплата	▁66
345	оповещение	оповещение	оповещение	оповещение	оповещение	▁8
346	▔	тип	▔	тип	▔	вид
347	тип	тип	тип	тип	тип	вид
348	истечение	истечение	истечение	истечение	истечение	▁41
349	контракт	контракт	контракт	контракт	контракт	договор
350	дата начало действие	дата начало действие	дата начало действие	дата начало действие	дата начало действие	▁113
351	редактирование	редактировать	редактирование	редактировать	редактирование	редактировать
352	контракт	контракт	контракт	контракт	контракт	договор
353	▔	тип	▔	тип	▔	вид
354	категория использование	категория использование	категория использование	категория использование	категория использование	категория использование
355	действие	действие	действие	действие	действие	действие
356	идентификатор поставщик	идентификатор поставщик	идентификатор поставщик	идентификатор поставщик	идентификатор поставщик	идентификатор поставщик
357	тип	тип	тип	тип	тип	вид
358	тип	тип	тип	тип	тип	вид
359	подтверждение обслуживание	подтверждение услуга	подтверждение обслуживание	подтверждение услуга	подтверждение обслуживание	▁94
360	распределение	распределение	распределение	распределение	распределение	распределение
361	распределение	распределение	распределение	распределение	распределение	распределение
362	получить	получить	получить	получить	получить	получить
363	действие	действие	действие	действие	действие	▁4
364	входной	входной	входной	входной	входной	▁52
365	копировать	копировать	копировать	копировать	копировать	скопировать
366	тип	тип	тип	тип	тип	вид
367	личный информация	личный информация	личный информация	личный информация	личный информация	личный информация
368	заявка	заявка	заявка	заявка	заявка	▁19
369	купля-продажа	контракт	купля-продажа	контракт	купля-продажа	договор
370	редактировать	редактировать	редактировать	редактировать	редактировать	редактировать
371	поставщик	поставщик	поставщик	поставщик	поставщик	поставщик
372	переходить	переходить	переходить	переходить	переходить	▁47
373	обработка	обработка	обработка	обработка	обработка	▁70
374	▔	оператор	▔	контроллер	▔	оператор
375	действие	действие	действие	действие	действие	действие
376	цель	цель	цель	цель	цель	цель
377	изменить	изменить	изменить	изменить	изменить	изменить
378	удерживать налог	налог у источник	удерживать налог	налог у источник	удерживать налог	▁115
379	назначение	назначение	назначение	назначение	назначение	назначение
380	услуга	услуга	услуга	услуга	услуга	услуга
381	пространство	место	пространство	пространство	пространство	пространство
382	действие	действие	действие	действие	действие	▁4
383	прикрепить	прикрепить	прикрепить	прикрепить	прикрепить	▁13
384	платёж	оплата	платёж	оплата	платёж	▁66
385	вывод	результат	вывод	вывод	вывод	вывод
386	мероприятие	мероприятие	мероприятие	мероприятие	мероприятие	▁5
387	входной	входной	входной	входной	входной	▁52
388	входной	входной	входной	входной	входной	▁52
389	использовать	использовать	использовать	использовать	использовать	▁112
390	изменить	изменить	изменить	изменить	изменить	изменить
391	тип	тип	тип	тип	тип	вид
392	тип	тип	тип	тип	тип	вид
393	изменение	изменить	изменение	изменить	изменение	изменить
394	транспорт	транспорт	транспорт	транспорт	транспорт	транспорт
395	перевозчик	перевозчик	перевозчик	перевозчик	перевозчик	перевозчик
396	подключение	подключение	подключение	подключение	подключение	подключение
397	обработка	обработка	обработка	обработка	обработка	▁70
398	активировать	активировать	активировать	активировать	активировать	активировать
399	предоставлять	поставщик	предоставлять	поставщик	предоставлять	поставщик
400	общий	общий	общий	общий	общий	▁108
401	контроллер	оператор	контроллер	контроллер	контроллер	оператор
402	клавиша управление подтверждение	клавиша управление подтверждение	клавиша управление подтверждение	клавиша управление подтверждение	клавиша управление подтверждение	▁26
403	сверять	сверять	сверять	сверять	сверять	▁75
404	тип	тип	тип	тип	тип	вид
405	поставщик	поставщик	поставщик	поставщик	поставщик	поставщик
406	тип	тип	тип	тип	тип	вид
407	потребление	потребление	потребление	потребление	потребление	▁27
408	категория	категория	категория	категория	категория	категория
409	пауза	приостановить	пауза	приостановить	пауза	▁65
410	тип	тип	тип	тип	тип	вид
411	▔	транспорт	▔	транспорт	▔	транспорт
412	вкладка	вкладка	вкладка	вкладка	вкладка	вкладка
413	тип	тип	тип	тип	тип	вид
414	рабочий процесс	рабочий процесс	рабочий процесс	рабочий процесс	рабочий процесс	рабочий процесс
415	коллекторский агентство	коллекторский агентство	коллекторский агентство	коллекторский агентство	коллекторский агентство	коллекторский агентство
416	тип	тип	тип	тип	тип	вид
417	тип	тип	тип	тип	тип	вид
418	клиент	клиент	клиент	клиент	клиент	клиент
419	категория	категория	категория	категория	категория	категория
420	редактировать	редактировать	редактировать	редактировать	редактировать	редактировать
421	характеристика	характеристика	характеристика	характеристика	характеристика	характеристика
422	релиз	релиз	релиз	релиз	релиз	▁79
423	аналитический график	аналитический график	аналитический график	аналитический график	аналитический график	▁10
424	провайдер	поставщик	провайдер	поставщик	провайдер	поставщик
425	присвоить	присвоить	присвоить	присвоить	присвоить	присвоить
426	тип запуск	тип запуск	тип запуск	тип запуск	тип запуск	▁91
427	выход	выход	выход	выход	выход	выход
428	поставщик данные	поставщик данные	поставщик данные	поставщик данные	поставщик данные	▁31
429	учётный	аккаунт	учётный	аккаунт	учётный	▁3
430	проверить	проверить	проверить	проверить	проверить	проверить
431	тип	тип	тип	тип	тип	вид
432	сохранять	сохранять	сохранять	сохранять	сохранять	▁57
433	структура местоположение	структура местоположение	структура местоположение	структура местоположение	структура местоположение	структура местоположение
434	соблюдение	соблюдение	соблюдение	соблюдение	соблюдение	▁25
435	тема	тема	тема	тема	тема	▁107
436	компенсация	компенсация	компенсация	компенсация	компенсация	▁24
437	процедура ценообразование	процедура ценообразование	процедура ценообразование	процедура ценообразование	процедура ценообразование	▁69
438	сборка	assembly	сборка	assembly	сборка	сборка
439	вкладка	вкладка	вкладка	вкладка	вкладка	вкладка
440	редактировать	редактировать	редактировать	редактировать	редактировать	редактировать
441	шаблон	шаблон	шаблон	шаблон	шаблон	шаблон
442	тип	тип	тип	тип	тип	вид
443	транзакция	транзакция	транзакция	транзакция	транзакция	транзакция
444	прекратить	прекратить	прекратить	eventstop	прекратить	▁99
445	вкладка	вкладка	вкладка	вкладка	вкладка	вкладка
446	активировать	активировать	активировать	активировать	активировать	активировать
447	контракт	контракт	контракт	контракт	контракт	договор
448	редактировать	редактировать	редактировать	редактировать	редактировать	редактировать
449	мастер	мастер	мастер	мастер	мастер	мастер
450	категория объект	категория объект	категория объект	категория объект	категория объект	▁61
451	отменить	отменить	отменить	отменить	отменить	отменить
452	ограниченный	ограниченный	ограниченный	ограниченный	ограниченный	▁85
453	актив	актив	актив	актив	актив	актив
454	проверка	проверка	проверка	проверка	проверка	проверка
455	использовать	использовать	использовать	использовать	использовать	▁112
456	отчётность	отчётность	отчётность	отчётность	отчётность	▁80
457	тип классификация	тип классификация	тип классификация	тип классификация	тип классификация	▁21
458	на рассмотрение	на рассмотрение	на рассмотрение	на рассмотрение	на рассмотрение	▁50
459	поставщик	поставщик	поставщик	поставщик	поставщик	поставщик
460	тип	тип	тип	тип	тип	вид
461	вкладка	вкладка	вкладка	вкладка	вкладка	вкладка
462	eventstop	прекратить	eventstop	eventstop	eventstop	▁99
463	обновить	обновить	обновить	обновить	обновить	обновить
464	порядок	порядок	порядок	порядок	порядок	порядок
465	расписание	расписание	расписание	расписание	расписание	расписание
466	вкладка	вкладка	вкладка	вкладка	вкладка	вкладка
467	распределение	распределение	распределение	распределение	распределение	▁35
468	записать	записать	записать	записать	записать	▁76
469	ресурс	ресурс	ресурс	ресурс	ресурс	ресурс
470	группировка	группировка	группировка	группировка	группировка	▁48
471	платёжный документ	платёжный документ	платёжный документ	платёжный документ	платёжный документ	▁17
472	запись уточнение	запись уточнение	запись уточнение	запись уточнение	запись уточнение	▁20
473	редактирование	редактировать	редактирование	редактировать	редактирование	редактировать
474	использовать	использовать	использовать	использовать	использовать	▁112
475	тип	тип	тип	тип	тип	вид
476	транспортный	транспорт	транспортный	транспорт	транспортный	транспорт
477	поставщик	поставщик	поставщик	поставщик	поставщик	поставщик
478	тип	тип	тип	тип	тип	вид
479	распределение выручка	распределение выручка	распределение выручка	распределение выручка	распределение выручка	▁88
480	триггер	триггер	триггер	триггер	триггер	триггер
481	тип	тип	тип	тип	тип	вид
482	внутренний номер	внутренний номер	внутренний номер	внутренний номер	внутренний номер	▁43
483	тип	тип	тип	тип	тип	вид
484	публичный	публичный	публичный	публичный	публичный	▁72
485	приостановить	приостановить	приостановить	приостановить	приостановить	▁65
486	контракт	контракт	контракт	контракт	контракт	договор
487	получить	получить	получить	получить	получить	получить
488	контракт	контракт	контракт	контракт	контракт	договор
489	применить	применить	применить	применить	применить	▁11
490	тип процесс	тип процесс	тип процесс	тип процесс	тип процесс	▁71
491	содержание	содержимое	содержание	содержание	содержание	▁29
492	тип	тип	тип	тип	тип	вид
493	редактировать	редактировать	редактировать	редактировать	редактировать	редактировать
494	график поставка	график прогнозировать поставка	график поставка	график поставка	график поставка	▁100
495	организовать	расписание	организовать	расписание	организовать	расписание
496	загрузка	загрузка	загрузка	загрузка	загрузка	загрузка
497	изменить	изменить	изменить	изменить	изменить	изменить
498	▔	тип	▔	тип	▔	вид
499	поставщик	поставщик	поставщик	поставщик	поставщик	поставщик
500	вывод	результат	вывод	вывод	вывод	вывод
501	тип	тип	тип	тип	тип	вид
502	отключить	отключить	отключить	отключить	отключить	▁34
503	нумерический	нумерический	нумерический	нумерический	нумерический	▁60
504	тип документ	тип документ	тип документ	тип документ	тип документ	▁36
505	получить	получить	получить	получить	получить	получить
506	категория	категория	категория	категория	категория	категория
507	обновить	обновить	обновить	обновить	обновить	обновить
508	сводка	обзор	сводка	сводка	сводка	сводка
509	дать оплата	дать оплата	дать оплата	дать оплата	дать оплата	▁16
510	назначение единый аккаунт	назначение единый аккаунт	назначение единый аккаунт	назначение единый аккаунт	назначение единый аккаунт	▁97
511	отменить	отменить	отменить	отменить	отменить	отменить
512	управление	управление	управление	управление	управление	▁30
513	подтип	подтип	подтип	подтип	подтип	▁102
