	tgt	pseudoref_first	tgt	pseudoref_frequent	tgt	pseudoref_predefined
0	область	область	область	область	область	область
1	договор	договор	договор	договор	договор	договор
2	тип	тип	тип	тип	тип	вид
3	выручка	выручка	выручка	выручка	выручка	выручка
4	обновить	обновить	обновить	обновление	обновить	обновить
5	интервал	интервал	интервал	диапазон	интервал	интервал
6	поставщик	поставщик	поставщик	провайдер	поставщик	поставщик
7	провайдер	поставщик	провайдер	провайдер	провайдер	поставщик
8	перейтировка	перейтировка	перейтировка	перейтировка	перейтировка	▁9
9	вид	тип	вид	тип	вид	вид
10	ввод	ввод	ввод	ввод	ввод	ввод
11	тип	тип	тип	тип	тип	вид
12	вид	тип	вид	тип	вид	вид
13	цель	цель	цель	назначение	цель	назначение
14	тип	тип	тип	тип	тип	вид
15	тип	тип	тип	тип	тип	вид
16	общедоступный	общедоступный	общедоступный	общедоступный	общедоступный	общедоступный
17	поставщик	поставщик	поставщик	провайдер	поставщик	поставщик
18	ввод	ввод	ввод	ввод	ввод	ввод
19	тип	тип	тип	тип	тип	вид
20	отсрочить	отсрочить	отсрочить	отсрочить	отсрочить	отсрочить
21	провайдер	поставщик	провайдер	провайдер	провайдер	поставщик
22	предписание	предписание	предписание	предписание	предписание	предписание
23	провайдер	поставщик	провайдер	провайдер	провайдер	поставщик
24	ввод	ввод	ввод	ввод	ввод	ввод
25	вывод	вывод	вывод	вывод	вывод	вывод
26	билетный	билетный	билетный	билетный	билетный	фактурирование
27	разузлование	разузлование	разузлование	разузлование	разузлование	разузлование
28	связь	связь	связь	связь	связь	связь
29	группа	группа	группа	группа	группа	группа
30	тип	тип	тип	тип	тип	вид
31	соглашение	договор	соглашение	договор	соглашение	договор
32	область	область	область	область	область	▁55
33	добавить	добавить	добавить	добавить	добавить	▁4
34	сопоставление	сопоставление	сопоставление	мэппинг	сопоставление	мэппинг
35	сводка	сводка	сводка	сводка	сводка	резюме
36	валюта	валюта	валюта	валюта	валюта	▁29
37	пространство	пространство	пространство	пространство	пространство	пространство
38	редактировать	редактировать	редактировать	редактировать	редактировать	обработать
39	пространство	пространство	пространство	пространство	пространство	пространство
40	расписание	расписание	расписание	расписание	расписание	запланировать
41	ввод	ввод	ввод	ввод	ввод	ввод
42	ведомость	ведомость	ведомость	ведомость	ведомость	▁56
43	поставщик	поставщик	поставщик	провайдер	поставщик	поставщик
44	поставщик	поставщик	поставщик	провайдер	поставщик	поставщик
45	диапазон	интервал	диапазон	диапазон	диапазон	интервал
46	ввод	ввод	ввод	ввод	ввод	ввод
47	тип	тип	тип	тип	тип	вид
48	расписание	расписание	расписание	расписание	расписание	запланировать
49	поставщик данные	поставщик данные	поставщик данные	провайдер данные	поставщик данные	провайдер данные
50	период хранение	период хранение	период хранение	период пребывание	период хранение	▁49
51	приостановление	приостановление	приостановление	приостановление	приостановление	приостановление
52	тип проект	тип проект	тип проект	тип проект	тип проект	тип проект
53	мастер	мастер	мастер	мастер	мастер	мастер
54	поток	поток	поток	поток	поток	поток
55	определение	сопоставление	определение	мэппинг	определение	мэппинг
56	дата	дата	дата	дата	дата	▁23
57	отметить	отметить	отметить	отметить	отметить	отметить
58	провайдер	поставщик	провайдер	провайдер	провайдер	поставщик
59	транзакция	транзакция	транзакция	движение	транзакция	движение
60	пользовательский поле	пользовательский поле	пользовательский поле	пользовательский поле	пользовательский поле	пользовательский поле
61	▔	область	▔	область	▔	область
62	период пребывание	период хранение	период пребывание	период пребывание	период пребывание	▁49
63	деталь	деталь	деталь	деталь	деталь	деталь
64	диапазон	интервал	диапазон	диапазон	диапазон	интервал
65	поставщик	поставщик	поставщик	провайдер	поставщик	поставщик
66	баланс	баланс	баланс	баланс	баланс	баланс
67	копировать	копировать	копировать	копировать	копировать	копирование
68	разграничение	разграничение	разграничение	разграничение	разграничение	разграничение
69	тип	тип	тип	тип	тип	вид
70	использование	использование	использование	использование	использование	использование
71	тип	тип	тип	тип	тип	вид
72	расписание	расписание	расписание	расписание	расписание	запланировать
73	тип	тип	тип	тип	тип	вид
74	▔	вывод	▔	вывод	▔	вывод
75	ввод	ввод	ввод	ввод	ввод	ввод
76	вид	тип	вид	тип	вид	вид
77	перерасчёт	перерасчёт	перерасчёт	перерасчёт	перерасчёт	перерасчёт
78	договор	договор	договор	договор	договор	договор
79	изменить	редактировать	изменить	редактировать	изменить	обработать
80	требовать потребность	требовать потребность	требовать потребность	требовать потребность	требовать потребность	▁19
81	▔	ввод	▔	ввод	▔	ввод
82	▔	▁5	▔	▁2	▔	▁35
83	пространство	пространство	пространство	пространство	пространство	пространство
84	разграничение	разграничение	разграничение	разграничение	разграничение	разграничение
85	период пребывание	период хранение	период пребывание	период пребывание	период пребывание	▁49
86	контракт	договор	контракт	договор	контракт	договор
87	сборка	сборка	сборка	сборка	сборка	сборка
88	копирование	копировать	копирование	копировать	копирование	копирование
89	расписание	расписание	расписание	расписание	расписание	запланировать
90	разграничение	разграничение	разграничение	разграничение	разграничение	разграничение
91	провайдер	поставщик	провайдер	провайдер	провайдер	поставщик
92	ведомость служба	ведомость	ведомость служба	ведомость	ведомость служба	▁56
93	тип	тип	тип	тип	тип	вид
94	▔	▁1	▔	изменение	▔	изменение
95	расписание	расписание	расписание	расписание	расписание	запланировать
96	отмена	отмена	отмена	отмена	отмена	отмена
97	▔	▁7	▔	приостановка	▔	приостановка
98	содержание	содержание	содержание	содержание	содержание	▁17
99	настройка	настройка	настройка	настроить	настройка	настроить
100	тредs	тредs	тредs	тредs	тредs	▁60
101	личный дать	личный дать	личный дать	личный дать	личный дать	личный дать
102	личный дать	личный дать	личный дать	личный дать	личный дать	личный дать
103	поставщик	поставщик	поставщик	провайдер	поставщик	поставщик
104	тип	тип	тип	тип	тип	вид
105	▔	▁0	▔	▁0	▔	▁7
106	активация	активация	активация	активация	активация	активация
107	провайдер данные	поставщик данные	провайдер данные	провайдер данные	провайдер данные	провайдер данные
108	отчётность	отчётность	отчётность	отчёт	отчётность	отчёт
109	категория	категория	категория	категория	категория	категория
110	тип	тип	тип	тип	тип	вид
111	клиент	клиент	клиент	клиент	клиент	клиент
112	тип	тип	тип	тип	тип	вид
113	изменение	▁1	изменение	изменение	изменение	изменение
114	поставщик	поставщик	поставщик	провайдер	поставщик	поставщик
115	расписание	расписание	расписание	расписание	расписание	запланировать
116	провайдер	поставщик	провайдер	провайдер	провайдер	поставщик
117	курс	курс	курс	курс	курс	курс
118	мастер	мастер	мастер	мастер	мастер	мастер
119	шаблон	шаблон	шаблон	шаблон	шаблон	шаблон
120	тип	тип	тип	тип	тип	вид
121	провайдер	поставщик	провайдер	провайдер	провайдер	поставщик
122	неактивный	неактивный	неактивный	неактивный	неактивный	▁34
123	редактировать	редактировать	редактировать	редактировать	редактировать	обработать
124	провайдер	поставщик	провайдер	провайдер	провайдер	поставщик
125	планирование	расписание	планирование	расписание	планирование	запланировать
126	копировать	копировать	копировать	копировать	копировать	копирование
127	редактировать	редактировать	редактировать	редактировать	редактировать	обработать
128	вкладка	вкладка	вкладка	вкладка	вкладка	вкладка
129	провайдер	поставщик	провайдер	провайдер	провайдер	поставщик
130	тип	тип	тип	тип	тип	вид
131	запланирование	расписание	запланирование	расписание	запланирование	запланировать
132	▔	область	▔	область	▔	▁55
133	договор	договор	договор	договор	договор	договор
134	срок аренда	срок аренда	срок аренда	срок хранение	срок аренда	период хранение
135	журнал	журнал	журнал	журнал	журнал	журнал
136	пространство	пространство	пространство	пространство	пространство	пространство
137	▔	курс	▔	курс	▔	курс
138	вкладка	вкладка	вкладка	вкладка	вкладка	вкладка
139	тип	тип	тип	тип	тип	вид
140	пространство	пространство	пространство	пространство	пространство	пространство
141	перевести	перевести	перевести	перевести	перевести	перевести
142	тип	тип	тип	тип	тип	вид
143	инстанция	инстанция	инстанция	инстанция	инстанция	инстанция
144	открытие	открытие	открытие	открытие	открытие	▁42
145	тип	тип	тип	тип	тип	вид
146	мастер	мастер	мастер	мастер	мастер	мастер
147	тип	тип	тип	тип	тип	вид
148	вкладка	вкладка	вкладка	вкладка	вкладка	вкладка
149	вид	тип	вид	тип	вид	вид
150	планирование	расписание	планирование	расписание	планирование	запланировать
151	▔	мастер	▔	мастер	▔	мастер
152	заявкас	заявкас	заявкас	заявка	заявкас	заявка
153	изменение	▁1	изменение	изменение	изменение	изменение
154	вкладка	вкладка	вкладка	вкладка	вкладка	вкладка
155	перезапуск	перезапуск	перезапуск	перезапуск	перезапуск	перезапуск
156	приостановка	▁7	приостановка	приостановка	приостановка	приостановка
157	связь	связь	связь	связь	связь	связь
158	агрегировать	агрегировать	агрегировать	агрегировать	агрегировать	агрегировать
159	контракт	договор	контракт	договор	контракт	договор
160	тип	тип	тип	тип	тип	вид
161	элемент	элемент	элемент	позиция	элемент	позиция
162	время дизайн	время дизайн	время дизайн	время дизайн	время дизайн	▁20
163	тип	тип	тип	тип	тип	вид
164	расписание	расписание	расписание	расписание	расписание	запланировать
165	вид	тип	вид	тип	вид	вид
166	▔	▁3	▔	получить	▔	получить
167	обновление	обновить	обновление	обновление	обновление	обновить
168	выгружать	выгружать	выгружать	выгружать	выгружать	выгружать
169	▔	▁2	▔	проверка	▔	проверка
170	пространство	пространство	пространство	пространство	пространство	пространство
171	вид	тип	вид	тип	вид	вид
172	▔	▁7	▔	приостановка	▔	приостановка
173	транзакция	транзакция	транзакция	тип сделка	транзакция	▁62
174	поставщик	поставщик	поставщик	провайдер	поставщик	поставщик
175	шаг	мастер	шаг	мастер	шаг	мастер
176	тип	тип	тип	тип	тип	вид
177	тип	тип	тип	тип	тип	вид
178	поставщик	поставщик	поставщик	провайдер	поставщик	поставщик
179	редактировать	редактировать	редактировать	редактировать	редактировать	обработать
180	вход	ввод	вход	ввод	вход	ввод
181	перерасчёт	перерасчёт	перерасчёт	перерасчёт	перерасчёт	перерасчёт
182	▔	▁9	▔	подтверждение сервис	▔	подтверждение сервис
183	заявка	заявкас	заявка	заявка	заявка	заявка
184	▔	использование	▔	использование	▔	использование
185	провайдер	поставщик	провайдер	провайдер	провайдер	поставщик
186	редактировать	редактировать	редактировать	редактировать	редактировать	обработать
187	пространство	пространство	пространство	пространство	пространство	пространство
188	тип	тип	тип	тип	тип	вид
189	получить	▁3	получить	получить	получить	получить
190	заказ входящий	заказ входящий	заказ входящий	заказ входящий	заказ входящий	▁47
191	заказ	заказ	заказ	заказ	заказ	▁1
192	заказ заказ	заказ заказ	заказ заказ	заказ заказ	заказ заказ	▁54
193	вид	тип	вид	тип	вид	вид
194	исключение	исключение	исключение	исключение	исключение	исключение
195	тип	тип	тип	тип	тип	вид
196	тип	категория	тип	категория	тип	категория
197	позиция	элемент	позиция	позиция	позиция	позиция
198	обновление	обновить	обновление	обновление	обновление	обновить
199	тип	тип	тип	тип	тип	вид
200	предписание	предписание	предписание	предписание	предписание	предписание
201	оценка источник	оценка источник	оценка источник	оценка источник	оценка источник	▁57
202	оговорка	оговорка	оговорка	оговорка	оговорка	оговорка
203	мастер	мастер	мастер	мастер	мастер	мастер
204	провайдер	поставщик	провайдер	провайдер	провайдер	поставщик
205	вкладка	вкладка	вкладка	вкладка	вкладка	вкладка
206	вкладка	вкладка	вкладка	вкладка	вкладка	вкладка
207	ситуация	тип	ситуация	тип	ситуация	вид
208	тип	тип	тип	тип	тип	вид
209	срок хранение	срок аренда	срок хранение	срок хранение	срок хранение	период хранение
210	тип сделка	транзакция	тип сделка	тип сделка	тип сделка	▁62
211	вид	тип	вид	тип	вид	вид
212	подтверждение служба	▁9	подтверждение служба	подтверждение сервис	подтверждение служба	подтверждение сервис
213	начисление процент	начисление процент	начисление процент	начисление процент	начисление процент	начисление процент
214	перерасчётный позиция	перерасчётный позиция	перерасчётный позиция	перерасчётный позиция	перерасчётный позиция	перерасчётный позиция
215	редактировать	редактировать	редактировать	редактировать	редактировать	обработать
216	редактирование	редактировать	редактирование	редактировать	редактирование	обработать
217	заказ исходящий	заказ входящий	заказ исходящий	заказ входящий	заказ исходящий	▁47
218	заказ исходящий	заказ	заказ исходящий	заказ	заказ исходящий	▁1
219	▔	▁6	▔	▁3	▔	▁39
220	рабочий пакет	рабочий пакет	рабочий пакет	рабочий пакет	рабочий пакет	рабочий пакет
221	вид	тип	вид	тип	вид	вид
222	расписание	расписание	расписание	расписание	расписание	запланировать
223	▔	▁7	▔	приостановка	▔	приостановка
224	связь	связь	связь	связь	связь	связь
225	тип	тип	тип	тип	тип	вид
226	обновление	обновить	обновление	обновление	обновление	обновить
227	действие	действие	действие	действие	действие	операция
228	тип	тип	тип	тип	тип	вид
229	список использовать	список использовать	список использовать	список использовать	список использовать	▁66
230	запись	запись	запись	записывать	запись	запись
231	ремонт	ремонт	ремонт	ремонт	ремонт	ремонт
232	контракт	договор	контракт	договор	контракт	договор
233	окружающий среда , здоровье и безопасность	окружающий среда , здоровье и безопасность	окружающий среда , здоровье и безопасность	окружающий среда , здоровье и безопасность	окружающий среда , здоровье и безопасность	▁0
234	тип	тип	тип	тип	тип	вид
235	заявкатить	заявкас	заявкатить	заявка	заявкатить	заявка
236	агент	агент	агент	агент	агент	агент
237	заявка	заявкас	заявка	заявка	заявка	заявка
238	выполнение	выполнение	выполнение	выполнение	выполнение	▁52
239	подтверждение сервис	▁9	подтверждение сервис	подтверждение сервис	подтверждение сервис	подтверждение сервис
240	поставщик	поставщик	поставщик	провайдер	поставщик	поставщик
241	характеристика	характеристика	характеристика	характеристика	характеристика	характеристика
242	срок хранение	срок аренда	срок хранение	срок хранение	срок хранение	период хранение
243	перевозчик	перевозчик	перевозчик	перевозчик	перевозчик	перевозчик
244	сервис подтверждение сервис	▁9	сервис подтверждение сервис	подтверждение сервис	сервис подтверждение сервис	подтверждение сервис
245	использование	использование	использование	использование	использование	использование
246	тип транспортировка	тип транспортировка	тип транспортировка	тип транспортировка	тип транспортировка	▁63
247	тип	тип	тип	тип	тип	вид
248	договор	договор	договор	договор	договор	договор
249	заказ заказ	заказ заказ	заказ заказ	заказ заказ	заказ заказ	▁54
250	деблокировать	деблокировать	деблокировать	деблокировать	деблокировать	деблокировать
251	расчётный центр	расчётный центр	расчётный центр	расчётный центр	расчётный центр	расчётный центр
252	расчётный центр	расчётный центр	расчётный центр	расчётный центр	расчётный центр	расчётный центр
253	сводка	сводка	сводка	сводка	сводка	резюме
254	изменить	▁1	изменить	изменение	изменить	изменение
255	открытый	открытие	открытый	открытие	открытый	▁42
256	контролировать	контролировать	контролировать	контролировать	контролировать	▁40
257	тип	тип	тип	тип	тип	вид
258	тип событие	тип событие	тип событие	тип событие	тип событие	▁24
259	настроить	настройка	настроить	настроить	настроить	настроить
260	тип	тип	тип	тип	тип	вид
261	редактировать	редактировать	редактировать	редактировать	редактировать	обработать
262	календарный план	расписание	календарный план	расписание	календарный план	запланировать
263	редактировать	редактировать	редактировать	редактировать	редактировать	обработать
264	тип	тип	тип	тип	тип	вид
265	тип	тип	тип	тип	тип	вид
266	отчёт	отчётность	отчёт	отчёт	отчёт	отчёт
267	редактировать	редактировать	редактировать	редактировать	редактировать	обработать
268	▔	тип	▔	тип	▔	вид
269	оговорка	оговорка	оговорка	оговорка	оговорка	оговорка
270	тип	тип	тип	тип	тип	вид
271	контракт	договор	контракт	договор	контракт	договор
272	контракт	тип	контракт	тип	контракт	вид
273	активация	активация	активация	активация	активация	активация
274	редактировать	редактировать	редактировать	редактировать	редактировать	обработать
275	пробег	пробег	пробег	пробег	пробег	▁28
276	модель потребление	модель потребление	модель потребление	модель потребление	модель потребление	▁16
277	расписание	расписание	расписание	расписание	расписание	запланировать
278	▔	▁8	▔	▁4	▔	▁51
279	обновление	обновить	обновление	обновление	обновление	обновить
280	тип	тип	тип	тип	тип	вид
281	оператор	оператор	оператор	оператор	оператор	оператор
282	место	место	место	место	место	▁59
283	согласие	согласие	согласие	согласие	согласие	согласие
284	использование	использование	использование	использование	использование	использование
285	сумма	сумма	сумма	сумма	сумма	сумма
286	▔	поставщик	▔	провайдер	▔	поставщик
287	применить	применить	применить	применить	применить	▁6
288	отмена	отмена	отмена	отмена	отмена	отмена
289	тип	тип	тип	тип	тип	вид
290	▔	▁3	▔	получить	▔	получить
291	пакет	пакет	пакет	пакет	пакет	пакет
292	проверка	▁2	проверка	проверка	проверка	проверка
293	тип	тип	тип	тип	тип	вид
294	выполнение	выполнение	выполнение	выполнение	выполнение	▁52
295	редактировать	редактировать	редактировать	редактировать	редактировать	обработать
296	изменить	▁1	изменить	изменение	изменить	изменение
297	журнал	журнал	журнал	журнал	журнал	▁36
298	провайдер	поставщик	провайдер	провайдер	провайдер	поставщик
299	аккаунт	аккаунт	аккаунт	аккаунт	аккаунт	счёт
300	следующий	следующий	следующий	следующий	следующий	▁27
301	вид	тип	вид	тип	вид	вид
302	следующий	следующий	следующий	следующий	следующий	▁27
303	срок хранение	срок хранение	срок хранение	срок хранение	срок хранение	срок хранение
304	вкладка	вкладка	вкладка	вкладка	вкладка	вкладка
305	изменение	▁1	изменение	изменение	изменение	изменение
306	вид	тип	вид	тип	вид	вид
307	закрыть	закрыть	закрыть	закрыть	закрыть	закрыть
308	отказ от налог	отказ от налог	отказ от налог	налоговый налог	отказ от налог	▁67
309	лимит	лимит	лимит	лимит	лимит	лимит
310	проверка	проверка	проверка	проверка	проверка	проверка
311	вывод	вывод	вывод	вывод	вывод	вывод
312	индикатор блокировка	индикатор блокировка	индикатор блокировка	индикатор блокировка	индикатор блокировка	индикатор блокировка
313	планировать	расписание	планировать	расписание	планировать	запланировать
314	доставка	доставка	доставка	доставка	доставка	▁58
315	вкладка	вкладка	вкладка	вкладка	вкладка	вкладка
316	мэппинг	сопоставление	мэппинг	мэппинг	мэппинг	мэппинг
317	редактировать	редактировать	редактировать	редактировать	редактировать	обработать
318	форма	форма	форма	форма	форма	форма
319	использование	использование	использование	использование	использование	использование
320	расписание	расписание	расписание	расписание	расписание	запланировать
321	в подготовительный стадия	в подготовительный стадия	в подготовительный стадия	в подготовительный стадия	в подготовительный стадия	▁32
322	назначение	тип	назначение	тип	назначение	вид
323	соответствие	соответствие	соответствие	соответствие	соответствие	▁38
324	расписание	расписание	расписание	расписание	расписание	запланировать
325	тип	тип	тип	тип	тип	вид
326	копирование	копировать	копирование	копировать	копирование	копирование
327	тип	тип	тип	тип	тип	вид
328	резюме	сводка	резюме	сводка	резюме	резюме
329	подтверждение о подтверждение	▁9	подтверждение о подтверждение	подтверждение сервис	подтверждение о подтверждение	подтверждение сервис
330	уровень позиционирование	уровень позиционирование	уровень позиционирование	уровень позиционирование	уровень позиционирование	▁44
331	ввод	ввод	ввод	ввод	ввод	ввод
332	фактурирование	билетный	фактурирование	билетный	фактурирование	фактурирование
333	группа	группа	группа	группа	группа	группа
334	тип	тип	тип	тип	тип	вид
335	экологический норматив	экологический норматив	экологический норматив	экологический норматив	экологический норматив	экологический норматив
336	повторный представление	повторный представление	повторный представление	повторный представление	повторный представление	повторный представление
337	перезапуск	перезапуск	перезапуск	перезапуск	перезапуск	перезапуск
338	персональный дать	персональный дать	персональный дать	личный информация	персональный дать	личный информация
339	период хранение	срок аренда	период хранение	срок хранение	период хранение	период хранение
340	тип	тип	тип	тип	тип	вид
341	сделка	транзакция	сделка	движение	сделка	движение
342	тип	тип	тип	тип	тип	вид
343	репликация данные	репликация данные	репликация данные	репликация данные	репликация данные	репликация данные
344	оплата	оплата	оплата	оплата	оплата	оплата
345	предупреждение	предупреждение	предупреждение	предупреждение	предупреждение	▁5
346	тип	тип	тип	тип	тип	вид
347	тип	тип	тип	тип	тип	вид
348	заключение	заключение	заключение	заключение	заключение	▁25
349	договор	договор	договор	договор	договор	договор
350	срок действие	срок действие	срок действие	срок действие	срок действие	▁65
351	редактировать	редактировать	редактировать	редактировать	редактировать	обработать
352	элемент	договор	элемент	договор	элемент	договор
353	тип	тип	тип	тип	тип	вид
354	категория использование	категория использование	категория использование	категория использование	категория использование	категория использование
355	операция	операция	операция	действие	операция	действие
356	идентификатор поставщик	идентификатор поставщик	идентификатор поставщик	идентификатор поставщик	идентификатор поставщик	идентификатор поставщик
357	вид	тип	вид	тип	вид	вид
358	тип	тип	тип	тип	тип	вид
359	подтверждение сервис	▁9	подтверждение сервис	подтверждение сервис	подтверждение сервис	подтверждение сервис
360	распределение	перерасчёт	распределение	перерасчёт	распределение	перерасчёт
361	перерасчёт	перерасчёт	перерасчёт	перерасчёт	перерасчёт	перерасчёт
362	выигрыш	▁3	выигрыш	получить	выигрыш	получить
363	операция	действие	операция	действие	операция	операция
364	вход	ввод	вход	ввод	вход	ввод
365	копировать	копировать	копировать	копировать	копировать	копирование
366	тип	тип	тип	тип	тип	вид
367	личный информация	персональный дать	личный информация	личный информация	личный информация	личный информация
368	требование	требование	требование	требование	требование	▁10
369	продажа	договор	продажа	договор	продажа	договор
370	редактирование	редактировать	редактирование	редактировать	редактирование	обработать
371	поставщик	поставщик	поставщик	провайдер	поставщик	поставщик
372	▔	▁4	▔	▁1	▔	▁30
373	обработать	обработать	обработать	обработать	обработать	обработать
374	оператор	оператор	оператор	оператор	оператор	оператор
375	действие	операция	действие	действие	действие	действие
376	назначение	цель	назначение	назначение	назначение	назначение
377	изменение	▁1	изменение	изменение	изменение	изменение
378	налоговый налог	отказ от налог	налоговый налог	налоговый налог	налоговый налог	▁67
379	назначение	назначение	назначение	назначение	назначение	назначение
380	услуга	услуга	услуга	услуга	услуга	услуга
381	пространство	пространство	пространство	пространство	пространство	пространство
382	событие	действие	событие	действие	событие	операция
383	вложить	вложить	вложить	вложить	вложить	вложить
384	оплата	оплата	оплата	оплата	оплата	оплата
385	вывод	вывод	вывод	вывод	вывод	вывод
386	активность	активность	активность	активность	активность	▁3
387	ввод	ввод	ввод	ввод	ввод	ввод
388	ввод	ввод	ввод	ввод	ввод	ввод
389	использование	использование	использование	использование	использование	использование
390	изменить	▁1	изменить	изменение	изменить	изменение
391	тип	тип	тип	тип	тип	вид
392	тип	тип	тип	тип	тип	вид
393	замена	▁1	замена	изменение	замена	изменение
394	транспорт	транспорт	транспорт	транспорт	транспорт	транспорт
395	перевозчик	перевозчик	перевозчик	перевозчик	перевозчик	перевозчик
396	подключение	подключение	подключение	подключение	подключение	подключение
397	обработать	обработать	обработать	обработать	обработать	обработать
398	активизация	активация	активизация	активация	активизация	активация
399	провайдер	поставщик	провайдер	провайдер	провайдер	поставщик
400	▔	▁10	▔	▁5	▔	▁61
401	контроллер	оператор	контроллер	оператор	контроллер	оператор
402	управлять ключ подтверждение	управлять ключ подтверждение	управлять ключ подтверждение	управлять ключ подтверждение	управлять ключ подтверждение	управлять ключ подтверждение
403	примириться	примириться	примириться	примириться	примириться	▁48
404	тип	тип	тип	тип	тип	вид
405	провайдер	поставщик	провайдер	провайдер	провайдер	поставщик
406	тип	тип	тип	тип	тип	вид
407	потребление	потребление	потребление	потребление	потребление	▁15
408	категория	категория	категория	категория	категория	категория
409	приостановка	▁7	приостановка	приостановка	приостановка	приостановка
410	тип	тип	тип	тип	тип	вид
411	транспорт	транспорт	транспорт	транспорт	транспорт	транспорт
412	вкладка	вкладка	вкладка	вкладка	вкладка	вкладка
413	тип	тип	тип	тип	тип	вид
414	рабочий процесс	рабочий процесс	рабочий процесс	рабочий процесс	рабочий процесс	рабочий процесс
415	агентство коллекция	агентство коллекция	агентство коллекция	агентство коллекция	агентство коллекция	▁13
416	тип	тип	тип	тип	тип	вид
417	тип	тип	тип	тип	тип	вид
418	клиент	клиент	клиент	клиент	клиент	клиент
419	категория	категория	категория	категория	категория	категория
420	редактировать	редактировать	редактировать	редактировать	редактировать	обработать
421	характеристика	характеристика	характеристика	характеристика	характеристика	характеристика
422	деблокировать	деблокировать	деблокировать	деблокировать	деблокировать	деблокировать
423	аналитический диаграмма	аналитический диаграмма	аналитический диаграмма	аналитический диаграмма	аналитический диаграмма	аналитический диаграмма
424	поставщик	поставщик	поставщик	провайдер	поставщик	поставщик
425	присвоить	присвоить	присвоить	присвоить	присвоить	присвоить
426	тип запуск	тип запуск	тип запуск	тип запуск	тип запуск	▁53
427	выход	выход	выход	выход	выход	выход
428	провайдер данные	поставщик данные	провайдер данные	провайдер данные	провайдер данные	провайдер данные
429	счёт	аккаунт	счёт	аккаунт	счёт	счёт
430	проверка	▁2	проверка	проверка	проверка	проверка
431	вид	тип	вид	тип	вид	вид
432	соблюдать	соблюдать	соблюдать	соблюдать	соблюдать	▁37
433	структура местоположение	структура местоположение	структура местоположение	структура местоположение	структура местоположение	структура местоположение
434	соглашение	соглашение	соглашение	соглашение	соглашение	▁14
435	раздел	раздел	раздел	раздел	раздел	раздел
436	возмещение	возмещение	возмещение	возмещение	возмещение	возмещение
437	процедура сортировка	процедура сортировка	процедура сортировка	процедура сортировка	процедура сортировка	▁45
438	сборка	сборка	сборка	сборка	сборка	сборка
439	страница	вкладка	страница	вкладка	страница	вкладка
440	обработать	редактировать	обработать	редактировать	обработать	обработать
441	шаблон	шаблон	шаблон	шаблон	шаблон	шаблон
442	тип	тип	тип	тип	тип	вид
443	движение	транзакция	движение	движение	движение	движение
444	остановка	остановка	остановка	остановка	остановка	остановка
445	▔	вкладка	▔	вкладка	▔	вкладка
446	активировать	активация	активировать	активация	активировать	активация
447	контракт	договор	контракт	договор	контракт	договор
448	редактировать	редактировать	редактировать	редактировать	редактировать	обработать
449	мастер	мастер	мастер	мастер	мастер	мастер
450	тип	тип	тип	тип	тип	▁41
451	канцелярский	канцелярский	канцелярский	канцелярский	канцелярский	отменить
452	ограничение	ограничение	ограничение	ограничение	ограничение	▁50
453	актив	актив	актив	актив	актив	актив
454	проверка	проверка	проверка	проверка	проверка	проверка
455	использование	использование	использование	использование	использование	использование
456	отчёт	отчётность	отчёт	отчёт	отчёт	отчёт
457	классификация	классификация	классификация	классификация	классификация	▁12
458	в обзор	в обзор	в обзор	в обзор	в обзор	▁33
459	провайдер	поставщик	провайдер	провайдер	провайдер	поставщик
460	тип	тип	тип	тип	тип	вид
461	вкладка	вкладка	вкладка	вкладка	вкладка	вкладка
462	событие	остановка	событие	остановка	событие	остановка
463	обновление	обновить	обновление	обновление	обновление	обновить
464	ордер	ордер	ордер	ордер	ордер	▁43
465	расписание	расписание	расписание	расписание	расписание	запланировать
466	вкладка	вкладка	вкладка	вкладка	вкладка	вкладка
467	распределение	распределение	распределение	распределение	распределение	▁21
468	записывать	запись	записывать	записывать	записывать	запись
469	ресурсс	ресурсс	ресурсс	ресурсс	ресурсс	▁2
470	группировка	группировка	группировка	группировка	группировка	▁31
471	билль документ	билль документ	билль документ	билль документ	билль документ	▁8
472	разъяснить счёт	разъяснить счёт	разъяснить счёт	разъяснить счёт	разъяснить счёт	▁11
473	редактировать	редактировать	редактировать	редактировать	редактировать	обработать
474	использовать	использование	использовать	использование	использовать	использование
475	тип	тип	тип	тип	тип	вид
476	транспортный	транспорт	транспортный	транспорт	транспортный	транспорт
477	поставщик	поставщик	поставщик	провайдер	поставщик	поставщик
478	тип	тип	тип	тип	тип	вид
479	распределение поступление	распределение поступление	распределение поступление	распределение поступление	распределение поступление	распределение поступление
480	триггер	триггер	триггер	триггер	триггер	триггер
481	тип	тип	тип	тип	тип	вид
482	добавочный телефон	добавочный телефон	добавочный телефон	добавочный телефон	добавочный телефон	▁26
483	тип	тип	тип	тип	тип	вид
484	публичность	общедоступный	публичность	общедоступный	публичность	общедоступный
485	приостановка	▁7	приостановка	приостановка	приостановка	приостановка
486	контракт	договор	контракт	договор	контракт	договор
487	получить	▁3	получить	получить	получить	получить
488	договор	договор	договор	договор	договор	договор
489	применить	применить	применить	применить	применить	▁6
490	тип процесс	тип процесс	тип процесс	тип процесс	тип процесс	▁46
491	содержимое	содержание	содержимое	содержание	содержимое	▁17
492	тип	тип	тип	тип	тип	вид
493	редактировать	редактировать	редактировать	редактировать	редактировать	обработать
494	шхуна	доставка	шхуна	доставка	шхуна	▁58
495	запланировать	расписание	запланировать	расписание	запланировать	запланировать
496	утилита	утилита	утилита	утилита	утилита	▁64
497	изменить	▁1	изменить	изменение	изменить	изменение
498	тип	тип	тип	тип	тип	вид
499	поставщик	поставщик	поставщик	провайдер	поставщик	поставщик
500	вывод	вывод	вывод	вывод	вывод	вывод
501	тип	тип	тип	тип	тип	вид
502	деактивировать	деактивировать	деактивировать	деактивировать	деактивировать	деактивировать
503	числовой	числовой	числовой	числовой	числовой	числовой
504	тип документ	тип документ	тип документ	тип документ	тип документ	▁22
505	получить	▁3	получить	получить	получить	получить
506	категория	категория	категория	категория	категория	категория
507	обновление	обновить	обновление	обновление	обновление	обновить
508	сводка	сводка	сводка	сводка	сводка	резюме
509	биллинговый дать	биллинговый дать	биллинговый дать	биллинговый дать	биллинговый дать	биллинговый дать
510	простой контировка	простой контировка	простой контировка	простой контировка	простой контировка	простой контировка
511	отменить	канцелярский	отменить	канцелярский	отменить	отменить
512	контроль	контроль	контроль	контроль	контроль	▁18
513	подвид	подвид	подвид	подвид	подвид	подвид
