	tgt	pseudoref_first	tgt	pseudoref_frequent	tgt	pseudoref_predefined
0	raumschiff	raumschiff	raumschiff	space	raumschiff	platz
1	speicherressourcen	speicherressourcen	speicherressourcen	speicher	speicherressourcen	speicher
2	▔ertrat<sos>	▔ertrat<sos>	▔ertrat<sos>	▔ertrat<sos>	▔ertrat<sos>	freigeben
3	einschränkung	einschränkung	einschränkung	einschränkung	einschränkung	einschränkung
4	erstellen	erstellen	erstellen	erstellen	erstellen	anlegen
5	zuständigkeitsbereich	zuständigkeitsbereich	zuständigkeitsbereich	zuständigkeitsbereich	zuständigkeitsbereich	zuständigkeitsbereich
6	bremser	bremser	bremser	auslöser	bremser	auslöser
7	konnektor	konnektor	konnektor	konnektor	konnektor	konnektor
8	kreditgeber	kreditgeber	kreditgeber	customer	kreditgeber	customer
9	kreditgeber	kreditgeber	kreditgeber	kreditgeber	kreditgeber	▁48
10	bedarfsorientieren	bedarfsorientieren	bedarfsorientieren	bedarfsorientieren	bedarfsorientieren	bedarfsorientieren
11	erstellen	erstellen	erstellen	erstellen	erstellen	anlegen
12	seitenbereich	seitenbereich	seitenbereich	seitenbereich	seitenbereich	seitenbereich
13	indikator	indikator	indikator	indikator	indikator	indikator
14	abfrage	abfrage	abfrage	abfrage	abfrage	abfrage
15	provider	provider	provider	provider	provider	anbieter
16	space	raumschiff	space	space	space	platz
17	buchungskreisübergreifend	buchungskreisübergreifend	buchungskreisübergreifend	unternehmensübergreifen	buchungskreisübergreifend	buchungskreisübergreifend
18	verlauf	verlauf	verlauf	verlauf	verlauf	verlauf
19	freigabe	freigabe	freigabe	release	freigabe	freigabe
20	datenanbietung	datenanbietung	datenanbietung	datenanbieter	datenanbietung	▁12
21	zugriffskontrolle	zugriffskontrolle	zugriffskontrolle	zugriffskontrolle	zugriffskontrolle	zugriffskontrolle
22	▔ertrat<sos>	datenanbietung	▔ertrat<sos>	datenanbieter	▔ertrat<sos>	▁12
23	bereich	bereich	bereich	abschnitt	bereich	abschnitt
24	provider	provider	provider	provider	provider	anbieter
25	provider	provider	provider	provider	provider	anbieter
26	release	freigabe	release	release	release	freigabe
27	zuweisen	zuweisen	zuweisen	zuweisen	zuweisen	zuweisen
28	speicher	speicherressourcen	speicher	speicher	speicher	speicher
29	platz	raumschiff	platz	space	platz	platz
30	zeitraum	zeitraum	zeitraum	periode	zeitraum	periode
31	datenanbieter	datenanbietung	datenanbieter	datenanbieter	datenanbieter	▁12
32	datenblatten	erstellen	datenblatten	erstellen	datenblatten	anlegen
33	datenvermittlingen	datenanbietung	datenvermittlingen	datenanbieter	datenvermittlingen	▁12
34	weltraum	raumschiff	weltraum	space	weltraum	platz
35	datenanbieters	datenanbietung	datenanbieters	datenanbieter	datenanbieters	▁12
36	konsumsmodell	konsumsmodell	konsumsmodell	konsumsmodell	konsumsmodell	verbrauchsmodell
37	referenzmenge	referenzmenge	referenzmenge	referenzmenge	referenzmenge	referenzmenge
38	periode	zeitraum	periode	periode	periode	periode
39	stamm	stamm	stamm	stamm	stamm	stamm
40	art	art	art	typ	art	art
41	abnahme	abnahme	abnahme	abnahme	abnahme	abnahme
42	space	raumschiff	space	space	space	platz
43	überarbeiten	überarbeiten	überarbeiten	überarbeiten	überarbeiten	▁41
44	datenanbieter	datenanbietung	datenanbieter	datenanbieter	datenanbieter	▁12
45	start	start	start	start	start	start
46	preisfindungsdatum	preisfindungsdatum	preisfindungsdatum	preisfindungsdatum	preisfindungsdatum	preisfindungsdatum
47	schicht	schicht	schicht	layer	schicht	layer
48	erstellen	erstellen	erstellen	erstellen	erstellen	anlegen
49	space	raumschiff	space	space	space	platz
50	wert	art	wert	typ	wert	art
51	zeitplan	zeitplan	zeitplan	terminplan	zeitplan	dokument
52	übersicht	übersicht	übersicht	zusammenfassung	übersicht	zusammenfassung
53	weltraum	raumschiff	weltraum	space	weltraum	platz
54	berichtnnsfristen	berichtnnsfristen	berichtnnsfristen	bericht	berichtnnsfristen	bericht
55	konsumsmodell	konsumsmodell	konsumsmodell	konsumsmodell	konsumsmodell	verbrauchsmodell
56	auslöser	bremser	auslöser	auslöser	auslöser	auslöser
57	orden	orden	orden	auftrag	orden	auftrag
58	client	client	client	client	client	client
59	zeitraum	zeitraum	zeitraum	zeitraum	zeitraum	▁28
60	raum	raumschiff	raum	space	raum	platz
61	erstellen	erstellen	erstellen	erstellen	erstellen	anlegen
62	aufgabenprotokollen	aufgabenprotokollen	aufgabenprotokollen	aufgabenprotokollen	aufgabenprotokollen	▁49
63	provider	provider	provider	provider	provider	anbieter
64	▔ertrat<sos>	konnektor	▔ertrat<sos>	konnektor	▔ertrat<sos>	konnektor
65	release	freigabe	release	release	release	freigabe
66	befehl	befehl	befehl	befehl	befehl	▁42
67	provider	provider	provider	provider	provider	anbieter
68	datenvermittlingen	datenanbietung	datenvermittlingen	datenanbieter	datenvermittlingen	▁12
69	menü	menü	menü	menü	menü	menü
70	zuordnung	zuordnung	zuordnung	verrechnung	zuordnung	verrechnung
71	datenvermittler	datenanbietung	datenvermittler	datenanbieter	datenvermittler	▁12
72	veröffentlichung	freigabe	veröffentlichung	release	veröffentlichung	freigabe
73	nachricht	nachricht	nachricht	nachricht	nachricht	meldung
74	platz	raumschiff	platz	space	platz	platz
75	endbenutzer	endbenutzer	endbenutzer	endbenutzer	endbenutzer	endbenutzer
76	datenanbieter	datenanbietung	datenanbieter	datenanbieter	datenanbieter	▁12
77	datenanbieter	datenanbietung	datenanbieter	datenanbieter	datenanbieter	▁12
78	erstellen	erstellen	erstellen	erstellen	erstellen	anlegen
79	erstellen	erstellen	erstellen	erstellen	erstellen	anlegen
80	space	raumschiff	space	space	space	platz
81	klickpfaden	klickpfaden	klickpfaden	klickpfaden	klickpfaden	▁6
82	provider	provider	provider	provider	provider	anbieter
83	meldung	meldung	meldung	meldung	meldung	meldung
84	betriebswirtschaftlichern name	betriebswirtschaftlichern name	betriebswirtschaftlichern name	betriebswirtschaftlich name	betriebswirtschaftlichern name	betriebswirtschaftlichern name
85	arbeitsplatz	arbeitsplatz	arbeitsplatz	arbeitsplatz	arbeitsplatz	arbeitsplatz
86	residenzzeien	residenzzeien	residenzzeien	residenzzeien	residenzzeien	residenzzeien
87	auslöser	bremser	auslöser	auslöser	auslöser	auslöser
88	identifikatorisch	identifikatorisch	identifikatorisch	identifikatorisch	identifikatorisch	▁24
89	identifikatorisch	identifikatorisch	identifikatorisch	identifikatorisch	identifikatorisch	▁0
90	start	start	start	start	start	start
91	schlüsselzuordnungen	schlüsselzuordnungen	schlüsselzuordnungen	schlüsselzuordnungen	schlüsselzuordnungen	schlüsselzuordnungen
92	datenauswahl	datenauswahl	datenauswahl	datenauswahl	datenauswahl	datenauswahl
93	element	element	element	artikel	element	artikel
94	mindest	mindest	mindest	mindest	mindest	mindest
95	seitenbereich	seitenbereich	seitenbereich	seitenbereich	seitenbereich	seitenbereich
96	space	raumschiff	space	space	space	platz
97	weltraumdaten	raumschiff	weltraumdaten	space	weltraumdaten	platz
98	erlauben	erlauben	erlauben	erlauben	erlauben	erlauben
99	mindest	mindest	mindest	mindest	mindest	mindest
100	aktions	aktions	aktions	aktions	aktions	action
101	aktions	aktions	aktions	aktions	aktions	action
102	bedingung	bedingung	bedingung	bedingung	bedingung	bedingung
103	anforderung	anforderung	anforderung	kompliance	anforderung	compliance
104	datenvermittlingen	datenanbietung	datenvermittlingen	datenanbieter	datenvermittlingen	▁12
105	▔ertrat<sos>	freigabe	▔ertrat<sos>	release	▔ertrat<sos>	freigabe
106	erstellen	erstellen	erstellen	erstellen	erstellen	anlegen
107	privileg	art	privileg	typ	privileg	art
108	▔ertrat<sos>	konnektor	▔ertrat<sos>	konnektor	▔ertrat<sos>	konnektor
109	space	raumschiff	space	space	space	platz
110	zeitplan	zeitplan	zeitplan	terminplan	zeitplan	dokument
111	änderung	änderung	änderung	änderung	änderung	änderung
112	ergebnis	ergebnis	ergebnis	ergebnis	ergebnis	warengruppe
113	dienstleistung	dienstleistung	dienstleistung	dienst	dienstleistung	dienst
114	datenanbieter	datenanbietung	datenanbieter	datenanbieter	datenanbieter	▁12
115	zuständig	zuweisen	zuständig	zuweisen	zuständig	zuweisen
116	platz	raumschiff	platz	space	platz	platz
117	unternehmensanalysen	unternehmensanalysen	unternehmensanalysen	analysen	unternehmensanalysen	▁26
118	anlegen	erstellen	anlegen	erstellen	anlegen	anlegen
119	raum	raumschiff	raum	space	raum	platz
120	speicher	speicherressourcen	speicher	speicher	speicher	speicher
121	freigeben	▔ertrat<sos>	freigeben	▔ertrat<sos>	freigeben	freigeben
122	release	freigabe	release	release	release	freigabe
123	zugriffskontrolle	zugriffskontrolle	zugriffskontrolle	zugriffskontrolle	zugriffskontrolle	zugriffskontrolle
124	datenbegrenzungen	datenbegrenzungen	datenbegrenzungen	einschränkung	datenbegrenzungen	einschränkung
125	snapshot	snapshot	snapshot	snapshot	snapshot	snapshot
126	▔ertrat<sos>	▔ertrat<sos>	▔ertrat<sos>	▔ertrat<sos>	▔ertrat<sos>	▁27
127	nachricht	nachricht	nachricht	nachricht	nachricht	meldung
128	implementierung	implementierung	implementierung	implementierung	implementierung	implementierung
129	datenanbieter	datenanbietung	datenanbieter	datenanbieter	datenanbieter	▁12
130	▔ertrat<sos>	▔ertrat<sos>	▔ertrat<sos>	verweis	▔ertrat<sos>	verweis
131	implementierung	implementierung	implementierung	implementierung	implementierung	implementierung
132	release	freigabe	release	release	release	freigabe
133	datum	datenanbietung	datum	datenanbieter	datum	▁12
134	implementierung	implementierung	implementierung	implementierung	implementierung	implementierung
135	aktualisieren	aktualisieren	aktualisieren	aktualisieren	aktualisieren	aktualisieren
136	ressource	befehl	ressource	befehl	ressource	▁42
137	feedback	feedback	feedback	feedback	feedback	feedback
138	datenvermittlingen	datenanbietung	datenvermittlingen	datenanbieter	datenvermittlingen	▁12
139	einfügen	einfügen	einfügen	einfügen	einfügen	einfügen
140	tabelle	tabelle	tabelle	tabelle	tabelle	tabelle
141	analysen	unternehmensanalysen	analysen	analysen	analysen	▁26
142	implementierung	implementierung	implementierung	implementierung	implementierung	implementierung
143	space	raumschiff	space	space	space	platz
144	datum	datum	datum	personenbezogen datum	datum	personenbezogen datum
145	arbeitsplatzaufnehme	arbeitsplatz	arbeitsplatzaufnehme	arbeitsplatz	arbeitsplatzaufnehme	arbeitsplatz
146	anlegen	erstellen	anlegen	erstellen	anlegen	anlegen
147	release	freigabe	release	release	release	freigabe
148	space	raumschiff	space	space	space	platz
149	geschäftlich	geschäftlich	geschäftlich	geschäftlich	geschäftlich	geschäftlich
150	unternehmenssmodell	konsumsmodell	unternehmenssmodell	konsumsmodell	unternehmenssmodell	verbrauchsmodell
151	problem	problem	problem	problem	problem	problem
152	verbrauchsmodellen	konsumsmodell	verbrauchsmodellen	konsumsmodell	verbrauchsmodellen	verbrauchsmodell
153	beginn	start	beginn	start	beginn	start
154	namespacen	namespacen	namespacen	namespacen	namespacen	namespacen
155	implementierung	implementierung	implementierung	implementierung	implementierung	implementierung
156	job	job	job	job	job	job
157	raum	raumschiff	raum	space	raum	platz
158	weltraumdaten	raumschiff	weltraumdaten	space	weltraumdaten	platz
159	vorhanden	vorhanden	vorhanden	vorhanden	vorhanden	▁5
160	kontrakt	kontrakt	kontrakt	kontrakt	kontrakt	kontrakt
161	▔ertrat<sos>	▔ertrat<sos>	▔ertrat<sos>	terminierungsklauseln	▔ertrat<sos>	▁40
162	datenanbieter	datenanbietung	datenanbieter	datenanbieter	datenanbieter	▁12
163	space	raumschiff	space	space	space	platz
164	platz	raumschiff	platz	space	platz	platz
165	erstellen	erstellen	erstellen	erstellen	erstellen	anlegen
166	einschlägig	datenbegrenzungen	einschlägig	einschränkung	einschlägig	einschränkung
167	▔ertrat<sos>	▔ertrat<sos>	▔ertrat<sos>	▔ertrat<sos>	▔ertrat<sos>	transfer
168	terminierungsklauseln	▔ertrat<sos>	terminierungsklauseln	terminierungsklauseln	terminierungsklauseln	▁40
169	konzernmodellen	konsumsmodell	konzernmodellen	konsumsmodell	konzernmodellen	verbrauchsmodell
170	raum	raumschiff	raum	space	raum	platz
171	dienst	dienst	dienst	dienst	dienst	dienst
172	dienst	dienstleistung	dienst	dienst	dienst	dienst
173	verweis	▔ertrat<sos>	verweis	verweis	verweis	verweis
174	element	element	element	artikel	element	artikel
175	weltraumdankatken	raumschiff	weltraumdankatken	space	weltraumdankatken	platz
176	endbenutzer	endbenutzer	endbenutzer	endbenutzer	endbenutzer	endbenutzer
177	creator	creator	creator	creator	creator	creator
178	grafisch view	grafisch view	grafisch view	grafisch view	grafisch view	grafisch view
179	frage	problem	frage	problem	frage	problem
180	fenster	fenster	fenster	bereich	fenster	bereich
181	bucken	bucken	bucken	bucken	bucken	▁7
182	skript	skript	skript	skript	skript	skript
183	aktualisierungs	aktualisieren	aktualisierungs	aktualisieren	aktualisierungs	aktualisieren
184	nachricht	nachricht	nachricht	nachricht	nachricht	meldung
185	space	raumschiff	space	space	space	platz
186	auslöser	bremser	auslöser	auslöser	auslöser	auslöser
187	seitenbereich	seitenbereich	seitenbereich	seitenbereich	seitenbereich	seitenbereich
188	crew	erstellen	crew	erstellen	crew	anlegen
189	arts	art	arts	typ	arts	art
190	nachricht	nachricht	nachricht	nachricht	nachricht	meldung
191	nummer	orden	nummer	auftrag	nummer	auftrag
192	meldung	meldung	meldung	meldung	meldung	meldung
193	sitzung	sitzung	sitzung	sitzung	sitzung	sitzung
194	dokument	zeitplan	dokument	terminplan	dokument	dokument
195	beleg	beleg	beleg	beleg	beleg	beleg
196	terminplan	zeitplan	terminplan	terminplan	terminplan	dokument
197	diagramm	diagramm	diagramm	diagramm	diagramm	diagramm
198	freigabebescheinigehen	freigabe	freigabebescheinigehen	release	freigabebescheinigehen	freigabe
199	art	art	art	typ	art	art
200	beleg	beleg	beleg	beleg	beleg	beleg
201	überarbeitet	überarbeiten	überarbeitet	überarbeiten	überarbeitet	▁41
202	datenvermittlingen	datenanbietung	datenvermittlingen	datenanbieter	datenvermittlingen	▁12
203	benachrichrichreichen	benachrichrichreichen	benachrichrichreichen	benachrichrichreichen	benachrichrichreichen	benachrichtigung
204	▔ertrat<sos>	▔ertrat<sos>	▔ertrat<sos>	▔ertrat<sos>	▔ertrat<sos>	transfer
205	eigen	erstellen	eigen	erstellen	eigen	anlegen
206	heimatseien	heimatseien	heimatseien	heimatseien	heimatseien	▁34
207	restreiken	datenbegrenzungen	restreiken	einschränkung	restreiken	einschränkung
208	über	über	über	über	über	über
209	compliance	anforderung	compliance	kompliance	compliance	compliance
210	tabellenansicht	tabellenansicht	tabellenansicht	kabeln view	tabellenansicht	tabellenansicht
211	weiterleitung	weiterleitung	weiterleitung	weiterführend	weiterleitung	weiterleitung
212	speichertyp	speichertyp	speichertyp	speichertyp	speichertyp	speichertyp
213	client	client	client	client	client	client
214	prüfung	prüfung	prüfung	prüfung	prüfung	prüfung
215	konsumsmodell	konsumsmodell	konsumsmodell	konsumsmodell	konsumsmodell	verbrauchsmodell
216	terminplan	zeitplan	terminplan	terminplan	terminplan	dokument
217	abfrage	abfrage	abfrage	abfrage	abfrage	abfrage
218	raum	raumschiff	raum	space	raum	platz
219	einsatz	einsatz	einsatz	einsatz	einsatz	einsatz
220	warteschlange	warteschlange	warteschlange	warteschlange	warteschlange	warteschlange
221	projekt	projekt	projekt	projekt	projekt	▁37
222	work	work	work	work	work	work
223	kunst	art	kunst	typ	kunst	art
224	artikel	element	artikel	artikel	artikel	artikel
225	aktions	aktions	aktions	aktions	aktions	action
226	aktions	aktions	aktions	aktions	aktions	action
227	terminplan	zeitplan	terminplan	terminplan	terminplan	dokument
228	anlegen	erstellen	anlegen	erstellen	anlegen	anlegen
229	unternehmensübergreifend	buchungskreisübergreifend	unternehmensübergreifend	unternehmensübergreifen	unternehmensübergreifend	buchungskreisübergreifend
230	nutzung	nutzung	nutzung	nutzung	nutzung	nutzung
231	produktionsauftragen	produktionsauftragen	produktionsauftragen	produktionsauftragen	produktionsauftragen	produktionsauftragen
232	produktionsauftragen	produktionsauftragen	produktionsauftragen	produktionsauftragen	produktionsauftragen	produktionsauftragen
233	dokumentstatusen	dokumentstatusen	dokumentstatusen	dokumentstatusen	dokumentstatusen	dokumentstatusen
234	belegung	belegung	belegung	belegung	belegung	▁2
235	geschlossen	raumschiff	geschlossen	space	geschlossen	platz
236	typ|type|typus	art	typ|type|typus	typ	typ|type|typus	art
237	bestand	bestand	bestand	bestand	bestand	bestand
238	lasted	lasted	lasted	lasted	lasted	▁29
239	fehlerbehebung	fehlerbehebung	fehlerbehebung	fehlerbehebung	fehlerbehebung	fehlerbehebung
240	zugriffskontrolle	zugriffskontrolle	zugriffskontrolle	zugriffskontrolle	zugriffskontrolle	zugriffskontrolle
241	resen	resen	resen	resen	resen	resen
242	pausieren	pausieren	pausieren	pausieren	pausieren	pausieren
243	aktualisieren	aktualisieren	aktualisieren	aktualisieren	aktualisieren	aktualisieren
244	annehmen	annehmen	annehmen	annehmen	annehmen	annehmen
245	artikel	element	artikel	artikel	artikel	artikel
246	auskunft	auskunft	auskunft	auskunft	auskunft	auskunft
247	anbieter	provider	anbieter	provider	anbieter	anbieter
248	tätigkeit	tätigkeit	tätigkeit	aufgabe	tätigkeit	aufgabe
249	verarbeitung	verarbeitung	verarbeitung	verarbeitung	verarbeitung	verarbeitung
250	sammlung	sammlung	sammlung	sammlung	sammlung	sammlung
251	symbol	symbol	symbol	symbol	symbol	symbol
252	voreinstellung	voreinstellung	voreinstellung	voreinstellung	voreinstellung	voreinstellung
253	verkauf	verkauf	verkauf	verkauf	verkauf	verkauf
254	verkauf	verkauf	verkauf	verkauf	verkauf	verkauf
255	einsatz	einsatz	einsatz	einsatz	einsatz	einsatz
256	beleg	beleg	beleg	beleg	beleg	beleg
257	zahlwege	zahlwege	zahlwege	zahlwege	zahlwege	zahlwege
258	qplitkriteren	qplitkriteren	qplitkriteren	qplitkriteren	qplitkriteren	qplitkriteren
259	materialgruppe	materialgruppe	materialgruppe	materialgruppe	materialgruppe	materialgruppe
260	personenbezogen datum	datum	personenbezogen datum	personenbezogen datum	personenbezogen datum	personenbezogen datum
261	bericht	berichtnnsfristen	bericht	bericht	bericht	bericht
262	scheck	prüfung	scheck	prüfung	scheck	prüfung
263	compliance	anforderung	compliance	kompliance	compliance	compliance
264	punktzahl	punktzahl	punktzahl	punktzahl	punktzahl	punktzahl
265	reihenfolge	reihenfolge	reihenfolge	abfolge	reihenfolge	abfolge
266	anlegen	erstellen	anlegen	erstellen	anlegen	anlegen
267	zurücknehmen	zurücknehmen	zurücknehmen	zurücknehmen	zurücknehmen	zurücknehmen
268	abweichungs	abweichungs	abweichungs	abweichungs	abweichungs	▁15
269	weiterführend	weiterleitung	weiterführend	weiterführend	weiterführend	weiterleitung
270	mitteilungs	benachrichrichreichen	mitteilungs	benachrichrichreichen	mitteilungs	benachrichtigung
271	verifizierung	verifizierung	verifizierung	verifizierung	verifizierung	verifizierung
272	folgend	folgend	folgend	folgend	folgend	▁21
273	action	aktions	action	aktions	action	action
274	action	aktions	action	aktions	action	action
275	upload	upload	upload	upload	upload	upload
276	planungsplan	planungsplan	planungsplan	planungsplan	planungsplan	▁30
277	terminplan	zeitplan	terminplan	terminplan	terminplan	dokument
278	▔ertrat<sos>	▔ertrat<sos>	▔ertrat<sos>	▔ertrat<sos>	▔ertrat<sos>	freigeben
279	prozentual	prozentual	prozentual	prozentual	prozentual	prozentual
280	zuweisen	zuweisen	zuweisen	zuweisen	zuweisen	zuweisen
281	▔ertrat<sos>	anforderung	▔ertrat<sos>	kompliance	▔ertrat<sos>	compliance
282	wert	wert	wert	wert	wert	wert
283	erstellen	erstellen	erstellen	erstellen	erstellen	anlegen
284	historisch	verlauf	historisch	verlauf	historisch	verlauf
285	aufbewahrungszeitraumen	aufbewahrungszeitraumen	aufbewahrungszeitraumen	aufbewahrungszeitraumen	aufbewahrungszeitraumen	aufbewahrungszeitraumen
286	▔ertrat<sos>	element	▔ertrat<sos>	artikel	▔ertrat<sos>	artikel
287	erstellen	erstellen	erstellen	erstellen	erstellen	anlegen
288	aviss	aviss	aviss	aviss	aviss	▁35
289	folgend	folgend	folgend	folgend	folgend	▁21
290	dialog	dialog	dialog	dialog	dialog	▁14
291	vertrag	kontrakt	vertrag	kontrakt	vertrag	kontrakt
292	bericht	berichtnnsfristen	bericht	bericht	bericht	bericht
293	datenpunkt	datenpunkt	datenpunkt	datenpunkt	datenpunkt	datenpunkt
294	seitenbereich	seitenbereich	seitenbereich	seitenbereich	seitenbereich	seitenbereich
295	raum	raumschiff	raum	space	raum	platz
296	rahmen	rahmen	rahmen	rahmen	rahmen	rahmen
297	filialen	filialen	filialen	filialen	filialen	▁46
298	▔ertrat<sos>	implementierung	▔ertrat<sos>	implementierung	▔ertrat<sos>	implementierung
299	erstellen	erstellen	erstellen	erstellen	erstellen	anlegen
300	typ	art	typ	typ	typ	art
301	space	raumschiff	space	space	space	platz
302	assoziation	assoziation	assoziation	assoziation	assoziation	assoziation
303	bodendenkmal	raumschiff	bodendenkmal	space	bodendenkmal	platz
304	erstellen	erstellen	erstellen	erstellen	erstellen	anlegen
305	vermögenswert	vermögenswert	vermögenswert	anlage	vermögenswert	anlage
306	ausgleichsbeleg	ausgleichsbeleg	ausgleichsbeleg	ausgleichsbeleg	ausgleichsbeleg	ausgleichsbeleg
307	vorschrift	vorschrift	vorschrift	vorschrift	vorschrift	vorschrift
308	änderungsdokument	änderungsdokument	änderungsdokument	änderungsdokument	änderungsdokument	▁9
309	änderungsdokument	art	änderungsdokument	typ	änderungsdokument	art
310	anlegen	erstellen	anlegen	erstellen	anlegen	anlegen
311	kompliance	anforderung	kompliance	kompliance	kompliance	compliance
312	warengruppe	ergebnis	warengruppe	ergebnis	warengruppe	warengruppe
313	zugriffskontrolle	zugriffskontrolle	zugriffskontrolle	zugriffskontrolle	zugriffskontrolle	zugriffskontrolle
314	benachrigungs	benachrichrichreichen	benachrigungs	benachrichrichreichen	benachrigungs	benachrichtigung
315	anlegen	erstellen	anlegen	erstellen	anlegen	anlegen
316	raum	raumschiff	raum	space	raum	platz
317	beleg	beleg	beleg	beleg	beleg	beleg
318	antrag	antrag	antrag	antrag	antrag	antrag
319	grupperungsregeln	grupperungsregeln	grupperungsregeln	grupperungsregeln	grupperungsregeln	▁23
320	hinrichtungswechseln	hinrichtungswechseln	hinrichtungswechseln	hinrichtungswechseln	hinrichtungswechseln	▁17
321	anlage	vermögenswert	anlage	anlage	anlage	anlage
322	einsatz	einsatz	einsatz	einsatz	einsatz	einsatz
323	bedarf	bedarf	bedarf	anforderung	bedarf	anforderung
324	▔ertrat<sos>	▔ertrat<sos>	▔ertrat<sos>	▔ertrat<sos>	▔ertrat<sos>	▁10
325	verfahren	verfahren	verfahren	verfahren	verfahren	verfahren
326	erstellen	erstellen	erstellen	erstellen	erstellen	anlegen
327	kostenkomponenten	kostenkomponenten	kostenkomponenten	kostenkomponenten	kostenkomponenten	kostenkomponenten
328	problem	problem	problem	problem	problem	problem
329	abfrage	abfrage	abfrage	abfrage	abfrage	abfrage
330	workflussen	workflussen	workflussen	workflussen	workflussen	▁53
331	▔ertrat<sos>	erstellen	▔ertrat<sos>	erstellen	▔ertrat<sos>	anlegen
332	umfang	umfang	umfang	umfang	umfang	konsolidierungskreisen
333	space	raumschiff	space	space	space	platz
334	mandant	mandant	mandant	mandant	mandant	mandant
335	status	status	status	status	status	status
336	▔ertrat<sos>	▔ertrat<sos>	▔ertrat<sos>	▔ertrat<sos>	▔ertrat<sos>	▁45
337	▔ertrat<sos>	▔ertrat<sos>	▔ertrat<sos>	▔ertrat<sos>	▔ertrat<sos>	▁43
338	stufes	stufes	stufes	stufe	stufes	stufe
339	erstellen	erstellen	erstellen	erstellen	erstellen	anlegen
340	zuordnung	zuordnung	zuordnung	zuordnung	zuordnung	zuordnung
341	ort	ort	ort	ort	ort	ort
342	klassifikation	klassifikation	klassifikation	klassifikation	klassifikation	klassifikation
343	dokumentart	dokumentart	dokumentart	dokumentart	dokumentart	dokumentart
344	ende	ende	ende	ende	ende	▁50
345	erstellen	erstellen	erstellen	erstellen	erstellen	anlegen
346	terminplan	zeitplan	terminplan	terminplan	terminplan	dokument
347	release	freigabe	release	release	release	freigabe
348	grenzwert	grenzwert	grenzwert	grenzwert	grenzwert	grenzwert
349	group	group	group	group	group	group
350	group	group	group	group	group	▁22
351	einnahme	einnahme	einnahme	einnahme	einnahme	einnahme
352	zugriffskontrolle	zugriffskontrolle	zugriffskontrolle	zugriffskontrolle	zugriffskontrolle	zugriffskontrolle
353	weltraum	raumschiff	weltraum	space	weltraum	platz
354	einschränkung	datenbegrenzungen	einschränkung	einschränkung	einschränkung	einschränkung
355	element	element	element	artikel	element	artikel
356	zeitplan	zeitplan	zeitplan	terminplan	zeitplan	dokument
357	eigentümer	eigentümer	eigentümer	eigentümer	eigentümer	eigentümer
358	abfolge	reihenfolge	abfolge	abfolge	abfolge	abfolge
359	joint venturen accounting	joint venturen accounting	joint venturen accounting	joint venturen accounting	joint venturen accounting	joint venturen accounting
360	accounting	accounting	accounting	accounting	accounting	accounting
361	▔ertrat<sos>	lasted	▔ertrat<sos>	lasted	▔ertrat<sos>	▁29
362	vorlage	vorlage	vorlage	vorlage	vorlage	vorlage
363	batch	batch	batch	batch	batch	batch
364	cash	cash	cash	cash	cash	▁8
365	typ	art	typ	typ	typ	art
366	projektleiter	projektleiter	projektleiter	projektleiter	projektleiter	projektleiter
367	anfordern	anfordern	anfordern	anfordern	anfordern	anfragen
368	belegklassen	belegklassen	belegklassen	belegklassen	belegklassen	belegklassen
369	auswählen	auswählen	auswählen	auswählen	auswählen	auswählen
370	aktions	aktions	aktions	aktions	aktions	action
371	aktions	aktions	aktions	aktions	aktions	action
372	veraltet	veraltet	veraltet	veraltet	veraltet	▁33
373	release	freigabe	release	release	release	freigabe
374	datenverarbeitung	datenverarbeitung	datenverarbeitung	datenverarbeitung	datenverarbeitung	▁4
375	transaktion	transaktion	transaktion	transaktion	transaktion	transaktion
376	anwenden	anwenden	anwenden	anwenden	anwenden	anwenden
377	raum	raumschiff	raum	space	raum	platz
378	abschnitt	bereich	abschnitt	abschnitt	abschnitt	abschnitt
379	vorgang	vorgang	vorgang	vorgang	vorgang	vorgang
380	vorlage	vorlage	vorlage	vorlage	vorlage	vorlage
381	hauptansprechpartner	hauptansprechpartner	hauptansprechpartner	hauptansprechpartner	hauptansprechpartner	hauptansprechpartner
382	nachricht	nachricht	nachricht	nachricht	nachricht	meldung
383	übertragung	▔ertrat<sos>	übertragung	▔ertrat<sos>	übertragung	transfer
384	prüfung	prüfung	prüfung	prüfung	prüfung	prüfung
385	kompliance	anforderung	kompliance	kompliance	kompliance	compliance
386	lauf	lauf	lauf	lauf	lauf	lauf
387	überweisungsbetragen	überweisungsbetragen	überweisungsbetragen	überweisungsbetragen	überweisungsbetragen	überweisungsbetragen
388	mengeneinheitlichkeit	mengeneinheitlichkeit	mengeneinheitlichkeit	mengeneinheitlichkeit	mengeneinheitlichkeit	▁52
389	projektleiter	projektleiter	projektleiter	projektleiter	projektleiter	projektleiter
390	anfragen	anfordern	anfragen	anfordern	anfragen	anfragen
391	person	person	person	person	person	▁44
392	konnektivität	konnektivität	konnektivität	konnektivität	konnektivität	konnektivität
393	offen	offen	offen	offen	offen	offen
394	erstellen	erstellen	erstellen	erstellen	erstellen	anlegen
395	weltraum	raumschiff	weltraum	space	weltraum	platz
396	geschäftsbenutzer	geschäftsbenutzer	geschäftsbenutzer	geschäftsbenutzer	geschäftsbenutzer	geschäftsbenutzer
397	standort	ort	standort	ort	standort	ort
398	kahlungsdetails	kahlungsdetails	kahlungsdetails	kahlungsdetails	kahlungsdetails	▁36
399	konsumsmodell	konsumsmodell	konsumsmodell	konsumsmodell	konsumsmodell	verbrauchsmodell
400	beleg	beleg	beleg	beleg	beleg	beleg
401	erstellen	erstellen	erstellen	erstellen	erstellen	anlegen
402	transfer	▔ertrat<sos>	transfer	▔ertrat<sos>	transfer	transfer
403	konsolidierungskreisen	umfang	konsolidierungskreisen	umfang	konsolidierungskreisen	konsolidierungskreisen
404	typ	art	typ	typ	typ	art
405	immobilie	immobilie	immobilie	immobilie	immobilie	immobilie
406	terminplan	zeitplan	terminplan	terminplan	terminplan	dokument
407	abfrage	abfrage	abfrage	abfrage	abfrage	abfrage
408	gesellschaft	assoziation	gesellschaft	assoziation	gesellschaft	assoziation
409	charge	batch	charge	batch	charge	batch
410	verlauf	verlauf	verlauf	verlauf	verlauf	verlauf
411	bericht	berichtnnsfristen	bericht	bericht	bericht	bericht
412	betriebswirtschaftlich name	betriebswirtschaftlichern name	betriebswirtschaftlich name	betriebswirtschaftlich name	betriebswirtschaftlich name	betriebswirtschaftlichern name
413	erstellen	erstellen	erstellen	erstellen	erstellen	anlegen
414	service	dienstleistung	service	dienst	service	dienst
415	audit	audit	audit	audit	audit	audit
416	szenario	szenario	szenario	szenario	szenario	szenario
417	element	element	element	artikel	element	artikel
418	anzeige	anzeige	anzeige	anzeige	anzeige	anzeige
419	dokumentenaren	dokumentart	dokumentenaren	dokumentart	dokumentenaren	dokumentart
420	bericht	berichtnnsfristen	bericht	bericht	bericht	bericht
421	paket	paket	paket	packstück	paket	packstück
422	zugriffingen	zugriffingen	zugriffingen	zugriffingen	zugriffingen	▁1
423	ursprung	ursprung	ursprung	ursprung	ursprung	ursprung
424	forecaen	forecaen	forecaen	forecaen	forecaen	forecaen
425	anlage	vermögenswert	anlage	anlage	anlage	anlage
426	indikator	indikator	indikator	indikator	indikator	indikator
427	characteristik	characteristik	characteristik	characteristik	characteristik	▁38
428	beleg	beleg	beleg	beleg	beleg	beleg
429	work	work	work	work	work	work
430	erstellen	erstellen	erstellen	erstellen	erstellen	anlegen
431	artikel	element	artikel	artikel	artikel	artikel
432	zeitraum	zeitraum	zeitraum	zeitraum	zeitraum	zeitraum
433	bereich	fenster	bereich	bereich	bereich	bereich
434	objekt	objekt	objekt	inzwischen	objekt	objekt
435	attributstyp	attributstyp	attributstyp	attributstyp	attributstyp	attributstyp
436	anrecht	anrecht	anrecht	anrecht	anrecht	anrecht
437	layer	schicht	layer	layer	layer	layer
438	artikel	element	artikel	artikel	artikel	artikel
439	konnektor	konnektor	konnektor	konnektor	konnektor	konnektor
440	packstück	paket	packstück	packstück	packstück	packstück
441	meldung	nachricht	meldung	nachricht	meldung	meldung
442	meldung	nachricht	meldung	nachricht	meldung	meldung
443	zusätzlich	zusätzlich	zusätzlich	verfahren	zusätzlich	verfahren
444	fulfillment	orden	fulfillment	auftrag	fulfillment	auftrag
445	kberwachungsliste	kberwachungsliste	kberwachungsliste	kberwachungsliste	kberwachungsliste	▁31
446	einschränkung	datenbegrenzungen	einschränkung	einschränkung	einschränkung	einschränkung
447	erstellen	erstellen	erstellen	erstellen	erstellen	anlegen
448	typ	art	typ	typ	typ	art
449	checkbox	checkbox	checkbox	checkbox	checkbox	▁20
450	rohmaterial	rohmaterial	rohmaterial	rohmaterial	rohmaterial	rohmaterial
451	bewertungspraxien	bewertungspraxien	bewertungspraxien	bewertungspraxien	bewertungspraxien	▁3
452	bewertungspraxien	bewertungspraxien	bewertungspraxien	bewertungspraxien	bewertungspraxien	▁11
453	verarbeitung	verarbeitung	verarbeitung	verarbeitung	verarbeitung	verarbeitung
454	kontakt	kontakt	kontakt	kontakt	kontakt	kontakt
455	freigabe	freigabe	freigabe	release	freigabe	freigabe
456	kreditorenrechnehen	kreditorenrechnehen	kreditorenrechnehen	kreditorenrechnehen	kreditorenrechnehen	kreditorenrechnehen
457	unternehmensübergreifen	buchungskreisübergreifend	unternehmensübergreifen	unternehmensübergreifen	unternehmensübergreifen	buchungskreisübergreifend
458	erstellen	erstellen	erstellen	erstellen	erstellen	anlegen
459	personenbezogen datum	datum	personenbezogen datum	personenbezogen datum	personenbezogen datum	personenbezogen datum
460	relations	relations	relations	relations	relations	▁39
461	kabeln view	tabellenansicht	kabeln view	kabeln view	kabeln view	tabellenansicht
462	▔ertrat<sos>	▔ertrat<sos>	▔ertrat<sos>	▔ertrat<sos>	▔ertrat<sos>	▁25
463	hinweiß	hinweiß	hinweiß	hinweiß	hinweiß	▁32
464	anwenden	anwenden	anwenden	anwenden	anwenden	anwenden
465	agent	agent	agent	agent	agent	agent
466	aussetzen	aussetzen	aussetzen	aussetzen	aussetzen	aussetzen
467	verrechnung	zuordnung	verrechnung	verrechnung	verrechnung	verrechnung
468	anhang	anhang	anhang	anhang	anhang	anhang
469	auftrag	orden	auftrag	auftrag	auftrag	auftrag
470	abonnementpositionen	abonnementpositionen	abonnementpositionen	abonnementpositionen	abonnementpositionen	▁47
471	kontrakt	kontrakt	kontrakt	kontrakt	kontrakt	kontrakt
472	klassiker	klassifikation	klassiker	klassifikation	klassiker	klassifikation
473	customer	kreditgeber	customer	customer	customer	customer
474	merkmal	merkmal	merkmal	merkmal	merkmal	merkmal
475	geplant	geplant	geplant	geplant	geplant	▁51
476	stufe	stufes	stufe	stufe	stufe	stufe
477	raum	raumschiff	raum	space	raum	platz
478	typ	art	typ	typ	typ	art
479	zeitplan	zeitplan	zeitplan	terminplan	zeitplan	dokument
480	zuordnung	zuordnung	zuordnung	zuordnung	zuordnung	zuordnung
481	betrieb	betrieb	betrieb	betrieb	betrieb	betrieb
482	bereich	fenster	bereich	bereich	bereich	bereich
483	verweildauern	aufbewahrungszeitraumen	verweildauern	aufbewahrungszeitraumen	verweildauern	aufbewahrungszeitraumen
484	gesellschaft	zuordnung	gesellschaft	zuordnung	gesellschaft	zuordnung
485	requirement	bedarf	requirement	anforderung	requirement	anforderung
486	benachrichtigung	benachrichrichreichen	benachrichtigung	benachrichrichreichen	benachrichtigung	benachrichtigung
487	regenerieren	aktualisieren	regenerieren	aktualisieren	regenerieren	aktualisieren
488	schritt	schritt	schritt	schritt	schritt	schritt
489	datenübertraganbieter	datenanbietung	datenübertraganbieter	datenanbieter	datenübertraganbieter	▁12
490	terminplan	zeitplan	terminplan	terminplan	terminplan	dokument
491	seitenbereich	seitenbereich	seitenbereich	seitenbereich	seitenbereich	seitenbereich
492	typ	art	typ	typ	typ	art
493	unternehmensübergreifen	buchungskreisübergreifend	unternehmensübergreifen	unternehmensübergreifen	unternehmensübergreifen	buchungskreisübergreifend
494	bewertungsarten	bewertungsarten	bewertungsarten	bewertungsarten	bewertungsarten	▁16
495	auftrag	orden	auftrag	auftrag	auftrag	auftrag
496	auftrag	auftrag	auftrag	auftrag	auftrag	▁19
497	abonnement	abonnement	abonnement	abonnement	abonnement	abonnement
498	gegenstand	auswählen	gegenstand	auswählen	gegenstand	auswählen
499	erstellen	erstellen	erstellen	erstellen	erstellen	anlegen
500	standardwertschen	standardwertschen	standardwertschen	standardwertschen	standardwertschen	▁13
501	artikel	element	artikel	artikel	artikel	artikel
502	bericht	berichtnnsfristen	bericht	bericht	bericht	bericht
503	verfahren	verfahren	verfahren	verfahren	verfahren	verfahren
504	aufgabe	tätigkeit	aufgabe	aufgabe	aufgabe	aufgabe
505	zuordnung	zuordnung	zuordnung	zuordnung	zuordnung	zuordnung
506	umfang	umfang	umfang	umfang	umfang	konsolidierungskreisen
507	einsatz	einsatz	einsatz	einsatz	einsatz	einsatz
508	verfahren	zusätzlich	verfahren	verfahren	verfahren	verfahren
509	umfang	umfang	umfang	umfang	umfang	konsolidierungskreisen
510	verbrauchsmodell	konsumsmodell	verbrauchsmodell	konsumsmodell	verbrauchsmodell	verbrauchsmodell
511	antrag	antrag	antrag	antrag	antrag	antrag
512	ersetzung	ersetzung	ersetzung	ersetzung	ersetzung	ersetzung
513	kompliance	anforderung	kompliance	kompliance	kompliance	compliance
514	▔ertrat<sos>	▔ertrat<sos>	▔ertrat<sos>	▔ertrat<sos>	▔ertrat<sos>	▁18
515	zusammenfassung	übersicht	zusammenfassung	zusammenfassung	zusammenfassung	zusammenfassung
516	set	set	set	set	set	set
517	ersetzung	ersetzung	ersetzung	ersetzung	ersetzung	ersetzung
518	bericht	berichtnnsfristen	bericht	bericht	bericht	bericht
519	erstellen	erstellen	erstellen	erstellen	erstellen	anlegen
520	ersetzung	ersetzung	ersetzung	ersetzung	ersetzung	ersetzung
521	alarm	berichtnnsfristen	alarm	bericht	alarm	bericht
522	alarm	alarm	alarm	alarm	alarm	alarm
523	anlage	anhang	anlage	anhang	anlage	anhang
524	ioon	kreditgeber	ioon	customer	ioon	customer
525	tfrage	tätigkeit	tfrage	aufgabe	tfrage	aufgabe
526	abfrage	abfrage	abfrage	abfrage	abfrage	abfrage
527	auftragsvergabe	orden	auftragsvergabe	auftrag	auftragsvergabe	auftrag
528	teammitglied	teammitglied	teammitglied	teammitglied	teammitglied	teammitglied
529	inzwischen	objekt	inzwischen	inzwischen	inzwischen	objekt
530	log	log	log	log	log	log
531	message	nachricht	message	nachricht	message	meldung
532	stufe	stufes	stufe	stufe	stufe	stufe
533	nachricht	nachricht	nachricht	nachricht	nachricht	meldung
534	zuordneinen	zuordnung	zuordneinen	zuordnung	zuordneinen	zuordnung
535	abschließen	abschließen	abschließen	abschließen	abschließen	abschließen
536	▔ertrat<sos>	tabelle	▔ertrat<sos>	tabelle	▔ertrat<sos>	tabelle
537	einschränkung	einschränkung	einschränkung	einschränkung	einschränkung	einschränkung
538	anforderung	bedarf	anforderung	anforderung	anforderung	anforderung
539	positionierungen	element	positionierungen	artikel	positionierungen	artikel
540	verwaltung	verwaltung	verwaltung	verwaltung	verwaltung	verwaltung
541	prozentual	prozentual	prozentual	prozentual	prozentual	prozentual
542	kooperation	kooperation	kooperation	kooperation	kooperation	kooperation
