	tgt	pseudoref_first	tgt	pseudoref_frequent	tgt	pseudoref_predefined
0	панель	панель	панель	область	панель	область
1	договор	договор	договор	контракт	договор	договор
2	▔	▁11	▔	тип	▔	вид
3	revenue	revenue	revenue	revenue	revenue	▁98
4	обновить	обновить	обновить	обновление	обновить	обновить
5	диапазон	диапазон	диапазон	диапазон	диапазон	▁85
6	поставщик	поставщик	поставщик	поставщик	поставщик	поставщик
7	поставщик	поставщик	поставщик	поставщик	поставщик	поставщик
8	отделение	отделение	отделение	отделение	отделение	▁22
9	тип	▁11	тип	тип	тип	вид
10	ввод	ввод	ввод	ввод	ввод	ввод
11	тип	▁11	тип	тип	тип	вид
12	▔	▁11	▔	тип	▔	вид
13	цель	цель	цель	назначение	цель	назначение
14	тип	▁11	тип	тип	тип	вид
15	тип	▁11	тип	тип	тип	вид
16	общественный	общественный	общественный	общественный	общественный	▁83
17	поставщик	поставщик	поставщик	поставщик	поставщик	поставщик
18	вход	ввод	вход	ввод	вход	ввод
19	тип	▁11	тип	тип	тип	вид
20	отложить	отложить	отложить	отложить	отложить	▁78
21	поставщик	поставщик	поставщик	поставщик	поставщик	поставщик
22	правило	правило	правило	правило	правило	▁88
23	поставщик	поставщик	поставщик	поставщик	поставщик	поставщик
24	вход	ввод	вход	ввод	вход	ввод
25	выход	выход	выход	выход	выход	▁75
26	билетный	билетный	билетный	билетный	билетный	▁19
27	взрыв	взрыв	взрыв	взрыв	взрыв	▁48
28	объединение	объединение	объединение	объединение	объединение	▁15
29	группа	группа	группа	группа	группа	группа
30	▔	▁11	▔	тип	▔	вид
31	договор	договор	договор	контракт	договор	договор
32	область	область	область	область	область	▁104
33	add-on	add-on	add-on	add-on	add-on	▁6
34	отображение	отображение	отображение	отображение	отображение	▁67
35	сводка	сводка	сводка	сводка	сводка	сводка
36	глобальный валюта	глобальный валюта	глобальный валюта	глобальный валюта	глобальный валюта	▁52
37	пространство	пространство	пространство	пространство	пространство	пространство
38	редактирование	редактирование	редактирование	изменить	редактирование	редактировать
39	пространство	пространство	пространство	пространство	пространство	пространство
40	расписание	расписание	расписание	расписание	расписание	расписание
41	вход	ввод	вход	ввод	вход	ввод
42	лист запись служба	лист запись служба	лист запись служба	лист вход служба	лист запись служба	▁107
43	поставщик	поставщик	поставщик	поставщик	поставщик	поставщик
44	поставщик	поставщик	поставщик	поставщик	поставщик	поставщик
45	диапазон	диапазон	диапазон	диапазон	диапазон	▁85
46	ввод	ввод	ввод	ввод	ввод	ввод
47	тип	▁11	тип	тип	тип	вид
48	расписание	расписание	расписание	расписание	расписание	расписание
49	поставщик данные	поставщик данные	поставщик данные	поставщик данные	поставщик данные	▁37
50	период пребывание	период пребывание	период пребывание	период проживание	период пребывание	▁92
51	приостановление	приостановление	приостановление	приостановление	приостановление	приостановление
52	тип	тип	тип	тип	тип	▁82
53	мастер	мастер	мастер	мастер	мастер	мастер
54	поток	поток	поток	поток	поток	поток
55	▔	отображение	▔	отображение	▔	▁67
56	дата дата	дата дата	дата дата	дата дата	дата дата	▁44
57	отметить	отметить	отметить	отметить	отметить	отметить
58	поставщик	поставщик	поставщик	поставщик	поставщик	поставщик
59	транзакция	транзакция	транзакция	транзакция	транзакция	сделка
60	пользовательский поле	пользовательский поле	пользовательский поле	пользовательский поле	пользовательский поле	пользовательский поле
61	область	панель	область	область	область	область
62	период проживание	период пребывание	период проживание	период проживание	период проживание	▁92
63	часть	часть	часть	часть	часть	▁76
64	диапазон	диапазон	диапазон	диапазон	диапазон	▁85
65	поставщик	поставщик	поставщик	поставщик	поставщик	поставщик
66	▔	▁2	▔	▁1	▔	▁18
67	копировать	копировать	копировать	копировать	копировать	▁36
68	обнаружение	обнаружение	обнаружение	обнаружение	обнаружение	▁3
69	тип	▁11	тип	тип	тип	вид
70	использовать	использовать	использовать	использовать	использовать	использование
71	тип	▁11	тип	тип	тип	вид
72	расписание	расписание	расписание	расписание	расписание	расписание
73	тип	▁11	тип	тип	тип	вид
74	выходной	выход	выходной	выход	выходной	▁75
75	▔	ввод	▔	ввод	▔	ввод
76	тип	▁11	тип	тип	тип	вид
77	выделение	выделение	выделение	выделение	выделение	распределение
78	контракт	договор	контракт	контракт	контракт	договор
79	изменить	редактирование	изменить	изменить	изменить	редактировать
80	требовать	требовать	требовать	требовать	требовать	▁38
81	▔	ввод	▔	ввод	▔	ввод
82	▔	▁5	▔	▁3	▔	▁61
83	пространство	пространство	пространство	пространство	пространство	пространство
84	обязанность	обнаружение	обязанность	обнаружение	обязанность	▁3
85	период проживание	период пребывание	период проживание	период проживание	период проживание	▁92
86	контракт	договор	контракт	контракт	контракт	договор
87	▔	▁0	▔	собрание	▔	▁12
88	копировать	копировать	копировать	копировать	копировать	▁36
89	расписание	расписание	расписание	расписание	расписание	расписание
90	обнаружение	обнаружение	обнаружение	обнаружение	обнаружение	▁3
91	поставщик	поставщик	поставщик	поставщик	поставщик	поставщик
92	лист вход служба	лист запись служба	лист вход служба	лист вход служба	лист вход служба	▁107
93	тип	▁11	тип	тип	тип	вид
94	▔	▁3	▔	изменение	▔	изменение
95	расписание	расписание	расписание	расписание	расписание	расписание
96	undo	undo	undo	undo	undo	▁122
97	▔	▁7	▔	причина	▔	приостановка
98	содержание	содержание	содержание	содержание	содержание	▁33
99	▔	▁9	▔	установить	▔	▁108
100	поток	поток	поток	поток	поток	▁116
101	личный дать	личный дать	личный дать	личный дать	личный дать	личный дать
102	личный дать	личный дать	личный дать	личный дать	личный дать	личный дать
103	поставщик	поставщик	поставщик	поставщик	поставщик	поставщик
104	тип	▁11	тип	тип	тип	вид
105	приложение	приложение	приложение	приложение	приложение	▁17
106	активировать	активировать	активировать	активировать	активировать	активировать
107	поставщик данные	поставщик данные	поставщик данные	поставщик данные	поставщик данные	▁37
108	отчётность	отчётность	отчётность	отчёт	отчётность	отчёт
109	категория	категория	категория	категория	категория	категория
110	тип	▁11	тип	тип	тип	вид
111	клиент	клиент	клиент	клиент	клиент	клиент
112	▔	▁11	▔	тип	▔	вид
113	изменение	▁3	изменение	изменение	изменение	изменение
114	поставщик	поставщик	поставщик	поставщик	поставщик	поставщик
115	расписание	расписание	расписание	расписание	расписание	расписание
116	провайдер	поставщик	провайдер	поставщик	провайдер	поставщик
117	средний	средний	средний	средний	средний	▁86
118	мастер	мастер	мастер	мастер	мастер	мастер
119	шаблон	шаблон	шаблон	рисунок	шаблон	шаблон
120	тип	▁11	тип	тип	тип	вид
121	поставщик	поставщик	поставщик	поставщик	поставщик	поставщик
122	неактивный	неактивный	неактивный	неактивный	неактивный	▁57
123	изменить	редактирование	изменить	изменить	изменить	редактировать
124	поставщик	поставщик	поставщик	поставщик	поставщик	поставщик
125	schedule	расписание	schedule	расписание	schedule	расписание
126	копировать	копировать	копировать	копировать	копировать	▁36
127	▔	редактирование	▔	изменить	▔	редактировать
128	вкладка	вкладка	вкладка	вкладка	вкладка	вкладка
129	поставщик	поставщик	поставщик	поставщик	поставщик	поставщик
130	тип	▁11	тип	тип	тип	вид
131	расписание	расписание	расписание	расписание	расписание	расписание
132	область	область	область	область	область	▁104
133	контракт	договор	контракт	контракт	контракт	договор
134	срок аренда	срок аренда	срок аренда	период удерживание	срок аренда	▁96
135	история	история	история	история	история	▁113
136	пространство	пространство	пространство	пространство	пространство	пространство
137	ставка	средний	ставка	средний	ставка	▁86
138	вкладка	вкладка	вкладка	вкладка	вкладка	вкладка
139	тип	▁11	тип	тип	тип	вид
140	пространство	пространство	пространство	пространство	пространство	пространство
141	передача	передача	передача	передача	передача	▁120
142	тип	▁11	тип	тип	тип	вид
143	установка	установка	установка	установка	установка	▁59
144	открыть	открыть	открыть	открытый	открыть	▁73
145	тип	▁11	тип	тип	тип	вид
146	▔	мастер	▔	мастер	▔	мастер
147	тип	▁11	тип	тип	тип	вид
148	вкладка	вкладка	вкладка	вкладка	вкладка	вкладка
149	вид	▁11	вид	тип	вид	вид
150	расписание	расписание	расписание	расписание	расписание	расписание
151	мастер	мастер	мастер	мастер	мастер	мастер
152	запрос	запрос	запрос	запрос	запрос	▁91
153	изменение	▁3	изменение	изменение	изменение	изменение
154	вкладка	вкладка	вкладка	вкладка	вкладка	вкладка
155	▔	▁8	▔	перезапустить	▔	▁93
156	причина	▁7	причина	причина	причина	приостановка
157	отношение	отношение	отношение	отношение	отношение	▁89
158	агрегатный	агрегатный	агрегатный	агрегатный	агрегатный	▁7
159	контракт	договор	контракт	контракт	контракт	договор
160	тип	▁11	тип	тип	тип	вид
161	элемент	элемент	элемент	элемент	элемент	элемент
162	время проектирование	время проектирование	время проектирование	время проектирование	время проектирование	▁39
163	тип	▁11	тип	тип	тип	вид
164	расписание	расписание	расписание	расписание	расписание	расписание
165	тип	▁11	тип	тип	тип	вид
166	получить	получить	получить	получить	получить	получить
167	обновление	обновить	обновление	обновление	обновление	обновить
168	скачать	скачать	скачать	скачать	скачать	▁43
169	проверка	проверка	проверка	проверка	проверка	проверка
170	пространство	пространство	пространство	пространство	пространство	пространство
171	тип	▁11	тип	тип	тип	вид
172	причина	▁7	причина	причина	причина	приостановка
173	тип сделка	тип сделка	тип сделка	тип сделка	тип сделка	▁119
174	провайдер	поставщик	провайдер	поставщик	провайдер	поставщик
175	мастер	мастер	мастер	мастер	мастер	мастер
176	тип	▁11	тип	тип	тип	вид
177	тип	▁11	тип	тип	тип	вид
178	поставщик	поставщик	поставщик	поставщик	поставщик	поставщик
179	изменить	редактирование	изменить	изменить	изменить	редактировать
180	входной	ввод	входной	ввод	входной	ввод
181	размещение	выделение	размещение	выделение	размещение	распределение
182	подтверждение	подтверждение	подтверждение	подтверждение обслуживание	подтверждение	▁106
183	запрос	запрос	запрос	запрос	запрос	▁91
184	потреблять	использовать	потреблять	использовать	потреблять	использование
185	поставщик	поставщик	поставщик	поставщик	поставщик	поставщик
186	изменить	редактирование	изменить	изменить	изменить	редактировать
187	пространство	пространство	пространство	пространство	пространство	пространство
188	тип	▁11	тип	тип	тип	вид
189	получить	получить	получить	получить	получить	получить
190	заказ	заказ	заказ	заказ	заказ	▁84
191	заказ входящий	заказ входящий	заказ входящий	заказ входящий	заказ входящий	▁1
192	заказ продажа	заказ продажа	заказ продажа	заказ продажа	заказ продажа	▁103
193	тип	▁11	тип	тип	тип	вид
194	исключение	исключение	исключение	исключение	исключение	исключение
195	▔	▁11	▔	тип	▔	вид
196	тип	категория	тип	категория	тип	категория
197	элемент	элемент	элемент	элемент	элемент	элемент
198	обновить	обновить	обновить	обновление	обновить	обновить
199	тип	▁11	тип	тип	тип	вид
200	правило	правило	правило	правило	правило	▁88
201	назначение	назначение	назначение	назначение	назначение	▁110
202	условие	условие	условие	условие	условие	▁115
203	мастер	мастер	мастер	мастер	мастер	мастер
204	поставщик	поставщик	поставщик	поставщик	поставщик	поставщик
205	вкладка	вкладка	вкладка	вкладка	вкладка	вкладка
206	вкладка	вкладка	вкладка	вкладка	вкладка	вкладка
207	тип	▁11	тип	тип	тип	вид
208	тип	▁11	тип	тип	тип	вид
209	период хранение	срок аренда	период хранение	период удерживание	период хранение	▁96
210	тип транзакция	тип сделка	тип транзакция	тип сделка	тип транзакция	▁119
211	тип	▁11	тип	тип	тип	вид
212	подтверждение служба	подтверждение	подтверждение служба	подтверждение обслуживание	подтверждение служба	▁106
213	расчёт процент	расчёт процент	расчёт процент	расчёт процент	расчёт процент	▁60
214	деталя	деталя	деталя	деталя	деталя	▁27
215	редактирование	редактирование	редактирование	изменить	редактирование	редактировать
216	изменить	редактирование	изменить	изменить	изменить	редактировать
217	заказ	заказ	заказ	заказ	заказ	▁84
218	заказ исходящий	заказ входящий	заказ исходящий	заказ входящий	заказ исходящий	▁1
219	▔	▁6	▔	▁4	▔	▁69
220	рабочий пакет	рабочий пакет	рабочий пакет	рабочий пакет	рабочий пакет	рабочий пакет
221	тип	▁11	тип	тип	тип	вид
222	расписание	расписание	расписание	расписание	расписание	расписание
223	▔	▁7	▔	причина	▔	приостановка
224	объединение	объединение	объединение	объединение	объединение	▁15
225	тип	▁11	тип	тип	тип	вид
226	обновление	обновить	обновление	обновление	обновление	обновить
227	действие	действие	действие	действие	действие	▁4
228	тип	▁11	тип	тип	тип	вид
229	список использовать	список использовать	список использовать	список использовать	список использовать	▁126
230	запись	запись	запись	запись	запись	запись
231	ремонт	ремонт	ремонт	ремонт	ремонт	ремонт
232	договор	договор	договор	контракт	договор	договор
233	окружающий среда , здоровье и безопасность	окружающий среда , здоровье и безопасность	окружающий среда , здоровье и безопасность	окружающий среда , здоровье и безопасность	окружающий среда , здоровье и безопасность	▁0
234	тип	▁11	тип	тип	тип	вид
235	запросить	запрос	запросить	запрос	запросить	▁91
236	агент	агент	агент	агент	агент	агент
237	запрос	запрос	запрос	запрос	запрос	▁91
238	выполнение	выполнение	выполнение	выполнение	выполнение	▁101
239	подтверждение обслуживание	подтверждение	подтверждение обслуживание	подтверждение обслуживание	подтверждение обслуживание	▁106
240	поставщик	поставщик	поставщик	поставщик	поставщик	поставщик
241	характеристика	характеристика	характеристика	характеристика	характеристика	характеристика
242	срок хранение	срок аренда	срок хранение	период удерживание	срок хранение	▁96
243	перевозчик	перевозчик	перевозчик	перевозчик	перевозчик	перевозчик
244	подтверждение услуга	подтверждение	подтверждение услуга	подтверждение обслуживание	подтверждение услуга	▁106
245	использовать	использовать	использовать	использовать	использовать	использование
246	тип транспорт	тип транспорт	тип транспорт	тип транспорт	тип транспорт	▁121
247	тип	▁11	тип	тип	тип	вид
248	контракт	договор	контракт	контракт	контракт	договор
249	▔	заказ продажа	▔	заказ продажа	▔	▁103
250	освобождение	освобождение	освобождение	выпуск	освобождение	▁90
251	очистка дом	очистка дом	очистка дом	очистка дом	очистка дом	▁26
252	очистка дом	очистка дом	очистка дом	очистка дом	очистка дом	▁26
253	сводка	сводка	сводка	сводка	сводка	сводка
254	изменить	▁3	изменить	изменение	изменить	изменение
255	открытый	открыть	открытый	открытый	открытый	▁73
256	следить	следить	следить	следить	следить	▁70
257	тип	▁11	тип	тип	тип	вид
258	тип событие	тип событие	тип событие	тип событие	тип событие	▁46
259	установить	▁9	установить	установить	установить	▁108
260	тип	▁11	тип	тип	тип	вид
261	редактировать	редактирование	редактировать	изменить	редактировать	редактировать
262	расписание	расписание	расписание	расписание	расписание	расписание
263	редактировать	редактирование	редактировать	изменить	редактировать	редактировать
264	тип	▁11	тип	тип	тип	вид
265	тип	▁11	тип	тип	тип	вид
266	отчёт	отчётность	отчёт	отчёт	отчёт	отчёт
267	изменение	редактирование	изменение	изменить	изменение	редактировать
268	▔	▁11	▔	тип	▔	вид
269	условие	условие	условие	условие	условие	▁115
270	тип	▁11	тип	тип	тип	вид
271	контрактный	договор	контрактный	контракт	контрактный	договор
272	тип	▁11	тип	тип	тип	вид
273	активировать	активировать	активировать	активировать	активировать	активировать
274	изменение	редактирование	изменение	изменить	изменение	редактировать
275	пробег	пробег	пробег	пробег	пробег	▁51
276	модель потребление	модель потребление	модель потребление	модель потребление	модель потребление	▁32
277	расписание	расписание	расписание	расписание	расписание	расписание
278	изменение	изменение	изменение	изменение	изменение	▁100
279	обновление	обновить	обновление	обновление	обновление	обновить
280	тип	▁11	тип	тип	тип	вид
281	контроллер	контроллер	контроллер	контроллер	контроллер	▁35
282	место хранение	место хранение	место хранение	место хранение	место хранение	место хранение
283	согласие	согласие	согласие	согласие	согласие	согласие
284	использовать	использовать	использовать	использовать	использовать	использование
285	количество	количество	количество	количество	количество	▁9
286	поставщик	поставщик	поставщик	поставщик	поставщик	поставщик
287	применить	применить	применить	применить	применить	▁11
288	отменить	undo	отменить	undo	отменить	▁122
289	тип	▁11	тип	тип	тип	вид
290	получить	получить	получить	получить	получить	получить
291	лот	лот	лот	лот	лот	▁65
292	проверить	проверка	проверить	проверка	проверить	проверка
293	тип	▁11	тип	тип	тип	вид
294	запустить	выполнение	запустить	выполнение	запустить	▁101
295	изменение	редактирование	изменение	изменить	изменение	редактировать
296	изменить	▁3	изменить	изменение	изменить	изменение
297	вход	вход	вход	вход	вход	▁62
298	провайдер	поставщик	провайдер	поставщик	провайдер	поставщик
299	аккаунт	аккаунт	аккаунт	аккаунт	аккаунт	▁2
300	следующий	следующий	следующий	следующий	следующий	▁50
301	тип	▁11	тип	тип	тип	вид
302	следующий	следующий	следующий	следующий	следующий	▁50
303	время удерживание	время удерживание	время удерживание	время удерживание	время удерживание	▁97
304	вкладка	вкладка	вкладка	вкладка	вкладка	вкладка
305	изменение	▁3	изменение	изменение	изменение	изменение
306	тип	▁11	тип	тип	тип	вид
307	закрыть	закрыть	закрыть	закрыть	закрыть	закрыть
308	отказ от налог	отказ от налог	отказ от налог	выдерживать налог	отказ от налог	▁127
309	ограничить	ограничить	ограничить	ограничить	ограничить	▁63
310	проверка	проверка	проверка	проверка	проверка	проверка
311	выход	выход	выход	выход	выход	▁75
312	индикатор блокировка	индикатор блокировка	индикатор блокировка	индикатор блокировка	индикатор блокировка	индикатор блокировка
313	расписание	расписание	расписание	расписание	расписание	расписание
314	доставка	доставка	доставка	доставка	доставка	▁112
315	вкладка	вкладка	вкладка	вкладка	вкладка	вкладка
316	приложение	отображение	приложение	отображение	приложение	▁67
317	редактировать	редактирование	редактировать	изменить	редактировать	редактировать
318	форма	форма	форма	форма	форма	форма
319	использование	использовать	использование	использовать	использование	использование
320	расписание	расписание	расписание	расписание	расписание	расписание
321	в подготовка	в подготовка	в подготовка	в подготовка	в подготовка	▁55
322	тип	▁11	тип	тип	тип	вид
323	соответствие	соответствие	соответствие	соответствие	соответствие	▁68
324	расписание	расписание	расписание	расписание	расписание	расписание
325	тип	▁11	тип	тип	тип	вид
326	копировать	копировать	копировать	копировать	копировать	▁36
327	тип	▁11	тип	тип	тип	вид
328	сводка	сводка	сводка	сводка	сводка	сводка
329	подтверждение о предоставление	подтверждение	подтверждение о предоставление	подтверждение обслуживание	подтверждение о предоставление	▁106
330	уровень публикация	уровень публикация	уровень публикация	уровень публикация	уровень публикация	▁77
331	ввод	ввод	ввод	ввод	ввод	ввод
332	биллинга	билетный	биллинга	билетный	биллинга	▁19
333	группа	группа	группа	группа	группа	группа
334	тип	▁11	тип	тип	тип	вид
335	предел среда	предел среда	предел среда	предел среда	предел среда	▁45
336	восстановление	восстановление	восстановление	восстановление	восстановление	▁94
337	перезапустить	▁8	перезапустить	перезапустить	перезапустить	▁93
338	личный информация	личный информация	личный информация	личный информация	личный информация	личный информация
339	период удерживание	срок аренда	период удерживание	период удерживание	период удерживание	▁96
340	тип	▁11	тип	тип	тип	вид
341	сделка	транзакция	сделка	транзакция	сделка	сделка
342	тип	▁11	тип	тип	тип	вид
343	репликация данные	репликация данные	репликация данные	репликация данные	репликация данные	репликация данные
344	оплата	оплата	оплата	оплата	оплата	оплата
345	предупреждение	предупреждение	предупреждение	предупреждение	предупреждение	▁8
346	тип	▁11	тип	тип	тип	вид
347	тип	▁11	тип	тип	тип	вид
348	расширение	расширение	расширение	расширение	расширение	▁47
349	договор	договор	договор	контракт	договор	договор
350	срок начало действие	срок начало действие	срок начало действие	срок начало действие	срок начало действие	▁125
351	параметр	редактирование	параметр	изменить	параметр	редактировать
352	договор	договор	договор	контракт	договор	договор
353	тип	▁11	тип	тип	тип	вид
354	категория	категория	категория	категория	категория	▁123
355	деятельность	деятельность	деятельность	действие	деятельность	действие
356	идентификатор поставщик	идентификатор поставщик	идентификатор поставщик	идентификатор поставщик	идентификатор поставщик	идентификатор поставщик
357	тип	▁11	тип	тип	тип	вид
358	тип	▁11	тип	тип	тип	вид
359	подтверждение обслуживание	подтверждение	подтверждение обслуживание	подтверждение обслуживание	подтверждение обслуживание	▁106
360	распределение	выделение	распределение	выделение	распределение	распределение
361	выделение	выделение	выделение	выделение	выделение	распределение
362	ценность	получить	ценность	получить	ценность	получить
363	действие	действие	действие	действие	действие	▁4
364	ввод	ввод	ввод	ввод	ввод	ввод
365	копировать	копировать	копировать	копировать	копировать	▁36
366	тип	▁11	тип	тип	тип	вид
367	личный информация	личный информация	личный информация	личный информация	личный информация	личный информация
368	требование	требование	требование	требование	требование	▁23
369	▔	договор	▔	контракт	▔	договор
370	изменить	редактирование	изменить	изменить	изменить	редактировать
371	поставщик	поставщик	поставщик	поставщик	поставщик	поставщик
372	▔	▁4	▔	▁2	▔	▁53
373	процесс	процесс	процесс	обработка	процесс	▁80
374	контроллер	контроллер	контроллер	контроллер	контроллер	▁35
375	действие	деятельность	действие	действие	действие	действие
376	назначение	цель	назначение	назначение	назначение	назначение
377	изменение	▁3	изменение	изменение	изменение	изменение
378	выдерживать налог	отказ от налог	выдерживать налог	выдерживать налог	выдерживать налог	▁127
379	▔	▁1	▔	▁0	▔	▁14
380	служба	служба	служба	служба	служба	▁105
381	пробел	пространство	пробел	пространство	пробел	пространство
382	действие	действие	действие	действие	действие	▁4
383	прикрепить	прикрепить	прикрепить	прикрепить	прикрепить	▁16
384	оплата	оплата	оплата	оплата	оплата	оплата
385	выход	выход	выход	выход	выход	▁75
386	активность	активность	активность	активность	активность	▁5
387	входной	ввод	входной	ввод	входной	ввод
388	ввести	ввод	ввести	ввод	ввести	ввод
389	использовать	использовать	использовать	использовать	использовать	использование
390	изменить	▁3	изменить	изменение	изменить	изменение
391	тип	▁11	тип	тип	тип	вид
392	тип	▁11	тип	тип	тип	вид
393	изменение	▁3	изменение	изменение	изменение	изменение
394	перевозка	перевозка	перевозка	транспорт	перевозка	транспорт
395	перевозчик	перевозчик	перевозчик	перевозчик	перевозчик	перевозчик
396	подключение	подключение	подключение	подключение	подключение	подключение
397	обработка	процесс	обработка	обработка	обработка	▁80
398	активация	активировать	активация	активировать	активация	активировать
399	поставщик	поставщик	поставщик	поставщик	поставщик	поставщик
400	общий	общий	общий	общий	общий	▁118
401	контроллер	контроллер	контроллер	контроллер	контроллер	▁35
402	ключ управление подтверждение	ключ управление подтверждение	ключ управление подтверждение	ключ управление подтверждение	ключ управление подтверждение	▁30
403	примириться	примириться	примириться	примириться	примириться	▁87
404	тип	▁11	тип	тип	тип	вид
405	поставщик	поставщик	поставщик	поставщик	поставщик	поставщик
406	тип	▁11	тип	тип	тип	вид
407	потребление	потребление	потребление	потребление	потребление	▁31
408	категория	категория	категория	категория	категория	категория
409	причина	▁7	причина	причина	причина	приостановка
410	тип	▁11	тип	тип	тип	вид
411	транспорт	перевозка	транспорт	транспорт	транспорт	транспорт
412	вкладка	вкладка	вкладка	вкладка	вкладка	вкладка
413	тип	▁11	тип	тип	тип	вид
414	рабочий процесс	рабочий процесс	рабочий процесс	рабочий процесс	рабочий процесс	рабочий процесс
415	агентство коллекция	агентство коллекция	агентство коллекция	агентство коллекция	агентство коллекция	▁28
416	тип	▁11	тип	тип	тип	вид
417	тип	▁11	тип	тип	тип	вид
418	клиент	клиент	клиент	клиент	клиент	клиент
419	категория	категория	категория	категория	категория	категория
420	редактировать	редактирование	редактировать	изменить	редактировать	редактировать
421	характеристика	характеристика	характеристика	характеристика	характеристика	характеристика
422	выпуск	освобождение	выпуск	выпуск	выпуск	▁90
423	диаграмма аналитик	диаграмма аналитик	диаграмма аналитик	диаграмма аналитик	диаграмма аналитик	▁10
424	провайдер	поставщик	провайдер	поставщик	провайдер	поставщик
425	назначить	назначить	назначить	назначить	назначить	▁13
426	тип запуск	тип запуск	тип запуск	тип запуск	тип запуск	▁102
427	выход	выход	выход	выход	выход	выход
428	поставщик данные	поставщик данные	поставщик данные	поставщик данные	поставщик данные	▁37
429	учётный	аккаунт	учётный	аккаунт	учётный	▁2
430	проверка	проверка	проверка	проверка	проверка	проверка
431	вид	▁11	вид	тип	вид	вид
432	сохранить	сохранить	сохранить	сохранить	сохранить	▁66
433	структура расположение	структура расположение	структура расположение	структура расположение	структура расположение	▁64
434	соответствие	соответствие	соответствие	соответствие	соответствие	соответствие
435	▔	▁10	▔	▁5	▔	▁117
436	компенсация	компенсация	компенсация	компенсация	компенсация	▁29
437	процедура цена	процедура цена	процедура цена	процедура цена	процедура цена	▁79
438	собрание	▁0	собрание	собрание	собрание	▁12
439	страница	вкладка	страница	вкладка	страница	вкладка
440	изменение	редактирование	изменение	изменить	изменение	редактировать
441	рисунок	шаблон	рисунок	рисунок	рисунок	шаблон
442	тип	▁11	тип	тип	тип	вид
443	транзакция	транзакция	транзакция	транзакция	транзакция	сделка
444	прекратить	прекратить	прекратить	прекратить	прекратить	▁111
445	вкладка	вкладка	вкладка	вкладка	вкладка	вкладка
446	активировать	активировать	активировать	активировать	активировать	активировать
447	контракт	договор	контракт	контракт	контракт	договор
448	изменить	редактирование	изменить	изменить	изменить	редактировать
449	мастер	мастер	мастер	мастер	мастер	мастер
450	категория	категория	категория	категория	категория	▁72
451	отмена	отмена	отмена	отмена	отмена	отменить
452	ограниченный	ограниченный	ограниченный	ограниченный	ограниченный	▁95
453	актив	актив	актив	актив	актив	актив
454	инспекция	инспекция	инспекция	инспекция	инспекция	▁58
455	использование	использовать	использование	использовать	использование	использование
456	отчёт	отчётность	отчёт	отчёт	отчёт	отчёт
457	тип классификация	тип классификация	тип классификация	тип классификация	тип классификация	▁25
458	в обзор	в обзор	в обзор	в обзор	в обзор	▁56
459	поставщик	поставщик	поставщик	поставщик	поставщик	поставщик
460	тип	▁11	тип	тип	тип	вид
461	вкладка	вкладка	вкладка	вкладка	вкладка	вкладка
462	событие	прекратить	событие	прекратить	событие	▁111
463	обновление	обновить	обновление	обновление	обновление	обновить
464	орден	орден	орден	орден	орден	▁74
465	расписание	расписание	расписание	расписание	расписание	расписание
466	вкладка	вкладка	вкладка	вкладка	вкладка	вкладка
467	распределение	распределение	распределение	распределение	распределение	▁41
468	зарегистрировать	запись	зарегистрировать	запись	зарегистрировать	запись
469	ресурс	ресурс	ресурс	ресурс	ресурс	ресурс
470	группировка	группировка	группировка	группировка	группировка	▁54
471	биллинг-документ	биллинг-документ	биллинг-документ	биллинг-документ	биллинг-документ	▁21
472	запись разъяснение	запись разъяснение	запись разъяснение	запись разъяснение	запись разъяснение	▁24
473	изменить	редактирование	изменить	изменить	изменить	редактировать
474	использовать	использовать	использовать	использовать	использовать	использование
475	тип	▁11	тип	тип	тип	вид
476	транспорт	перевозка	транспорт	транспорт	транспорт	транспорт
477	поставщик	поставщик	поставщик	поставщик	поставщик	поставщик
478	тип	▁11	тип	тип	тип	вид
479	распределение доход	распределение доход	распределение доход	распределение доход	распределение доход	▁99
480	триггер	триггер	триггер	триггер	триггер	триггер
481	тип	▁11	тип	тип	тип	вид
482	номер расширение	номер расширение	номер расширение	номер расширение	номер расширение	▁49
483	тип	▁11	тип	тип	тип	вид
484	общественный	общественный	общественный	общественный	общественный	▁83
485	приостановка	▁7	приостановка	причина	приостановка	приостановка
486	контракт	договор	контракт	контракт	контракт	договор
487	получить	получить	получить	получить	получить	получить
488	контракт	договор	контракт	контракт	контракт	договор
489	применить	применить	применить	применить	применить	▁11
490	тип процесс	тип процесс	тип процесс	тип процесс	тип процесс	▁81
491	содержимое	содержание	содержимое	содержание	содержимое	▁33
492	тип	▁11	тип	тип	тип	вид
493	редактировать	редактирование	редактировать	изменить	редактировать	редактировать
494	шхуна	доставка	шхуна	доставка	шхуна	▁112
495	расписание	расписание	расписание	расписание	расписание	расписание
496	утилита	утилита	утилита	утилита	утилита	▁124
497	изменить	▁3	изменить	изменение	изменить	изменение
498	▔	▁11	▔	тип	▔	вид
499	поставщик	поставщик	поставщик	поставщик	поставщик	поставщик
500	выход	выход	выход	выход	выход	▁75
501	тип	▁11	тип	тип	тип	вид
502	отключить	отключить	отключить	отключить	отключить	▁40
503	код	код	код	код	код	▁71
504	тип документ	тип документ	тип документ	тип документ	тип документ	▁42
505	получить	получить	получить	получить	получить	получить
506	категория	категория	категория	категория	категория	категория
507	обновление	обновить	обновление	обновление	обновление	обновить
508	сводка	сводка	сводка	сводка	сводка	сводка
509	дать биллинга	дать биллинга	дать биллинга	дать биллинга	дать биллинга	▁20
510	одинарный назначение	одинарный назначение	одинарный назначение	одинарный назначение	одинарный назначение	▁109
511	отменить	отмена	отменить	отмена	отменить	отменить
512	контроль	контроль	контроль	контроль	контроль	▁34
513	подтип	подтип	подтип	подтип	подтип	▁114
