	tgt	pseudoref_first	tgt	pseudoref_frequent	tgt	pseudoref_predefined
0	панель	панель	панель	область	панель	область
1	договор	договор	договор	контракт	договор	договор
2	тип	тип	тип	тип	тип	вид
3	доход	доход	доход	доход	доход	▁96
4	обновление	обновление	обновление	обновление	обновление	обновить
5	диапазон	диапазон	диапазон	диапазон	диапазон	▁84
6	поставщик	поставщик	поставщик	поставщик	поставщик	поставщик
7	поставщик	поставщик	поставщик	поставщик	поставщик	поставщик
8	отделение	отделение	отделение	отделение	отделение	▁20
9	тип	тип	тип	тип	тип	вид
10	ввод	ввод	ввод	ввод	ввод	ввод
11	тип	тип	тип	тип	тип	вид
12	тип	тип	тип	тип	тип	вид
13	цель	цель	цель	назначение	цель	назначение
14	тип	тип	тип	тип	тип	вид
15	тип	тип	тип	тип	тип	вид
16	общественный	общественный	общественный	общественный	общественный	▁82
17	поставщик	поставщик	поставщик	поставщик	поставщик	поставщик
18	▔	ввод	▔	ввод	▔	ввод
19	тип	тип	тип	тип	тип	вид
20	отписать	отписать	отписать	отписать	отписать	▁78
21	поставщик	поставщик	поставщик	поставщик	поставщик	поставщик
22	регулирование	регулирование	регулирование	регулирование	регулирование	▁87
23	поставщик	поставщик	поставщик	поставщик	поставщик	поставщик
24	вход	ввод	вход	ввод	вход	ввод
25	выход	выход	выход	выход	выход	▁74
26	биллинга	биллинга	биллинга	биллинга	биллинга	▁17
27	взрыв	взрыв	взрыв	взрыв	взрыв	▁47
28	объединение	объединение	объединение	объединение	объединение	▁14
29	группа	группа	группа	группа	группа	группа
30	▔	тип	▔	тип	▔	вид
31	договор	договор	договор	контракт	договор	договор
32	область	область	область	область	область	▁101
33	доступ	доступ	доступ	доступ	доступ	▁5
34	отображение	отображение	отображение	отображение	отображение	▁66
35	сводка	сводка	сводка	сводка	сводка	сводка
36	глобальный валюта	глобальный валюта	глобальный валюта	глобальный валюта	глобальный валюта	▁51
37	пространство	пространство	пространство	пространство	пространство	пространство
38	редактировать	редактировать	редактировать	изменить	редактировать	редактировать
39	пространство	пространство	пространство	пространство	пространство	пространство
40	расписание	расписание	расписание	расписание	расписание	расписание
41	вход	ввод	вход	ввод	вход	ввод
42	лист запись служба	лист запись служба	лист запись служба	лист вход служба	лист запись служба	▁103
43	поставщик	поставщик	поставщик	поставщик	поставщик	поставщик
44	провайдер	поставщик	провайдер	поставщик	провайдер	поставщик
45	диапазон	диапазон	диапазон	диапазон	диапазон	▁84
46	ввод	ввод	ввод	ввод	ввод	ввод
47	тип	тип	тип	тип	тип	вид
48	график	расписание	график	расписание	график	расписание
49	поставщик данные	поставщик данные	поставщик данные	поставщик данные	поставщик данные	▁35
50	период активный проживание	период активный проживание	период активный проживание	период проживание	период активный проживание	▁90
51	приостановление	приостановление	приостановление	приостановление	приостановление	приостановление
52	тип проект	тип проект	тип проект	тип проект	тип проект	тип проект
53	мастер	мастер	мастер	мастер	мастер	▁123
54	поток	поток	поток	поток	поток	поток
55	отображение	отображение	отображение	отображение	отображение	▁66
56	дата	дата	дата	дата	дата	▁42
57	отметить	отметить	отметить	отметить	отметить	отметить
58	поставщик	поставщик	поставщик	поставщик	поставщик	поставщик
59	транзакция	транзакция	транзакция	транзакция	транзакция	сделка
60	пользовательский поле	пользовательский поле	пользовательский поле	пользовательский поле	пользовательский поле	пользовательский поле
61	область	панель	область	область	область	область
62	период проживание	период активный проживание	период проживание	период проживание	период проживание	▁90
63	часть	часть	часть	часть	часть	▁75
64	диапазон	диапазон	диапазон	диапазон	диапазон	▁84
65	поставщик	поставщик	поставщик	поставщик	поставщик	поставщик
66	баланс	баланс	баланс	баланс	баланс	баланс
67	копировать	копировать	копировать	копировать	копировать	▁34
68	разграничение	разграничение	разграничение	обнаружение	разграничение	разграничение
69	тип	тип	тип	тип	тип	вид
70	использовать	использовать	использовать	использовать	использовать	использование
71	тип	тип	тип	тип	тип	вид
72	расписание	расписание	расписание	расписание	расписание	расписание
73	тип	тип	тип	тип	тип	вид
74	выходной	выход	выходной	выход	выходной	▁74
75	▔	ввод	▔	ввод	▔	ввод
76	▔	тип	▔	тип	▔	вид
77	выделение	выделение	выделение	размещение	выделение	▁8
78	договор	договор	договор	контракт	договор	договор
79	изменить	редактировать	изменить	изменить	изменить	редактировать
80	мрп	мрп	мрп	мрп	мрп	▁36
81	вход	ввод	вход	ввод	вход	ввод
82	▔	▁3	▔	▁1	▔	▁60
83	пространство	пространство	пространство	пространство	пространство	пространство
84	обязанность	разграничение	обязанность	обнаружение	обязанность	разграничение
85	период проживание	период активный проживание	период проживание	период проживание	период проживание	▁90
86	контракт	договор	контракт	контракт	контракт	договор
87	▔	▁0	▔	сбор	▔	▁11
88	копировать	копировать	копировать	копировать	копировать	▁34
89	расписание	расписание	расписание	расписание	расписание	расписание
90	обнаружение	разграничение	обнаружение	обнаружение	обнаружение	разграничение
91	поставщик	поставщик	поставщик	поставщик	поставщик	поставщик
92	лист вход служба	лист запись служба	лист вход служба	лист вход служба	лист вход служба	▁103
93	тип	тип	тип	тип	тип	вид
94	▔	▁1	▔	изменение	▔	изменение
95	расписание	расписание	расписание	расписание	расписание	расписание
96	отмена	отмена	отмена	отмена	отмена	отмена
97	причина	причина	причина	▁2	причина	приостановка
98	содержание	содержание	содержание	содержание	содержание	▁32
99	▔	▁6	▔	установить	▔	▁104
100	поток	поток	поток	поток	поток	▁112
101	личный дать	личный дать	личный дать	личный дать	личный дать	личный дать
102	личный дать	личный дать	личный дать	личный дать	личный дать	личный дать
103	поставщик	поставщик	поставщик	поставщик	поставщик	поставщик
104	тип	тип	тип	тип	тип	вид
105	приложение	приложение	приложение	приложение	приложение	▁16
106	активировать	активировать	активировать	активировать	активировать	активировать
107	поставщик данные	поставщик данные	поставщик данные	поставщик данные	поставщик данные	▁35
108	отчётность	отчётность	отчётность	отчёт	отчётность	отчёт
109	категория	категория	категория	категория	категория	категория
110	▔	тип	▔	тип	▔	вид
111	клиент	клиент	клиент	клиент	клиент	клиент
112	тип	тип	тип	тип	тип	вид
113	изменение	▁1	изменение	изменение	изменение	изменение
114	поставщик	поставщик	поставщик	поставщик	поставщик	поставщик
115	расписание	расписание	расписание	расписание	расписание	расписание
116	провайдер	поставщик	провайдер	поставщик	провайдер	поставщик
117	▔	▁5	▔	тариф	▔	▁85
118	мастер	мастер	мастер	мастер	мастер	▁123
119	повтор	повтор	повтор	повтор	повтор	шаблон
120	▔	тип	▔	тип	▔	вид
121	поставщик	поставщик	поставщик	поставщик	поставщик	поставщик
122	неактивный	неактивный	неактивный	неактивный	неактивный	▁56
123	изменить	редактировать	изменить	изменить	изменить	редактировать
124	поставщик	поставщик	поставщик	поставщик	поставщик	поставщик
125	расписание	расписание	расписание	расписание	расписание	расписание
126	копировать	копировать	копировать	копировать	копировать	▁34
127	изменить	редактировать	изменить	изменить	изменить	редактировать
128	▔	▁7	▔	вкладка	▔	вкладка
129	поставщик	поставщик	поставщик	поставщик	поставщик	поставщик
130	тип	тип	тип	тип	тип	вид
131	расписание	расписание	расписание	расписание	расписание	расписание
132	область	область	область	область	область	▁101
133	контракт	договор	контракт	контракт	контракт	договор
134	период удерживание	период удерживание	период удерживание	срок хранение	период удерживание	▁94
135	story	story	story	story	story	▁109
136	пространство	пространство	пространство	пространство	пространство	пространство
137	тариф	▁5	тариф	тариф	тариф	▁85
138	вкладка	▁7	вкладка	вкладка	вкладка	вкладка
139	тип	тип	тип	тип	тип	вид
140	пространство	пространство	пространство	пространство	пространство	пространство
141	передать	передать	передать	передать	передать	▁116
142	тип	тип	тип	тип	тип	вид
143	установка	установка	установка	установка	установка	▁58
144	открытие	открытие	открытие	открытие	открытие	▁72
145	тип	тип	тип	тип	тип	вид
146	мастер	мастер	мастер	мастер	мастер	▁123
147	тип	тип	тип	тип	тип	вид
148	вкладка	▁7	вкладка	вкладка	вкладка	вкладка
149	поддерживаться	тип	поддерживаться	тип	поддерживаться	вид
150	расписание	расписание	расписание	расписание	расписание	расписание
151	▔	мастер	▔	мастер	▔	▁123
152	заявка	заявка	заявка	запрос	заявка	заявка
153	изменение	▁1	изменение	изменение	изменение	изменение
154	вкладка	▁7	вкладка	вкладка	вкладка	вкладка
155	восстановление	восстановление	восстановление	восстановление	восстановление	▁91
156	приостановка	причина	приостановка	▁2	приостановка	приостановка
157	отношение	отношение	отношение	отношение	отношение	▁88
158	совокупный	совокупный	совокупный	совокупный	совокупный	▁6
159	контракт	договор	контракт	контракт	контракт	договор
160	тип	тип	тип	тип	тип	вид
161	элемент	элемент	элемент	элемент	элемент	элемент
162	время проектирование	время проектирование	время проектирование	время проектирование	время проектирование	▁37
163	тип	тип	тип	тип	тип	вид
164	расписание	расписание	расписание	расписание	расписание	расписание
165	тип	тип	тип	тип	тип	вид
166	получить	получить	получить	получить	получить	получить
167	обновление	обновление	обновление	обновление	обновление	обновить
168	скачать	скачать	скачать	скачать	скачать	▁41
169	проверка	проверка	проверка	проверка	проверка	проверка
170	пространство	пространство	пространство	пространство	пространство	пространство
171	тип	тип	тип	тип	тип	вид
172	▔	причина	▔	▁2	▔	приостановка
173	тип	тип	тип	тип	тип	▁115
174	провайдер	поставщик	провайдер	поставщик	провайдер	поставщик
175	мастер	мастер	мастер	мастер	мастер	▁123
176	тип	тип	тип	тип	тип	вид
177	тип	тип	тип	тип	тип	вид
178	поставщик	поставщик	поставщик	поставщик	поставщик	поставщик
179	изменить	редактировать	изменить	изменить	изменить	редактировать
180	ввод	ввод	ввод	ввод	ввод	ввод
181	размещение	выделение	размещение	размещение	размещение	▁8
182	подтверждение служба	подтверждение служба	подтверждение служба	подтверждение служба	подтверждение служба	подтверждение сервис
183	запрос	заявка	запрос	запрос	запрос	заявка
184	потреблять	использовать	потреблять	использовать	потреблять	использование
185	поставщик	поставщик	поставщик	поставщик	поставщик	поставщик
186	изменить	редактировать	изменить	изменить	изменить	редактировать
187	пространство	пространство	пространство	пространство	пространство	пространство
188	тип	тип	тип	тип	тип	вид
189	получить	получить	получить	получить	получить	получить
190	порядок покупка	порядок покупка	порядок покупка	заказ покупка	порядок покупка	▁83
191	порядок покупка	порядок покупка	порядок покупка	заказ покупка	порядок покупка	▁1
192	заказ продажа	заказ продажа	заказ продажа	заказ продажа	заказ продажа	▁100
193	тип	тип	тип	тип	тип	вид
194	исключение	исключение	исключение	исключение	исключение	исключение
195	тип	тип	тип	тип	тип	вид
196	▔	категория	▔	категория	▔	категория
197	элемент	элемент	элемент	элемент	элемент	элемент
198	обновить	обновление	обновить	обновление	обновить	обновить
199	тип	тип	тип	тип	тип	вид
200	регулирование	регулирование	регулирование	регулирование	регулирование	▁87
201	источник :	источник :	источник :	источник :	источник :	▁106
202	назначение	назначение	назначение	назначение	назначение	▁111
203	мастер	мастер	мастер	мастер	мастер	▁123
204	поставщик	поставщик	поставщик	поставщик	поставщик	поставщик
205	вкладка	▁7	вкладка	вкладка	вкладка	вкладка
206	вкладка	▁7	вкладка	вкладка	вкладка	вкладка
207	тип	тип	тип	тип	тип	вид
208	тип	тип	тип	тип	тип	вид
209	период хранение	период удерживание	период хранение	срок хранение	период хранение	▁94
210	тип транзакция	тип	тип транзакция	тип	тип транзакция	▁115
211	тип	тип	тип	тип	тип	вид
212	сервис подтверждение	подтверждение служба	сервис подтверждение	подтверждение служба	сервис подтверждение	подтверждение сервис
213	расчёт процент	расчёт процент	расчёт процент	расчёт процент	расчёт процент	▁59
214	произведение	произведение	произведение	произведение	произведение	▁25
215	редактирование	редактировать	редактирование	изменить	редактирование	редактировать
216	изменить	редактировать	изменить	изменить	изменить	редактировать
217	заказ покупка	порядок покупка	заказ покупка	заказ покупка	заказ покупка	▁83
218	заказ покупка	порядок покупка	заказ покупка	заказ покупка	заказ покупка	▁1
219	налог	налог	налог	налог	налог	▁68
220	рабочий пакет	рабочий пакет	рабочий пакет	рабочий пакет	рабочий пакет	рабочий пакет
221	тип	тип	тип	тип	тип	вид
222	расписание	расписание	расписание	расписание	расписание	расписание
223	приостановление	причина	приостановление	▁2	приостановление	приостановка
224	объединение	объединение	объединение	объединение	объединение	▁14
225	вид	тип	вид	тип	вид	вид
226	обновить	обновление	обновить	обновление	обновить	обновить
227	действие	действие	действие	действие	действие	▁3
228	тип	тип	тип	тип	тип	вид
229	список использовать	список использовать	список использовать	список использовать	список использовать	▁121
230	запись	запись	запись	записывать	запись	запись
231	ремонт	ремонт	ремонт	ремонт	ремонт	ремонт
232	контракт	договор	контракт	контракт	контракт	договор
233	охрана окружающий среда , здоровье и безопасность	охрана окружающий среда , здоровье и безопасность	охрана окружающий среда , здоровье и безопасность	охрана окружающий среда , здоровье и безопасность	охрана окружающий среда , здоровье и безопасность	▁0
234	▔	тип	▔	тип	▔	вид
235	▔	заявка	▔	запрос	▔	заявка
236	агент	агент	агент	агент	агент	агент
237	запрос	заявка	запрос	запрос	запрос	заявка
238	запустить	запустить	запустить	запустить	запустить	▁98
239	подтверждение сервис	подтверждение служба	подтверждение сервис	подтверждение служба	подтверждение сервис	подтверждение сервис
240	поставщик	поставщик	поставщик	поставщик	поставщик	поставщик
241	характеристика	характеристика	характеристика	характеристика	характеристика	характеристика
242	срок хранение	период удерживание	срок хранение	срок хранение	срок хранение	▁94
243	перевозчик	перевозчик	перевозчик	перевозчик	перевозчик	перевозчик
244	подтверждение услуга	подтверждение служба	подтверждение услуга	подтверждение служба	подтверждение услуга	подтверждение сервис
245	использовать	использовать	использовать	использовать	использовать	использование
246	тип транспорт	тип транспорт	тип транспорт	тип транспорт	тип транспорт	▁117
247	тип	тип	тип	тип	тип	вид
248	договор	договор	договор	контракт	договор	договор
249	заказ продажа	заказ продажа	заказ продажа	заказ продажа	заказ продажа	▁100
250	освобождение	освобождение	освобождение	документ	освобождение	▁89
251	очистка дом	очистка дом	очистка дом	запрос дом	очистка дом	▁24
252	запрос дом	очистка дом	запрос дом	запрос дом	запрос дом	▁24
253	сводка	сводка	сводка	сводка	сводка	сводка
254	изменить	▁1	изменить	изменение	изменить	изменение
255	открытый	открытие	открытый	открытие	открытый	▁72
256	следить	следить	следить	следить	следить	▁69
257	тип	тип	тип	тип	тип	вид
258	тип событие	тип событие	тип событие	тип событие	тип событие	▁44
259	установить	▁6	установить	установить	установить	▁104
260	тип	тип	тип	тип	тип	вид
261	редактировать	редактировать	редактировать	изменить	редактировать	редактировать
262	расписание	расписание	расписание	расписание	расписание	расписание
263	изменение	редактировать	изменение	изменить	изменение	редактировать
264	тип	тип	тип	тип	тип	вид
265	тип	тип	тип	тип	тип	вид
266	отчёт	отчётность	отчёт	отчёт	отчёт	отчёт
267	изменение	редактировать	изменение	изменить	изменение	редактировать
268	▔	тип	▔	тип	▔	вид
269	назначение	назначение	назначение	назначение	назначение	▁111
270	тип	тип	тип	тип	тип	вид
271	контракт	договор	контракт	контракт	контракт	договор
272	▔	тип	▔	тип	▔	вид
273	управление	активировать	управление	активировать	управление	активировать
274	изменение	редактировать	изменение	изменить	изменение	редактировать
275	пробег	пробег	пробег	пробег	пробег	▁50
276	модель потребление	модель потребление	модель потребление	модель потребление	модель потребление	▁31
277	расписание	расписание	расписание	расписание	расписание	расписание
278	просмотр	просмотр	просмотр	просмотр	просмотр	▁97
279	обновление	обновление	обновление	обновление	обновление	обновить
280	тип	тип	тип	тип	тип	вид
281	контроллер	контроллер	контроллер	контроллер	контроллер	оператор
282	место хранение	место хранение	место хранение	место хранение	место хранение	место хранение
283	согласие	согласие	согласие	согласие	согласие	согласие
284	использовать	использовать	использовать	использовать	использовать	использование
285	количество	количество	количество	количество	количество	▁9
286	поставщик	поставщик	поставщик	поставщик	поставщик	поставщик
287	применить	применить	применить	применить	применить	▁10
288	отменить	отмена	отменить	отмена	отменить	отмена
289	тип	тип	тип	тип	тип	вид
290	получить	получить	получить	получить	получить	получить
291	lot	lot	lot	lot	lot	▁64
292	проверить	проверка	проверить	проверка	проверить	проверка
293	тип	тип	тип	тип	тип	вид
294	запустить	запустить	запустить	запустить	запустить	▁98
295	изменение	редактировать	изменение	изменить	изменение	редактировать
296	изменить	▁1	изменить	изменение	изменить	изменение
297	редакция журнал	редакция журнал	редакция журнал	редакция журнал	редакция журнал	▁61
298	поставщик	поставщик	поставщик	поставщик	поставщик	поставщик
299	запись	запись	запись	запись	запись	▁2
300	следующий	следующий	следующий	следующий	следующий	▁49
301	тип	тип	тип	тип	тип	вид
302	следующий	следующий	следующий	следующий	следующий	▁49
303	время удерживание	время удерживание	время удерживание	время удерживание	время удерживание	▁95
304	методология	▁7	методология	вкладка	методология	вкладка
305	изменение	▁1	изменение	изменение	изменение	изменение
306	тип	тип	тип	тип	тип	вид
307	закрыть	закрыть	закрыть	закрыть	закрыть	закрыть
308	налоговый налог	налоговый налог	налоговый налог	выдерживание налог	налоговый налог	▁122
309	размер	размер	размер	размер	размер	▁62
310	проверка	проверка	проверка	проверка	проверка	проверка
311	выход	выход	выход	выход	выход	▁74
312	индикатор блокировка	индикатор блокировка	индикатор блокировка	индикатор блокировка	индикатор блокировка	индикатор блокировка
313	расписание	расписание	расписание	расписание	расписание	расписание
314	доставка	доставка	доставка	график	доставка	▁108
315	вкладка	▁7	вкладка	вкладка	вкладка	вкладка
316	▔	отображение	▔	отображение	▔	▁66
317	моделирование	редактировать	моделирование	изменить	моделирование	редактировать
318	форма	форма	форма	форма	форма	форма
319	использование	использовать	использование	использовать	использование	использование
320	расписание	расписание	расписание	расписание	расписание	расписание
321	в приготовление	в приготовление	в приготовление	в приготовление	в приготовление	▁54
322	тип	тип	тип	тип	тип	вид
323	соответствие	соответствие	соответствие	соответствие	соответствие	▁67
324	расписание	расписание	расписание	расписание	расписание	расписание
325	тип	тип	тип	тип	тип	вид
326	копия	копировать	копия	копировать	копия	▁34
327	тип	тип	тип	тип	тип	вид
328	сводка	сводка	сводка	сводка	сводка	сводка
329	подтверждение служба	подтверждение служба	подтверждение служба	подтверждение служба	подтверждение служба	подтверждение сервис
330	уровень публикация	уровень публикация	уровень публикация	уровень публикация	уровень публикация	▁77
331	ввод	ввод	ввод	ввод	ввод	ввод
332	биллинга	биллинга	биллинга	биллинга	биллинга	▁17
333	группа	группа	группа	группа	группа	группа
334	тип	тип	тип	тип	тип	вид
335	предел среда	предел среда	предел среда	предел среда	предел среда	▁43
336	восстановление	восстановление	восстановление	восстановление	восстановление	▁92
337	восстановление	восстановление	восстановление	восстановление	восстановление	▁91
338	персональный информация	персональный информация	персональный информация	личный информация	персональный информация	личный информация
339	срок хранение	период удерживание	срок хранение	срок хранение	срок хранение	▁94
340	тип	тип	тип	тип	тип	вид
341	сделка	транзакция	сделка	транзакция	сделка	сделка
342	тип	тип	тип	тип	тип	вид
343	репликация данные	репликация данные	репликация данные	репликация данные	репликация данные	репликация данные
344	оплата	оплата	оплата	оплата	оплата	▁76
345	предупреждение	предупреждение	предупреждение	предупреждение	предупреждение	▁7
346	▔	тип	▔	тип	▔	вид
347	тип	тип	тип	тип	тип	вид
348	расширение	расширение	расширение	расширение	расширение	▁46
349	договор	договор	договор	контракт	договор	договор
350	срок начало действие	срок начало действие	срок начало действие	срок начало действие	срок начало действие	▁120
351	изменить	редактировать	изменить	изменить	изменить	редактировать
352	договор	договор	договор	контракт	договор	договор
353	тип	тип	тип	тип	тип	вид
354	проектирование проект	проектирование проект	проектирование проект	проектирование проект	проектирование проект	▁118
355	деятельность	деятельность	деятельность	действие	деятельность	действие
356	идентификатор поставщик	идентификатор поставщик	идентификатор поставщик	идентификатор поставщик	идентификатор поставщик	идентификатор поставщик
357	тип	тип	тип	тип	тип	вид
358	тип	тип	тип	тип	тип	вид
359	подтверждение услуга	подтверждение служба	подтверждение услуга	подтверждение служба	подтверждение услуга	подтверждение сервис
360	размещение	выделение	размещение	размещение	размещение	▁8
361	разрешение	выделение	разрешение	размещение	разрешение	▁8
362	получить	получить	получить	получить	получить	получить
363	действие	действие	действие	действие	действие	▁3
364	параметр	ввод	параметр	ввод	параметр	ввод
365	копировать	копировать	копировать	копировать	копировать	▁34
366	тип	тип	тип	тип	тип	вид
367	личный информация	персональный информация	личный информация	личный информация	личный информация	личный информация
368	требование	требование	требование	требование	требование	▁21
369	продажа	договор	продажа	контракт	продажа	договор
370	изменить	редактировать	изменить	изменить	изменить	редактировать
371	поставщик	поставщик	поставщик	поставщик	поставщик	поставщик
372	перейти к	перейти к	перейти к	перейти к	перейти к	▁52
373	▔	▁4	▔	обработка	▔	▁80
374	оператор	контроллер	оператор	контроллер	оператор	оператор
375	действие	деятельность	действие	действие	действие	действие
376	назначение	цель	назначение	назначение	назначение	назначение
377	изменение	▁1	изменение	изменение	изменение	изменение
378	выдерживание налог	налоговый налог	выдерживание налог	выдерживание налог	выдерживание налог	▁122
379	присвоение	присвоение	присвоение	присвоение	присвоение	▁13
380	служба	служба	служба	служба	служба	▁102
381	пространство	пространство	пространство	пространство	пространство	пространство
382	▔	действие	▔	действие	▔	▁3
383	прикрепить	прикрепить	прикрепить	прикрепить	прикрепить	▁15
384	отправляться	оплата	отправляться	оплата	отправляться	▁76
385	выход	выход	выход	выход	выход	▁74
386	активность	активность	активность	активность	активность	▁4
387	входной	ввод	входной	ввод	входной	ввод
388	ввести	ввод	ввести	ввод	ввести	ввод
389	использовать	использовать	использовать	использовать	использовать	использование
390	изменить	▁1	изменить	изменение	изменить	изменение
391	тип	тип	тип	тип	тип	вид
392	тип	тип	тип	тип	тип	вид
393	изменение	▁1	изменение	изменение	изменение	изменение
394	перевозка	перевозка	перевозка	транспорт	перевозка	транспорт
395	перевозчик	перевозчик	перевозчик	перевозчик	перевозчик	перевозчик
396	подключение	подключение	подключение	подключение	подключение	подключение
397	обработка	▁4	обработка	обработка	обработка	▁80
398	активация	активировать	активация	активировать	активация	активировать
399	поставщик	поставщик	поставщик	поставщик	поставщик	поставщик
400	общий	общий	общий	общий	общий	▁114
401	контроллер	контроллер	контроллер	контроллер	контроллер	оператор
402	ключ управление подтверждение	ключ управление подтверждение	ключ управление подтверждение	ключ управление подтверждение	ключ управление подтверждение	▁29
403	согласовать	согласовать	согласовать	согласовать	согласовать	▁86
404	тип	тип	тип	тип	тип	вид
405	поставщик	поставщик	поставщик	поставщик	поставщик	поставщик
406	тип	тип	тип	тип	тип	вид
407	потребление	потребление	потребление	потребление	потребление	▁30
408	категория	категория	категория	категория	категория	категория
409	возобновление	причина	возобновление	▁2	возобновление	приостановка
410	тип	тип	тип	тип	тип	вид
411	транспорт	перевозка	транспорт	транспорт	транспорт	транспорт
412	договор	▁7	договор	вкладка	договор	вкладка
413	тип	тип	тип	тип	тип	вид
414	рабочий процесс	рабочий процесс	рабочий процесс	рабочий процесс	рабочий процесс	рабочий процесс
415	агентство коллекция	агентство коллекция	агентство коллекция	агентство коллекция	агентство коллекция	▁26
416	тип	тип	тип	тип	тип	вид
417	тип	тип	тип	тип	тип	вид
418	клиент	клиент	клиент	клиент	клиент	клиент
419	текст	категория	текст	категория	текст	категория
420	редактировать	редактировать	редактировать	изменить	редактировать	редактировать
421	характеристика	характеристика	характеристика	характеристика	характеристика	характеристика
422	документ	освобождение	документ	документ	документ	▁89
423	аналитический диаграмма	аналитический диаграмма	аналитический диаграмма	аналитический диаграмма	аналитический диаграмма	аналитический диаграмма
424	провайдер	поставщик	провайдер	поставщик	провайдер	поставщик
425	назначить	назначить	назначить	назначить	назначить	▁12
426	тип запуск	тип запуск	тип запуск	тип запуск	тип запуск	▁99
427	условие	условие	условие	условие	условие	▁45
428	поставщик данные	поставщик данные	поставщик данные	поставщик данные	поставщик данные	▁35
429	учётный	запись	учётный	запись	учётный	▁2
430	проверка	проверка	проверка	проверка	проверка	проверка
431	вид	тип	вид	тип	вид	вид
432	поддерживать	поддерживать	поддерживать	поддерживать	поддерживать	▁65
433	структура расположение	структура расположение	структура расположение	структура расположение	структура расположение	▁63
434	договорённость	договорённость	договорённость	договорённость	договорённость	▁28
435	тема	тема	тема	тема	тема	▁113
436	компенсация	компенсация	компенсация	компенсация	компенсация	▁27
437	процедура цена	процедура цена	процедура цена	процедура цена	процедура цена	▁79
438	сбор	▁0	сбор	сбор	сбор	▁11
439	▔	▁7	▔	вкладка	▔	вкладка
440	изменение	редактировать	изменение	изменить	изменение	редактировать
441	шаблон	повтор	шаблон	повтор	шаблон	шаблон
442	тип	тип	тип	тип	тип	вид
443	транзакция	транзакция	транзакция	транзакция	транзакция	сделка
444	прекратить	прекратить	прекратить	прекратить	прекратить	▁107
445	вкладка	▁7	вкладка	вкладка	вкладка	вкладка
446	активировать	активировать	активировать	активировать	активировать	активировать
447	контракт	договор	контракт	контракт	контракт	договор
448	редактировать	редактировать	редактировать	изменить	редактировать	редактировать
449	▔	мастер	▔	мастер	▔	▁123
450	объект категория	объект категория	объект категория	объект категория	объект категория	▁71
451	отменить	отменить	отменить	отменить	отменить	отменить
452	ограниченный	ограниченный	ограниченный	ограниченный	ограниченный	▁93
453	актив	актив	актив	актив	актив	актив
454	осмотр	осмотр	осмотр	осмотр	осмотр	▁57
455	использовать	использовать	использовать	использовать	использовать	использование
456	отчёт	отчётность	отчёт	отчёт	отчёт	отчёт
457	тип классификация	тип классификация	тип классификация	тип классификация	тип классификация	▁23
458	в обзор	в обзор	в обзор	в обзор	в обзор	▁55
459	поставщик	поставщик	поставщик	поставщик	поставщик	поставщик
460	тип	тип	тип	тип	тип	вид
461	вкладка	▁7	вкладка	вкладка	вкладка	вкладка
462	событие	прекратить	событие	прекратить	событие	▁107
463	обновление	обновление	обновление	обновление	обновление	обновить
464	ордер	ордер	ордер	ордер	ордер	▁73
465	расписание	расписание	расписание	расписание	расписание	расписание
466	вкладка	▁7	вкладка	вкладка	вкладка	вкладка
467	распределение	распределение	распределение	распределение	распределение	▁39
468	записывать	запись	записывать	записывать	записывать	запись
469	ресурс	ресурс	ресурс	ресурс	ресурс	ресурс
470	группировка	группировка	группировка	группировка	группировка	▁53
471	биллинг-документ	биллинг-документ	биллинг-документ	биллинг-документ	биллинг-документ	▁19
472	запись уточнение	запись уточнение	запись уточнение	запись уточнение	запись уточнение	▁22
473	изменить	редактировать	изменить	изменить	изменить	редактировать
474	использовать	использовать	использовать	использовать	использовать	использование
475	тип	тип	тип	тип	тип	вид
476	транспорт	перевозка	транспорт	транспорт	транспорт	транспорт
477	поставщик	поставщик	поставщик	поставщик	поставщик	поставщик
478	тип	тип	тип	тип	тип	вид
479	распределение поступление	распределение поступление	распределение поступление	распределение поступление	распределение поступление	распределение поступление
480	триггер	триггер	триггер	триггер	триггер	триггер
481	тип	тип	тип	тип	тип	вид
482	▔	▁2	▔	▁0	▔	▁48
483	тип	тип	тип	тип	тип	вид
484	общественный	общественный	общественный	общественный	общественный	▁82
485	▔	причина	▔	▁2	▔	приостановка
486	контракт	договор	контракт	контракт	контракт	договор
487	получить	получить	получить	получить	получить	получить
488	контракт	договор	контракт	контракт	контракт	договор
489	применить	применить	применить	применить	применить	▁10
490	тип процесс	тип процесс	тип процесс	тип процесс	тип процесс	▁81
491	содержимое	содержание	содержимое	содержание	содержимое	▁32
492	тип	тип	тип	тип	тип	вид
493	редактировать	редактировать	редактировать	изменить	редактировать	редактировать
494	график	доставка	график	график	график	▁108
495	расписание	расписание	расписание	расписание	расписание	расписание
496	использование	использование	использование	использование	использование	▁119
497	изменить	▁1	изменить	изменение	изменить	изменение
498	тип	тип	тип	тип	тип	вид
499	поставщик	поставщик	поставщик	поставщик	поставщик	поставщик
500	выходной	выход	выходной	выход	выходной	▁74
501	тип	тип	тип	тип	тип	вид
502	отключить	отключить	отключить	отключить	отключить	▁38
503	нумерический	нумерический	нумерический	нумерический	нумерический	▁70
504	тип документ	тип документ	тип документ	тип документ	тип документ	▁40
505	получить	получить	получить	получить	получить	получить
506	категория	категория	категория	категория	категория	категория
507	обновление	обновление	обновление	обновление	обновление	обновить
508	сводка	сводка	сводка	сводка	сводка	сводка
509	дать биллинга	дать биллинга	дать биллинга	дать биллинга	дать биллинга	▁18
510	одинарный назначение	одинарный назначение	одинарный назначение	одинарный назначение	одинарный назначение	▁105
511	отменить	отменить	отменить	отменить	отменить	отменить
512	контроль	контроль	контроль	контроль	контроль	▁33
513	тип	тип	тип	тип	тип	▁110
