	tgt	pseudoref_first	tgt	pseudoref_frequent	tgt	pseudoref_predefined
0	raum	raum	raum	raum	raum	▁150
1	speicherung	speicherung	speicherung	speicherung	speicherung	▁156
2	veröffentlich	veröffentlich	veröffentlich	teilen	veröffentlich	teilen
3	beschränkung	beschränkung	beschränkung	beschränkung	beschränkung	▁45
4	erstellen	erstellen	erstellen	erstellen	erstellen	erstellen
5	verantwortungsbereich	verantwortungsbereich	verantwortungsbereich	verantwortungsbereich	verantwortungsbereich	▁14
6	trigger	trigger	trigger	trigger	trigger	▁169
7	verbindungsinstanten	verbindungsinstanten	verbindungsinstanten	▔ertrat<sos>	verbindungsinstanten	▁44
8	kunde	kunde	kunde	kunde	kunde	▁46
9	lieferant	lieferant	lieferant	lieferant	lieferant	▁161
10	angepaßt	angepaßt	angepaßt	angepaßt	angepaßt	▁51
11	erstellen	erstellen	erstellen	erstellen	erstellen	erstellen
12	▔ertrat<sos>	▔ertrat<sos>	▔ertrat<sos>	seitenablatten	▔ertrat<sos>	▁146
13	hauptindikator	hauptindikator	hauptindikator	befülltheiden	hauptindikator	▁78
14	abruf	abruf	abruf	anfrage	abruf	▁120
15	anbieter	anbieter	anbieter	anbieter	anbieter	anbieter
16	raum	raum	raum	raum	raum	▁150
17	intercompanyen	intercompanyen	intercompanyen	intercompanyen	intercompanyen	▁81
18	veröffentlichungsgeschichten	veröffentlichungsgeschichten	veröffentlichungsgeschichten	geschichte	veröffentlichungsgeschichten	▁73
19	veröffentlichungsgeschichten	veröffentlichungsgeschichten	veröffentlichungsgeschichten	veröffentlichung	veröffentlichungsgeschichten	freigabe
20	dateneinsatz	dateneinsatz	dateneinsatz	datenanbieter	dateneinsatz	datenanbieter
21	datenzugangskontroll	datenzugangskontroll	datenzugangskontroll	ausgabe	datenzugangskontroll	zugriffskontrolle
22	datenanbieter	dateneinsatz	datenanbieter	datenanbieter	datenanbieter	datenanbieter
23	schwellenwert	schwellenwert	schwellenwert	schwellenwert	schwellenwert	▁142
24	anbieter	anbieter	anbieter	anbieter	anbieter	anbieter
25	anbieter	anbieter	anbieter	anbieter	anbieter	anbieter
26	version	veröffentlichungsgeschichten	version	veröffentlichung	version	freigabe
27	bestätigungsmenge	bestätigungsmenge	bestätigungsmenge	bestätigungsmenge	bestätigungsmenge	▁15
28	lagerquoten	speicherung	lagerquoten	speicherung	lagerquoten	▁156
29	raum	raum	raum	raum	raum	▁150
30	periode	periode	periode	periode	periode	▁110
31	datenanbieterprofil	dateneinsatz	datenanbieterprofil	datenanbieter	datenanbieterprofil	datenanbieter
32	erstellen	erstellen	erstellen	erstellen	erstellen	erstellen
33	datenversorger	dateneinsatz	datenversorger	datenanbieter	datenversorger	datenanbieter
34	raum	raum	raum	raum	raum	▁150
35	datenanbieter	dateneinsatz	datenanbieter	datenanbieter	datenanbieter	datenanbieter
36	konsummodell	konsummodell	konsummodell	konsummodell	konsummodell	verbrauchsmodell
37	referenzmenge	referenzmenge	referenzmenge	referenzmenge	referenzmenge	referenzmenge
38	zeitperiode	periode	zeitperiode	periode	zeitperiode	▁110
39	verbindung	verbindung	verbindung	verbindung	verbindung	▁135
40	klauseltyp	klauseltyp	klauseltyp	typ	klauseltyp	typ
41	annahme	annahme	annahme	annahme	annahme	▁8
42	position	raum	position	raum	position	▁150
43	revision	revision	revision	revision	revision	▁134
44	anbieter	dateneinsatz	anbieter	datenanbieter	anbieter	datenanbieter
45	startdatum	startdatum	startdatum	startdatum	startdatum	▁154
46	preisdatum	preisdatum	preisdatum	preisdatum	preisdatum	▁113
47	eigenschaft	eigenschaft	eigenschaft	eigenschaft	eigenschaft	▁88
48	erstellen	erstellen	erstellen	erstellen	erstellen	erstellen
49	raum	raum	raum	raum	raum	▁150
50	skala	klauseltyp	skala	typ	skala	typ
51	keitplanungen	keitplanungen	keitplanungen	zeitplan	keitplanungen	zeitplan
52	zusammenfassung	zusammenfassung	zusammenfassung	summierungen	zusammenfassung	▁160
53	raum	raum	raum	raum	raum	▁150
54	berichtszeiten	berichtszeiten	berichtszeiten	bericht	berichtszeiten	bericht
55	verbrauchsmodell	konsummodell	verbrauchsmodell	konsummodell	verbrauchsmodell	verbrauchsmodell
56	erstellen	trigger	erstellen	trigger	erstellen	▁169
57	reihenfolge	reihenfolge	reihenfolge	bestellung	reihenfolge	▁102
58	analytiker	analytiker	analytiker	analyticalen	analytiker	▁36
59	zeitraum	zeitraum	zeitraum	zeitraum	zeitraum	▁83
60	speicherung	raum	speicherung	raum	speicherung	▁150
61	erstellen	erstellen	erstellen	erstellen	erstellen	erstellen
62	aufgabenprotokoll	aufgabenprotokoll	aufgabenprotokoll	aufgabenprotokoll	aufgabenprotokoll	aufgabenprotokoll
63	anbieter	anbieter	anbieter	anbieter	anbieter	anbieter
64	▔ertrat<sos>	verbindungsinstanten	▔ertrat<sos>	▔ertrat<sos>	▔ertrat<sos>	▁44
65	veröffentlichung	veröffentlichungsgeschichten	veröffentlichung	veröffentlichung	veröffentlichung	freigabe
66	fähigkeit	fähigkeit	fähigkeit	fähigkeit	fähigkeit	▁147
67	anbieter	anbieter	anbieter	anbieter	anbieter	anbieter
68	datenanbieterprofil	dateneinsatz	datenanbieterprofil	datenanbieter	datenanbieterprofil	datenanbieter
69	menü	menü	menü	menü	menü	menü
70	speicherweisingen	speicherweisingen	speicherweisingen	speicherweisingen	speicherweisingen	▁10
71	datenanbieter	dateneinsatz	datenanbieter	datenanbieter	datenanbieter	datenanbieter
72	veröffentlichung	veröffentlichungsgeschichten	veröffentlichung	veröffentlichung	veröffentlichung	freigabe
73	nachricht	nachricht	nachricht	nachricht	nachricht	nachricht
74	speicherplatz	raum	speicherplatz	raum	speicherplatz	▁150
75	endfunktion	endfunktion	endfunktion	endfunktion	endfunktion	▁59
76	datenanbieter	dateneinsatz	datenanbieter	datenanbieter	datenanbieter	datenanbieter
77	datenprovider	dateneinsatz	datenprovider	datenanbieter	datenprovider	datenanbieter
78	erstellen	erstellen	erstellen	erstellen	erstellen	erstellen
79	erstellen	erstellen	erstellen	erstellen	erstellen	erstellen
80	raumbereich	raum	raumbereich	raum	raumbereich	▁150
81	schale	schale	schale	schale	schale	▁22
82	anbieter	anbieter	anbieter	anbieter	anbieter	anbieter
83	vorfall	vorfall	vorfall	vorfall	vorfall	▁76
84	geschäftsnamen	geschäftsnamen	geschäftsnamen	geschäftsnamen	geschäftsnamen	▁25
85	arbeitszentrumsen	arbeitszentrumsen	arbeitszentrumsen	arbeitszentrum	arbeitszentrumsen	▁176
86	aufenthaltsdauer	aufenthaltsdauer	aufenthaltsdauer	aufenthaltsdauer	aufenthaltsdauer	▁131
87	kompound	trigger	kompound	trigger	kompound	▁169
88	identifikationszeichen	identifikationszeichen	identifikationszeichen	identifikationszeichen	identifikationszeichen	▁74
89	identifikationszeichen	identifikationszeichen	identifikationszeichen	identifikationszeichen	identifikationszeichen	▁2
90	startdatum	startdatum	startdatum	startdatum	startdatum	▁154
91	schlüsselmap	schlüsselmap	schlüsselmap	schlüsselmap	schlüsselmap	▁87
92	datum	datum	datum	datum	datum	▁48
93	gegenstand	gegenstand	gegenstand	gegenstand	gegenstand	artikel
94	mindestnoten	mindestnoten	mindestnoten	mindestnoten	mindestnoten	▁95
95	befehl	▔ertrat<sos>	befehl	seitenablatten	befehl	▁146
96	raum|räumen	raum	raum|räumen	raum	raum|räumen	▁150
97	raum	raum	raum	raum	raum	▁150
98	konsumieren	konsumieren	konsumieren	konsumieren	konsumieren	▁11
99	mindestnoten	mindestnoten	mindestnoten	mindestnoten	mindestnoten	▁95
100	aktion	aktion	aktion	aktion	aktion	aktion
101	aktion	aktion	aktion	aktion	aktion	aktion
102	bedingung	bedingung	bedingung	bedingung	bedingung	bedingung
103	einhaltung vorschrift	einhaltung vorschrift	einhaltung vorschrift	anforderung	einhaltung vorschrift	▁42
104	datenervice	dateneinsatz	datenervice	datenanbieter	datenervice	datenanbieter
105	assistant	veröffentlichungsgeschichten	assistant	veröffentlichung	assistant	freigabe
106	assistant	erstellen	assistant	erstellen	assistant	erstellen
107	privilegietyp	klauseltyp	privilegietyp	typ	privilegietyp	typ
108	▔ertrat<sos>	verbindungsinstanten	▔ertrat<sos>	▔ertrat<sos>	▔ertrat<sos>	▁44
109	speicherplatz	raum	speicherplatz	raum	speicherplatz	▁150
110	zeitplan	keitplanungen	zeitplan	zeitplan	zeitplan	zeitplan
111	änderung	änderung	änderung	änderung	änderung	änderung
112	ergebniskategorie	ergebniskategorie	ergebniskategorie	ergebniskategorie	ergebniskategorie	▁29
113	dienstleistung	dienstleistung	dienstleistung	dienstleistung	dienstleistung	service
114	anbieter	dateneinsatz	anbieter	datenanbieter	anbieter	datenanbieter
115	zugeteilt	bestätigungsmenge	zugeteilt	bestätigungsmenge	zugeteilt	▁15
116	raum	raum	raum	raum	raum	▁150
117	datum	datum	datum	datum	datum	▁79
118	erstellen	erstellen	erstellen	erstellen	erstellen	erstellen
119	raum	raum	raum	raum	raum	▁150
120	speicherung	speicherung	speicherung	speicherung	speicherung	▁156
121	teilen	veröffentlich	teilen	teilen	teilen	teilen
122	veröffentlichung	veröffentlichungsgeschichten	veröffentlichung	veröffentlichung	veröffentlichung	freigabe
123	zugriffskontrolle	datenzugangskontroll	zugriffskontrolle	ausgabe	zugriffskontrolle	zugriffskontrolle
124	datenbeschränkung	datenbeschränkung	datenbeschränkung	beschränkung	datenbeschränkung	▁132
125	datenaufnahmen	datenaufnahmen	datenaufnahmen	datenaufnahmen	datenaufnahmen	▁148
126	interface	interface	interface	interface	interface	▁82
127	nachricht	nachricht	nachricht	nachricht	nachricht	nachricht
128	einsatz	einsatz	einsatz	einsatz	einsatz	implementierung
129	datenerversatzer	dateneinsatz	datenerversatzer	datenanbieter	datenerversatzer	datenanbieter
130	referenzdaten	referenzdaten	referenzdaten	beziehen	referenzdaten	▁123
131	neuanwendung	einsatz	neuanwendung	einsatz	neuanwendung	implementierung
132	veröffentlichung	veröffentlichungsgeschichten	veröffentlichung	veröffentlichung	veröffentlichung	freigabe
133	datenanbieter	dateneinsatz	datenanbieter	datenanbieter	datenanbieter	datenanbieter
134	bereitstellung	einsatz	bereitstellung	einsatz	bereitstellung	implementierung
135	aktualisierung	aktualisierung	aktualisierung	aktualisierung	aktualisierung	▁171
136	fähigkeit	fähigkeit	fähigkeit	fähigkeit	fähigkeit	▁147
137	feedback	feedback	feedback	feedback	feedback	feedback
138	datenanbieter	dateneinsatz	datenanbieter	datenanbieter	datenanbieter	datenanbieter
139	einfügen	einfügen	einfügen	einfügen	einfügen	einfügen
140	tischschreibtischen	tischschreibtischen	tischschreibtischen	spaltentabellen	tischschreibtischen	▁5
141	datum	datum	datum	datum	datum	▁79
142	ausbau	einsatz	ausbau	einsatz	ausbau	implementierung
143	raum	raum	raum	raum	raum	▁150
144	versönlichen datum	versönlichen datum	versönlichen datum	persönlich datum	versönlichen datum	▁111
145	arbeitszentrum	arbeitszentrumsen	arbeitszentrum	arbeitszentrum	arbeitszentrum	▁176
146	erstellen	erstellen	erstellen	erstellen	erstellen	erstellen
147	veröffentlichung	veröffentlichungsgeschichten	veröffentlichung	veröffentlichung	veröffentlichung	freigabe
148	raum	raum	raum	raum	raum	▁150
149	unternehmen	unternehmen	unternehmen	unternehmen	unternehmen	▁24
150	konsummodell	konsummodell	konsummodell	konsummodell	konsummodell	verbrauchsmodell
151	frage	frage	frage	frage	frage	▁84
152	faktenmodell	konsummodell	faktenmodell	konsummodell	faktenmodell	verbrauchsmodell
153	startbeginn	startdatum	startbeginn	startdatum	startbeginn	▁154
154	abap	abap	abap	abap	abap	▁97
155	implementierung	einsatz	implementierung	einsatz	implementierung	implementierung
156	aufgabe	aufgabe	aufgabe	aufgabe	aufgabe	▁85
157	raum	raum	raum	raum	raum	▁150
158	raumraumen	raum	raumraumen	raum	raumraumen	▁150
159	verfügbaren kapazität	verfügbaren kapazität	verfügbaren kapazität	verfügbaren kapazität	verfügbaren kapazität	▁21
160	vertrag	vertrag	vertrag	vertrag	vertrag	vertrag
161	verlängerung	verlängerung	verlängerung	verlängerung	verlängerung	▁127
162	anbieter	dateneinsatz	anbieter	datenanbieter	anbieter	datenanbieter
163	bereich	raum	bereich	raum	bereich	▁150
164	raum	raum	raum	raum	raum	▁150
165	erstellen	erstellen	erstellen	erstellen	erstellen	erstellen
166	datenbeschränken	datenbeschränkung	datenbeschränken	beschränkung	datenbeschränken	▁132
167	personalübertragung	personalübertragung	personalübertragung	massenübertragung	personalübertragung	übertragen
168	verlängerung	verlängerung	verlängerung	verlängerung	verlängerung	▁127
169	konsum	konsummodell	konsum	konsummodell	konsum	verbrauchsmodell
170	raum	raum	raum	raum	raum	▁150
171	tabelldiensen	tabelldiensen	tabelldiensen	tabelldiensen	tabelldiensen	▁4
172	tabelldiensen	dienstleistung	tabelldiensen	dienstleistung	tabelldiensen	service
173	beziehen	referenzdaten	beziehen	beziehen	beziehen	▁123
174	element	gegenstand	element	gegenstand	element	artikel
175	raum	raum	raum	raum	raum	▁150
176	endnutzer	endfunktion	endnutzer	endfunktion	endnutzer	▁59
177	creator	creator	creator	creator	creator	creator
178	grafikansicht	grafikansicht	grafikansicht	grafikansicht	grafikansicht	▁70
179	▔ertrat<sos>	frage	▔ertrat<sos>	frage	▔ertrat<sos>	▁84
180	▔ertrat<sos>	▔ertrat<sos>	▔ertrat<sos>	lieferant	▔ertrat<sos>	▁104
181	wach	wach	wach	wach	wach	▁23
182	sqlscript	sqlscript	sqlscript	sqlscript	sqlscript	▁141
183	update	aktualisierung	update	aktualisierung	update	▁171
184	nachricht	nachricht	nachricht	nachricht	nachricht	nachricht
185	bereich	raum	bereich	raum	bereich	▁150
186	trigger	trigger	trigger	trigger	trigger	▁169
187	seite	▔ertrat<sos>	seite	seitenablatten	seite	▁146
188	erstellen	erstellen	erstellen	erstellen	erstellen	erstellen
189	typ|type|typus	klauseltyp	typ|type|typus	typ	typ|type|typus	typ
190	nachricht	nachricht	nachricht	nachricht	nachricht	nachricht
191	bestellung	reihenfolge	bestellung	bestellung	bestellung	▁102
192	vorfall	vorfall	vorfall	vorfall	vorfall	▁76
193	sitzung	sitzung	sitzung	sitzung	sitzung	sitzung
194	zeitplan	keitplanungen	zeitplan	zeitplan	zeitplan	zeitplan
195	dokument	dokument	dokument	dokument	dokument	▁55
196	teilzeitartikel	keitplanungen	teilzeitartikel	zeitplan	teilzeitartikel	zeitplan
197	▔ertrat<sos>	▔ertrat<sos>	▔ertrat<sos>	▔ertrat<sos>	▔ertrat<sos>	▁32
198	freigabebeschränkung	veröffentlichungsgeschichten	freigabebeschränkung	veröffentlichung	freigabebeschränkung	freigabe
199	typ	klauseltyp	typ	typ	typ	typ
200	dokument	dokument	dokument	dokument	dokument	▁55
201	revision	revision	revision	revision	revision	▁134
202	datenerbringer	dateneinsatz	datenerbringer	datenanbieter	datenerbringer	datenanbieter
203	hinweis	hinweis	hinweis	benachrichtigung	hinweis	benachrichtigung
204	übertragen	personalübertragung	übertragen	massenübertragung	übertragen	übertragen
205	erstellen	erstellen	erstellen	erstellen	erstellen	erstellen
206	startseite	startseite	startseite	startseite	startseite	▁103
207	einschränkung	datenbeschränkung	einschränkung	beschränkung	einschränkung	▁132
208	genehmigung	genehmigung	genehmigung	genehmigung	genehmigung	▁6
209	nachweis	einhaltung vorschrift	nachweis	anforderung	nachweis	▁42
210	▔ertrat<sos>	▔ertrat<sos>	▔ertrat<sos>	tabelle	▔ertrat<sos>	▁163
211	routing	routing	routing	routing	routing	▁136
212	speichertyp	speichertyp	speichertyp	speichertyp	speichertyp	speichertyp
213	analyticalen	analytiker	analyticalen	analyticalen	analyticalen	▁36
214	▔ertrat<sos>	▔ertrat<sos>	▔ertrat<sos>	checken	▔ertrat<sos>	▁33
215	konsummodell	konsummodell	konsummodell	konsummodell	konsummodell	verbrauchsmodell
216	zeitplan	keitplanungen	zeitplan	zeitplan	zeitplan	zeitplan
217	query	abruf	query	anfrage	query	▁120
218	speicherplatz	raum	speicherplatz	raum	speicherplatz	▁150
219	aufgabe	aufgabe	aufgabe	aufgabe	aufgabe	▁16
220	schnittstelle	schnittstelle	schnittstelle	schnittstelle	schnittstelle	▁121
221	projustingen	projustingen	projustingen	projustingen	projustingen	▁117
222	arbeitspaket	arbeitspaket	arbeitspaket	arbeitspaket	arbeitspaket	▁177
223	arbeitspunkt	klauseltyp	arbeitspunkt	typ	arbeitspunkt	typ
224	element	gegenstand	element	gegenstand	element	artikel
225	aktion	aktion	aktion	aktion	aktion	aktion
226	aktion	aktion	aktion	aktion	aktion	aktion
227	liste	keitplanungen	liste	zeitplan	liste	zeitplan
228	erstellen	erstellen	erstellen	erstellen	erstellen	erstellen
229	intercompanyen	intercompanyen	intercompanyen	intercompanyen	intercompanyen	▁81
230	nutzung	nutzung	nutzung	nutzung	nutzung	nutzung
231	produktionsordner	produktionsordner	produktionsordner	produktionsordner	produktionsordner	▁3
232	produktionsordner	produktionsordner	produktionsordner	produktionsordner	produktionsordner	▁116
233	dokument	dokument	dokument	dokument	dokument	▁57
234	anschrift	anschrift	anschrift	anschrift	anschrift	▁13
235	raum	raum	raum	raum	raum	▁150
236	versandtypen	klauseltyp	versandtypen	typ	versandtypen	typ
237	funktion	funktion	funktion	funktion	funktion	▁112
238	hochladenen	hochladenen	hochladenen	datei	hochladenen	▁91
239	fehlerbehebung	fehlerbehebung	fehlerbehebung	fehlerbehebung	fehlerbehebung	fehlerbehebung
240	datenzugangssteuern	datenzugangskontroll	datenzugangssteuern	ausgabe	datenzugangssteuern	zugriffskontrolle
241	▔ertrat<sos>	▔ertrat<sos>	▔ertrat<sos>	▔ertrat<sos>	▔ertrat<sos>	▁130
242	echtzeit	echtzeit	echtzeit	echtzeit	echtzeit	▁105
243	aktualisieren	aktualisieren	aktualisieren	aktualisieren	aktualisieren	aktualisieren
244	akzeptieren	akzeptieren	akzeptieren	akzeptieren	akzeptieren	▁7
245	artikel	gegenstand	artikel	gegenstand	artikel	artikel
246	offenlegeng	offenlegeng	offenlegeng	offenlegeng	offenlegeng	▁54
247	anbieter	anbieter	anbieter	anbieter	anbieter	anbieter
248	aufgabe	aufgabe	aufgabe	aufgabe	aufgabe	aufgabe
249	verarbeitung	verarbeitung	verarbeitung	verarbeitung	verarbeitung	verarbeitung
250	rolle	rolle	rolle	rolle	rolle	▁38
251	symbol	symbol	symbol	symbol	symbol	symbol
252	standardmäßig	standardmäßig	standardmäßig	standardmäßig	standardmäßig	▁49
253	verkauf	verkauf	verkauf	verkauf	verkauf	verkauf
254	verkauf	verkauf	verkauf	verkauf	verkauf	verkauf
255	zugeben	aufgabe	zugeben	aufgabe	zugeben	▁16
256	dokument	dokument	dokument	dokument	dokument	▁55
257	zahlung	zahlung	zahlung	zahlung	zahlung	▁108
258	spaltungskriteriumen	spaltungskriteriumen	spaltungskriteriumen	spaltungskriteriumen	spaltungskriteriumen	▁151
259	materialgruppe	materialgruppe	materialgruppe	materialgruppe	materialgruppe	materialgruppe
260	persönlich datum	versönlichen datum	persönlich datum	persönlich datum	persönlich datum	▁111
261	bericht	berichtszeiten	bericht	bericht	bericht	bericht
262	checken	▔ertrat<sos>	checken	checken	checken	▁33
263	anforderung	einhaltung vorschrift	anforderung	anforderung	anforderung	▁42
264	ergebnis	ergebnis	ergebnis	ergebnis	ergebnis	▁140
265	sequenz	sequenz	sequenz	sequenz	sequenz	▁144
266	erstellen	erstellen	erstellen	erstellen	erstellen	erstellen
267	verleih	verleih	verleih	verleih	verleih	▁28
268	unterschied	unterschied	unterschied	unterschied	unterschied	▁53
269	routing	routing	routing	routing	routing	▁136
270	benachrichtigung	hinweis	benachrichtigung	benachrichtigung	benachrichtigung	benachrichtigung
271	überprüfung	überprüfung	überprüfung	überprüfung	überprüfung	▁175
272	folgend	folgend	folgend	folgend	folgend	▁67
273	vorgabe	aktion	vorgabe	aktion	vorgabe	aktion
274	vorgabe	aktion	vorgabe	aktion	vorgabe	aktion
275	feldbrennstoffen	feldbrennstoffen	feldbrennstoffen	feldbrennstoffen	feldbrennstoffen	▁172
276	zeitplan	zeitplan	zeitplan	zeitplan	zeitplan	▁93
277	zeitplan	keitplanungen	zeitplan	zeitplan	zeitplan	zeitplan
278	teilen	veröffentlich	teilen	teilen	teilen	teilen
279	gesamtdauer	gesamtdauer	gesamtdauer	gesamtdauer	gesamtdauer	▁109
280	zuteilen	bestätigungsmenge	zuteilen	bestätigungsmenge	zuteilen	▁15
281	unerledigen	einhaltung vorschrift	unerledigen	anforderung	unerledigen	▁42
282	▔ertrat<sos>	▔ertrat<sos>	▔ertrat<sos>	▔ertrat<sos>	▔ertrat<sos>	▁173
283	erstellen	erstellen	erstellen	erstellen	erstellen	erstellen
284	historie	veröffentlichungsgeschichten	historie	geschichte	historie	▁73
285	speicherung	speicherung	speicherung	speicherung	speicherung	▁133
286	gegenstand	gegenstand	gegenstand	gegenstand	gegenstand	artikel
287	▔ertrat<sos>	erstellen	▔ertrat<sos>	erstellen	▔ertrat<sos>	erstellen
288	bezahlberatungen	bezahlberatungen	bezahlberatungen	bezahlberatungen	bezahlberatungen	▁106
289	folgend	folgend	folgend	folgend	folgend	▁67
290	dialog	dialog	dialog	dialog	dialog	▁52
291	vertrag	vertrag	vertrag	vertrag	vertrag	vertrag
292	bericht	berichtszeiten	bericht	bericht	bericht	bericht
293	datensatz	datensatz	datensatz	datensatz	datensatz	▁47
294	seitenablatten	▔ertrat<sos>	seitenablatten	seitenablatten	seitenablatten	▁146
295	raum	raum	raum	raum	raum	▁150
296	anfragezeitraum	anfragezeitraum	anfragezeitraum	anfragezeitraum	anfragezeitraum	▁69
297	speicher	speicher	speicher	speicher	speicher	▁157
298	einsatz	einsatz	einsatz	einsatz	einsatz	implementierung
299	erstellen	erstellen	erstellen	erstellen	erstellen	erstellen
300	absicht	klauseltyp	absicht	typ	absicht	typ
301	verwaltung	raum	verwaltung	raum	verwaltung	▁150
302	verbindung	verbindung	verbindung	assoziation	verbindung	▁17
303	raum	raum	raum	raum	raum	▁150
304	herstellen	erstellen	herstellen	erstellen	herstellen	erstellen
305	vermögenswert	vermögenswert	vermögenswert	assen	vermögenswert	vermögenswert
306	bereinigung	bereinigung	bereinigung	bereinigung	bereinigung	▁35
307	regulierung	regulierung	regulierung	regulierung	regulierung	▁125
308	änderungstyp	änderungstyp	änderungstyp	änderungstyp	änderungstyp	▁30
309	änderungstyp	klauseltyp	änderungstyp	typ	änderungstyp	typ
310	erstellen	erstellen	erstellen	erstellen	erstellen	erstellen
311	nachfolgungsfordern	einhaltung vorschrift	nachfolgungsfordern	anforderung	nachfolgungsfordern	▁42
312	kategorie	ergebniskategorie	kategorie	ergebniskategorie	kategorie	▁29
313	▔ertrat<sos>	datenzugangskontroll	▔ertrat<sos>	ausgabe	▔ertrat<sos>	zugriffskontrolle
314	benachrichtigung	hinweis	benachrichtigung	benachrichtigung	benachrichtigung	benachrichtigung
315	▔ertrat<sos>	erstellen	▔ertrat<sos>	erstellen	▔ertrat<sos>	erstellen
316	platz	raum	platz	raum	platz	▁150
317	dokument	dokument	dokument	dokument	dokument	▁55
318	anfrage	anfrage	anfrage	anfrage	anfrage	▁128
319	gruppenregeln	gruppenregeln	gruppenregeln	gruppenregeln	gruppenregeln	▁72
320	überprüfen	überprüfen	überprüfen	überprüfen	überprüfen	▁62
321	äktiedabschwächen	vermögenswert	äktiedabschwächen	assen	äktiedabschwächen	vermögenswert
322	aufgabe	aufgabe	aufgabe	aufgabe	aufgabe	▁16
323	anforderung	anforderung	anforderung	anforderung	anforderung	anforderung
324	angabe	angabe	angabe	angabe	angabe	▁39
325	verfahren	verfahren	verfahren	menge	verfahren	verfahren
326	erstellen	erstellen	erstellen	erstellen	erstellen	erstellen
327	kostenkomponenten	kostenkomponenten	kostenkomponenten	kostenkomponenten	kostenkomponenten	kostenkomponenten
328	problem	frage	problem	frage	problem	▁84
329	anfrage	abruf	anfrage	anfrage	anfrage	▁120
330	arbeitsablauf	arbeitsablauf	arbeitsablauf	arbeitsablauf	arbeitsablauf	▁178
331	arbeitsablauf	erstellen	arbeitsablauf	erstellen	arbeitsablauf	erstellen
332	bereich	bereich	bereich	funktionsumfang	bereich	▁139
333	platz	raum	platz	raum	platz	▁150
334	erfolgsfaktär	erfolgsfaktär	erfolgsfaktär	erfolgsfaktär	erfolgsfaktär	▁165
335	status	status	status	status	status	status
336	stufe	stufe	stufe	stufe	stufe	▁153
337	datenverbindung	datenverbindung	datenverbindung	datenverbindung	datenverbindung	▁149
338	verpackunstufen	verpackunstufen	verpackunstufen	ebene	verpackunstufen	▁89
339	erstellen	erstellen	erstellen	erstellen	erstellen	erstellen
340	kartierung	kartierung	kartierung	kartierung	kartierung	▁94
341	standort	standort	standort	ort	standort	▁92
342	einstufung	einstufung	einstufung	classification	einstufung	▁34
343	zeitplan	zeitplan	zeitplan	dokumenttyps	zeitplan	▁58
344	begriff	begriff	begriff	begriff	begriff	▁166
345	erstellen	erstellen	erstellen	erstellen	erstellen	erstellen
346	zeitplan	keitplanungen	zeitplan	zeitplan	zeitplan	zeitplan
347	veröffentlichung	veröffentlichungsgeschichten	veröffentlichung	veröffentlichung	veröffentlichung	freigabe
348	grenze	grenze	grenze	grenze	grenze	▁90
349	service	service	service	service	service	▁1
350	publishangen	publishangen	publishangen	publishangen	publishangen	▁71
351	einkommen	einkommen	einkommen	einkommen	einkommen	▁77
352	ausgabe	datenzugangskontroll	ausgabe	ausgabe	ausgabe	zugriffskontrolle
353	bereich	raum	bereich	raum	bereich	▁150
354	beschränkung	datenbeschränkung	beschränkung	beschränkung	beschränkung	▁132
355	beschreibung	gegenstand	beschreibung	gegenstand	beschreibung	artikel
356	zeitplan	keitplanungen	zeitplan	zeitplan	zeitplan	zeitplan
357	eigentümer	eigentümer	eigentümer	eigentümer	eigentümer	eigentümer
358	sequenz	sequenz	sequenz	sequenz	sequenz	▁144
359	buchhaltung	buchhaltung	buchhaltung	buchhaltung	buchhaltung	▁86
360	buchhaltung	buchhaltung	buchhaltung	buchhaltung	buchhaltung	▁0
361	datei	hochladenen	datei	datei	datei	▁91
362	ausrüstungsvorlage	ausrüstungsvorlage	ausrüstungsvorlage	ausrüstungsvorlage	ausrüstungsvorlage	▁164
363	aktion	aktion	aktion	aktion	aktion	charge
364	▔ertrat<sos>	▔ertrat<sos>	▔ertrat<sos>	▔ertrat<sos>	▔ertrat<sos>	▁27
365	typ|type|typus	klauseltyp	typ|type|typus	typ	typ|type|typus	typ
366	projektmanager	projektmanager	projektmanager	projektmanager	projektmanager	▁118
367	anfordern	anfordern	anfordern	anfordern	anfordern	▁129
368	dokumentklasse	dokumentklasse	dokumentklasse	dokumentklasse	dokumentklasse	▁56
369	wählen	wählen	wählen	wählen	wählen	▁143
370	aktion	aktion	aktion	aktion	aktion	aktion
371	aktion	aktion	aktion	aktion	aktion	aktion
372	überholen	überholen	überholen	überholen	überholen	▁98
373	release	veröffentlichungsgeschichten	release	veröffentlichung	release	freigabe
374	auditprotokoll	auditprotokoll	auditprotokoll	auditprotokoll	auditprotokoll	▁20
375	transaktion	transaktion	transaktion	transaktion	transaktion	transaktion
376	anwendung	anwendung	anwendung	anwendung	anwendung	▁12
377	seite	raum	seite	raum	seite	▁150
378	▔ertrat<sos>	schwellenwert	▔ertrat<sos>	schwellenwert	▔ertrat<sos>	▁142
379	operation	operation	operation	operation	operation	▁100
380	formular	ausrüstungsvorlage	formular	ausrüstungsvorlage	formular	▁164
381	primärkontakt	primärkontakt	primärkontakt	primärkontakt	primärkontakt	▁114
382	nachricht	nachricht	nachricht	nachricht	nachricht	nachricht
383	übertragung	personalübertragung	übertragung	massenübertragung	übertragung	übertragen
384	überprüfung	▔ertrat<sos>	überprüfung	checken	überprüfung	▁33
385	übereinstimmunforderderingen	einhaltung vorschrift	übereinstimmunforderderingen	anforderung	übereinstimmunforderderingen	▁42
386	simulation	simulation	simulation	simulation	simulation	▁137
387	überweisung	überweisung	überweisung	überweisung	überweisung	▁168
388	meßungseinheien	meßungseinheien	meßungseinheien	meßungseinheien	meßungseinheien	▁170
389	projektmanager	projektmanager	projektmanager	projektmanager	projektmanager	▁118
390	anfordern	anfordern	anfordern	anfordern	anfordern	▁129
391	besetzen	besetzen	besetzen	besetzen	besetzen	▁152
392	verbindung	verbindung	verbindung	verbindung	verbindung	▁43
393	offnen	offnen	offnen	offnen	offnen	▁99
394	▔ertrat<sos>	erstellen	▔ertrat<sos>	erstellen	▔ertrat<sos>	erstellen
395	raum	raum	raum	raum	raum	▁150
396	geschäftsnutzer	geschäftsnutzer	geschäftsnutzer	geschäftsnutzer	geschäftsnutzer	▁26
397	ort	standort	ort	ort	ort	▁92
398	verwaltung	verwaltung	verwaltung	verwaltung	verwaltung	▁107
399	konsummodell	konsummodell	konsummodell	konsummodell	konsummodell	verbrauchsmodell
400	dokument	dokument	dokument	dokument	dokument	▁55
401	erstellen	erstellen	erstellen	erstellen	erstellen	erstellen
402	massenübertragung	personalübertragung	massenübertragung	massenübertragung	massenübertragung	übertragen
403	bereichsbildner	bereich	bereichsbildner	funktionsumfang	bereichsbildner	▁139
404	datumtyp	klauseltyp	datumtyp	typ	datumtyp	typ
405	eigentumsanzeigen	eigentumsanzeigen	eigentumsanzeigen	eigentumsanzeigen	eigentumsanzeigen	▁119
406	zeitplan	keitplanungen	zeitplan	zeitplan	zeitplan	zeitplan
407	anfrage	abruf	anfrage	anfrage	anfrage	▁120
408	assoziation	verbindung	assoziation	assoziation	assoziation	▁17
409	charge	aktion	charge	aktion	charge	charge
410	geschichte	veröffentlichungsgeschichten	geschichte	geschichte	geschichte	▁73
411	berichterstattungsaufgen	berichtszeiten	berichterstattungsaufgen	bericht	berichterstattungsaufgen	bericht
412	geschäftsnamen	geschäftsnamen	geschäftsnamen	geschäftsnamen	geschäftsnamen	▁25
413	erstellen	erstellen	erstellen	erstellen	erstellen	erstellen
414	service	dienstleistung	service	dienstleistung	service	service
415	audit	audit	audit	audit	audit	audit
416	szenarienen	szenarienen	szenarienen	szenarienen	szenarienen	▁138
417	artikel	gegenstand	artikel	gegenstand	artikel	artikel
418	anzeige	anzeige	anzeige	anzeige	anzeige	anzeige
419	dokumenttyps	zeitplan	dokumenttyps	dokumenttyps	dokumenttyps	▁58
420	berichterstattung	berichtszeiten	berichterstattung	bericht	berichterstattung	bericht
421	paket	paket	paket	packungsinhalt	paket	paket
422	zugriff	zugriff	zugriff	zugriff	zugriff	zugriff
423	ursprung	ursprung	ursprung	ursprung	ursprung	ursprung
424	prognose	prognose	prognose	prognose	prognose	▁68
425	assen	vermögenswert	assen	assen	assen	vermögenswert
426	befülltheiden	hauptindikator	befülltheiden	befülltheiden	befülltheiden	▁78
427	referenzverarbeitungen	referenzverarbeitungen	referenzverarbeitungen	referenzverarbeitungen	referenzverarbeitungen	▁124
428	dokument	dokument	dokument	dokument	dokument	▁55
429	arbeitspaket	arbeitspaket	arbeitspaket	arbeitspaket	arbeitspaket	▁177
430	erstellen	erstellen	erstellen	erstellen	erstellen	erstellen
431	element	gegenstand	element	gegenstand	element	artikel
432	zeitrahmen	zeitrahmen	zeitrahmen	zeitrahmen	zeitrahmen	▁167
433	panel	▔ertrat<sos>	panel	lieferant	panel	▁104
434	anlage	anlage	anlage	anlage	anlage	▁63
435	attributtyp	attributtyp	attributtyp	attributtyp	attributtyp	▁19
436	anspruch	anspruch	anspruch	anspruch	anspruch	▁60
437	schicht	eigenschaft	schicht	eigenschaft	schicht	▁88
438	gegenstand	gegenstand	gegenstand	gegenstand	gegenstand	artikel
439	anschluss	verbindungsinstanten	anschluss	▔ertrat<sos>	anschluss	▁44
440	packungsinhalt	paket	packungsinhalt	packungsinhalt	packungsinhalt	paket
441	x	nachricht	x	nachricht	x	nachricht
442	systemnachricht	nachricht	systemnachricht	nachricht	systemnachricht	nachricht
443	verarbeitung	verarbeitung	verarbeitung	prozeß	verarbeitung	▁115
444	bestellverfüllung	reihenfolge	bestellverfüllung	bestellung	bestellverfüllung	▁102
445	kberwachungsliste	kberwachungsliste	kberwachungsliste	kberwachungsliste	kberwachungsliste	▁96
446	beschränkung	datenbeschränkung	beschränkung	beschränkung	beschränkung	▁132
447	erstellen	erstellen	erstellen	erstellen	erstellen	erstellen
448	hierarchie	klauseltyp	hierarchie	typ	hierarchie	typ
449	▔ertrat<sos>	▔ertrat<sos>	▔ertrat<sos>	▔ertrat<sos>	▔ertrat<sos>	▁66
450	rohstoffmaterialen	rohstoffmaterialen	rohstoffmaterialen	rohstoffmaterialen	rohstoffmaterialen	▁122
451	bewertung	bewertung	bewertung	bewertung	bewertung	bewertung
452	konformitätsbewertungen	konformitätsbewertungen	konformitätsbewertungen	konformitätsbewertungen	konformitätsbewertungen	▁41
453	verarbeitung	verarbeitung	verarbeitung	verarbeitung	verarbeitung	verarbeitung
454	interaktion	interaktion	interaktion	interaktion	interaktion	▁80
455	freigabe	veröffentlichungsgeschichten	freigabe	veröffentlichung	freigabe	freigabe
456	lieferant	lieferant	lieferant	lieferant	lieferant	▁174
457	intercompanyen	intercompanyen	intercompanyen	intercompanyen	intercompanyen	▁81
458	erstellen	erstellen	erstellen	erstellen	erstellen	erstellen
459	persönlich datum	versönlichen datum	persönlich datum	persönlich datum	persönlich datum	▁111
460	beziehung	beziehung	beziehung	beziehung	beziehung	▁126
461	tabelle	▔ertrat<sos>	tabelle	tabelle	tabelle	▁163
462	import	import	import	import	import	▁75
463	hinweis	hinweis	hinweis	hinweis	hinweis	hinweis
464	applieren	anwendung	applieren	anwendung	applieren	▁12
465	agent	agent	agent	agent	agent	agent
466	suspension	suspension	suspension	suspension	suspension	▁162
467	zuteilung	speicherweisingen	zuteilung	speicherweisingen	zuteilung	▁10
468	anhängung	anhängung	anhängung	anhang	anhängung	▁18
469	bestellkarte	reihenfolge	bestellkarte	bestellung	bestellkarte	▁102
470	abonnement	abonnement	abonnement	abonnement	abonnement	▁158
471	vertrag	vertrag	vertrag	vertrag	vertrag	vertrag
472	classification	einstufung	classification	classification	classification	▁34
473	kunde	kunde	kunde	kunde	kunde	▁46
474	eigenschaft	eigenschaft	eigenschaft	eigenschaft	eigenschaft	▁31
475	beenden	beenden	beenden	beenden	beenden	beenden
476	ebene	verpackunstufen	ebene	ebene	ebene	▁89
477	speicherflächen	raum	speicherflächen	raum	speicherflächen	▁150
478	typ	klauseltyp	typ	typ	typ	typ
479	zeitplan	keitplanungen	zeitplan	zeitplan	zeitplan	zeitplan
480	formatkarte	kartierung	formatkarte	kartierung	formatkarte	▁94
481	operations	operations	operations	operations	operations	▁101
482	lieferant	▔ertrat<sos>	lieferant	lieferant	lieferant	▁104
483	speicherzeien	speicherung	speicherzeien	speicherung	speicherzeien	▁133
484	unternehmen	kartierung	unternehmen	kartierung	unternehmen	▁94
485	anforderung	anforderung	anforderung	anforderung	anforderung	anforderung
486	benachrichtigung	hinweis	benachrichtigung	benachrichtigung	benachrichtigung	benachrichtigung
487	aktualisieren	aktualisieren	aktualisieren	aktualisieren	aktualisieren	aktualisieren
488	berechnung	berechnung	berechnung	berechnung	berechnung	▁155
489	datenanbieter	dateneinsatz	datenanbieter	datenanbieter	datenanbieter	datenanbieter
490	operation	keitplanungen	operation	zeitplan	operation	zeitplan
491	seitenablatten	▔ertrat<sos>	seitenablatten	seitenablatten	seitenablatten	▁146
492	regeltyp	klauseltyp	regeltyp	typ	regeltyp	typ
493	intercompanyen	intercompanyen	intercompanyen	intercompanyen	intercompanyen	▁81
494	evaluierungsaren	evaluierungsaren	evaluierungsaren	evaluierungsaren	evaluierungsaren	▁61
495	bestellung	reihenfolge	bestellung	bestellung	bestellung	▁102
496	festgelegt	festgelegt	festgelegt	festgelegt	festgelegt	▁65
497	abonnement	abonnement	abonnement	abonnement	abonnement	abonnement
498	wählen	wählen	wählen	wählen	wählen	▁143
499	erstellen	erstellen	erstellen	erstellen	erstellen	erstellen
500	standardwerten	standardwerten	standardwerten	standardwerten	standardwerten	▁50
501	gegenstand	gegenstand	gegenstand	gegenstand	gegenstand	artikel
502	bericht	berichtszeiten	bericht	bericht	bericht	bericht
503	menge	verfahren	menge	menge	menge	verfahren
504	aufgabe	aufgabe	aufgabe	aufgabe	aufgabe	aufgabe
505	kartografiedatei	kartierung	kartografiedatei	kartierung	kartografiedatei	▁94
506	funktionsumfang	bereich	funktionsumfang	funktionsumfang	funktionsumfang	▁139
507	gesamtzuweissgen	aufgabe	gesamtzuweissgen	aufgabe	gesamtzuweissgen	▁16
508	prozeß	verarbeitung	prozeß	prozeß	prozeß	▁115
509	funktionsumfang	bereich	funktionsumfang	funktionsumfang	funktionsumfang	▁139
510	geschäftsmodell	konsummodell	geschäftsmodell	konsummodell	geschäftsmodell	verbrauchsmodell
511	anfrage	anfrage	anfrage	anfrage	anfrage	▁128
512	ersatz	ersatz	ersatz	ersatz	ersatz	▁159
513	einhaltungsanforderung	einhaltung vorschrift	einhaltungsanforderung	anforderung	einhaltungsanforderung	▁42
514	ukraine	ukraine	ukraine	ukraine	ukraine	▁64
515	summierungen	zusammenfassung	summierungen	summierungen	summierungen	▁160
516	credentierung	credentierung	credentierung	credentierung	credentierung	▁145
517	pflanzenersatzen	ersatz	pflanzenersatzen	ersatz	pflanzenersatzen	▁159
518	berichtsdepreiengen	berichtszeiten	berichtsdepreiengen	bericht	berichtsdepreiengen	bericht
519	erstellung	erstellen	erstellung	erstellen	erstellung	erstellen
520	substitution	ersatz	substitution	ersatz	substitution	▁159
521	bericht	berichtszeiten	bericht	bericht	bericht	bericht
522	warnung	warnung	warnung	warnung	warnung	▁9
523	anhang	anhängung	anhang	anhang	anhang	▁18
524	kunde	kunde	kunde	kunde	kunde	▁46
525	aufgabe	aufgabe	aufgabe	aufgabe	aufgabe	aufgabe
526	probefrage	abruf	probefrage	anfrage	probefrage	▁120
527	bestellung	reihenfolge	bestellung	bestellung	bestellung	▁102
528	teammitglied	teammitglied	teammitglied	teammitglied	teammitglied	teammitglied
529	bearbeiten	anlage	bearbeiten	anlage	bearbeiten	▁63
530	log	log	log	log	log	log
531	nachricht	nachricht	nachricht	nachricht	nachricht	nachricht
532	ebene	verpackunstufen	ebene	ebene	ebene	▁89
533	nachricht	nachricht	nachricht	nachricht	nachricht	nachricht
534	kartierung	kartierung	kartierung	kartierung	kartierung	▁94
535	erledigen	erledigen	erledigen	erledigen	erledigen	▁40
536	spaltentabellen	tischschreibtischen	spaltentabellen	spaltentabellen	spaltentabellen	▁5
537	beschränkung	beschränkung	beschränkung	beschränkung	beschränkung	▁45
538	anforderung	anforderung	anforderung	anforderung	anforderung	anforderung
539	abgelehnen	gegenstand	abgelehnen	gegenstand	abgelehnen	artikel
540	verwaltung	verwaltung	verwaltung	verwaltung	verwaltung	verwaltung
541	prozent	gesamtdauer	prozent	gesamtdauer	prozent	▁109
542	collaboration	collaboration	collaboration	collaboration	collaboration	▁37
