	tgt	pseudoref_first	tgt	pseudoref_frequent	tgt	pseudoref_predefined
0	raum	raum	raum	raum	raum	▁132
1	speicherressourcen	speicherressourcen	speicherressourcen	speicherplatz	speicherressourcen	▁137
2	veröffentlich	veröffentlich	veröffentlich	teilen	veröffentlich	teilen
3	beschränkung	beschränkung	beschränkung	beschränkung	beschränkung	▁39
4	erstellen	erstellen	erstellen	erstellen	erstellen	erstellen
5	verantwortungsbereich	verantwortungsbereich	verantwortungsbereich	verantwortungsbereich	verantwortungsbereich	▁11
6	▔ertrat<sos>	▔ertrat<sos>	▔ertrat<sos>	▔ertrat<sos>	▔ertrat<sos>	▁152
7	verbindung	verbindung	verbindung	▔ertrat<sos>	verbindung	▁38
8	kunde	kunde	kunde	kunde	kunde	▁41
9	lieferant	lieferant	lieferant	lieferant	lieferant	▁142
10	anfochten	anfochten	anfochten	anfochten	anfochten	▁46
11	erstellen	erstellen	erstellen	erstellen	erstellen	erstellen
12	▔ertrat<sos>	▔ertrat<sos>	▔ertrat<sos>	▔ertrat<sos>	▔ertrat<sos>	▁130
13	hauptindikator	hauptindikator	hauptindikator	beamter	hauptindikator	▁70
14	abfrage	abfrage	abfrage	abfrage	abfrage	abfrage
15	anbieter	anbieter	anbieter	anbieter	anbieter	anbieter
16	raum	raum	raum	raum	raum	▁132
17	interkonzernen	interkonzernen	interkonzernen	intercompanyen	interkonzernen	▁72
18	veröffentlichungsgeschichten	veröffentlichungsgeschichten	veröffentlichungsgeschichten	geschichte	veröffentlichungsgeschichten	▁67
19	veröffentlichung	veröffentlichung	veröffentlichung	veröffentlichung	veröffentlichung	▁112
20	anbietet	anbietet	anbietet	datenanbieter	anbietet	datenprovider
21	datenzugangskontroll	datenzugangskontroll	datenzugangskontroll	datenzugangskontroll	datenzugangskontroll	▁6
22	datenprovider	anbietet	datenprovider	datenanbieter	datenprovider	datenprovider
23	abschnitt	abschnitt	abschnitt	abschnitt	abschnitt	abschnitt
24	anbieter	anbieter	anbieter	anbieter	anbieter	anbieter
25	anbieter	anbieter	anbieter	anbieter	anbieter	anbieter
26	version	veröffentlichung	version	veröffentlichung	version	▁112
27	bestätigungsmenge	bestätigungsmenge	bestätigungsmenge	bestätigungsmenge	bestätigungsmenge	▁12
28	speicherplatz	speicherressourcen	speicherplatz	speicherplatz	speicherplatz	▁137
29	speicherplatz	raum	speicherplatz	raum	speicherplatz	▁132
30	periode	periode	periode	periode	periode	▁97
31	dateneinsatzes	anbietet	dateneinsatzes	datenanbieter	dateneinsatzes	datenprovider
32	erstellen	erstellen	erstellen	erstellen	erstellen	erstellen
33	datenanbieter	anbietet	datenanbieter	datenanbieter	datenanbieter	datenprovider
34	raum	raum	raum	raum	raum	▁132
35	datenanbieter	anbietet	datenanbieter	datenanbieter	datenanbieter	datenprovider
36	verbrauchsmodell	verbrauchsmodell	verbrauchsmodell	verbrauchsmodell	verbrauchsmodell	verbrauchsmodell
37	anzeige	anzeige	anzeige	anzeige	anzeige	▁110
38	zeitperiode	periode	zeitperiode	periode	zeitperiode	▁97
39	wurzel	wurzel	wurzel	wurzel	wurzel	▁120
40	klauselart	klauselart	klauselart	algorithmus	klauselart	art
41	annahme	annahme	annahme	annahme	annahme	▁5
42	platz	raum	platz	raum	platz	▁132
43	überarbeitung	überarbeitung	überarbeitung	revision	überarbeitung	▁119
44	datenprovidern	anbietet	datenprovidern	datenanbieter	datenprovidern	datenprovider
45	startdatum	startdatum	startdatum	startdatum	startdatum	▁135
46	preisdatum	preisdatum	preisdatum	preisdatum	preisdatum	▁99
47	schicht	schicht	schicht	schicht	schicht	schicht
48	erstellen	erstellen	erstellen	erstellen	erstellen	erstellen
49	raum	raum	raum	raum	raum	▁132
50	skalatyp	klauselart	skalatyp	algorithmus	skalatyp	art
51	keitplanungen	keitplanungen	keitplanungen	zeitplan	keitplanungen	zeitplan
52	zusammenfassung	zusammenfassung	zusammenfassung	rechnung	zusammenfassung	▁141
53	raum	raum	raum	raum	raum	▁132
54	berichtszeiten	berichtszeiten	berichtszeiten	bericht	berichtszeiten	bericht
55	kennzahl	verbrauchsmodell	kennzahl	verbrauchsmodell	kennzahl	verbrauchsmodell
56	▔ertrat<sos>	▔ertrat<sos>	▔ertrat<sos>	▔ertrat<sos>	▔ertrat<sos>	▁152
57	reihenfolge	reihenfolge	reihenfolge	auftragskarte	reihenfolge	▁90
58	analytiker	analytiker	analytiker	analytiker	analytiker	▁30
59	zeitrahmen	zeitrahmen	zeitrahmen	zeitrahmen	zeitrahmen	▁74
60	speicherplatz	raum	speicherplatz	raum	speicherplatz	▁132
61	erstellen	erstellen	erstellen	erstellen	erstellen	erstellen
62	aufgabenprotokoll	aufgabenprotokoll	aufgabenprotokoll	aufgabenprotokoll	aufgabenprotokoll	aufgabenprotokoll
63	lieferungspartner	anbieter	lieferungspartner	anbieter	lieferungspartner	anbieter
64	▔ertrat<sos>	verbindung	▔ertrat<sos>	▔ertrat<sos>	▔ertrat<sos>	▁38
65	veröffentlichung	veröffentlichung	veröffentlichung	veröffentlichung	veröffentlichung	▁112
66	qualifikation	qualifikation	qualifikation	fähigkeit	qualifikation	qualifikation
67	anbieter	anbieter	anbieter	anbieter	anbieter	anbieter
68	anbieter	anbietet	anbieter	datenanbieter	anbieter	datenprovider
69	menü	menü	menü	menü	menü	menü
70	speicherweisingen	speicherweisingen	speicherweisingen	schritt	speicherweisingen	▁8
71	datenanbieter	anbietet	datenanbieter	datenanbieter	datenanbieter	datenprovider
72	veröffentlichen	veröffentlichung	veröffentlichen	veröffentlichung	veröffentlichen	▁112
73	nachricht	nachricht	nachricht	nachricht	nachricht	nachricht
74	speicherplatz	raum	speicherplatz	raum	speicherplatz	▁132
75	endnutzer	endnutzer	endnutzer	endnutzer	endnutzer	▁53
76	datenanbieter	anbietet	datenanbieter	datenanbieter	datenanbieter	datenprovider
77	datenanbieters	anbietet	datenanbieters	datenanbieter	datenanbieters	datenprovider
78	erstellen	erstellen	erstellen	erstellen	erstellen	erstellen
79	erstellen	erstellen	erstellen	erstellen	erstellen	erstellen
80	legen	raum	legen	raum	legen	▁132
81	klickpfad	klickpfad	klickpfad	klickpfad	klickpfad	klickpfad
82	anbieter	anbieter	anbieter	anbieter	anbieter	anbieter
83	vorfall	vorfall	vorfall	vorfall	vorfall	▁68
84	geschäftsnamen	geschäftsnamen	geschäftsnamen	geschäftsnamen	geschäftsnamen	▁21
85	arbeitszentrum	arbeitszentrum	arbeitszentrum	arbeitszentren	arbeitszentrum	▁159
86	aufenthaltsdauer	aufenthaltsdauer	aufenthaltsdauer	aufenthaltsdauer	aufenthaltsdauer	▁117
87	schwellenwert	▔ertrat<sos>	schwellenwert	▔ertrat<sos>	schwellenwert	▁152
88	identifikator	identifikator	identifikator	identifikator	identifikator	identifikator
89	identifikator	identifikator	identifikator	identifikator	identifikator	▁1
90	▔ertrat<sos>	startdatum	▔ertrat<sos>	startdatum	▔ertrat<sos>	▁135
91	schlüsselkarte	schlüsselkarte	schlüsselkarte	schlüsselkarte	schlüsselkarte	▁77
92	auswahl	auswahl	auswahl	auswahl	auswahl	▁43
93	element	element	element	artikel	element	artikel
94	erforderlich	erforderlich	erforderlich	erforderlich	erforderlich	▁85
95	ausschuß	▔ertrat<sos>	ausschuß	▔ertrat<sos>	ausschuß	▁130
96	raum|räumen	raum	raum|räumen	raum	raum|räumen	▁132
97	hdiep	raum	hdiep	raum	hdiep	▁132
98	erlauben	erlauben	erlauben	erlauben	erlauben	erlauben
99	erforderlichen	erforderlich	erforderlichen	erforderlich	erforderlichen	▁85
100	aktion	aktion	aktion	aktion	aktion	aktion
101	schnell	schnell	schnell	aktion	schnell	aktion
102	bedingung	bedingung	bedingung	bedingung	bedingung	bedingung
103	anforderung	anforderung	anforderung	anforderung	anforderung	▁36
104	anbieter	anbietet	anbieter	datenanbieter	anbieter	datenprovider
105	assistent	veröffentlichung	assistent	veröffentlichung	assistent	▁112
106	assistent	erstellen	assistent	erstellen	assistent	erstellen
107	privilegientypen	klauselart	privilegientypen	algorithmus	privilegientypen	art
108	▔ertrat<sos>	verbindung	▔ertrat<sos>	▔ertrat<sos>	▔ertrat<sos>	▁38
109	raum	raum	raum	raum	raum	▁132
110	zeitplan	keitplanungen	zeitplan	zeitplan	zeitplan	zeitplan
111	änderung	änderung	änderung	änderung	änderung	änderung
112	ergebniskategorie	ergebniskategorie	ergebniskategorie	ergebniskategorie	ergebniskategorie	▁24
113	dienstleistung	dienstleistung	dienstleistung	anlegen	dienstleistung	dienst
114	anbieter	anbietet	anbieter	datenanbieter	anbieter	datenprovider
115	zugewiesen	bestätigungsmenge	zugewiesen	bestätigungsmenge	zugewiesen	▁12
116	raum	raum	raum	raum	raum	▁132
117	geschäftsinformation	geschäftsinformation	geschäftsinformation	geschäftsanalysen	geschäftsinformation	▁71
118	erstellen	erstellen	erstellen	erstellen	erstellen	erstellen
119	bereich	raum	bereich	raum	bereich	▁132
120	speicherung	speicherressourcen	speicherung	speicherplatz	speicherung	▁137
121	teilen	veröffentlich	teilen	teilen	teilen	teilen
122	veröffentlichung	veröffentlichung	veröffentlichung	veröffentlichung	veröffentlichung	▁112
123	datenzugangskontrolle	datenzugangskontroll	datenzugangskontrolle	datenzugangskontroll	datenzugangskontrolle	▁6
124	datenbeschränkung	datenbeschränkung	datenbeschränkung	einschränkung	datenbeschränkung	einschränkung
125	snapshot	snapshot	snapshot	snapshot	snapshot	snapshot
126	benutzeroberfläche	benutzeroberfläche	benutzeroberfläche	benutzeroberfläche	benutzeroberfläche	▁73
127	nachricht	nachricht	nachricht	nachricht	nachricht	nachricht
128	einsatz	einsatz	einsatz	einsatz	einsatz	▁47
129	datenanbieters	anbietet	datenanbieters	datenanbieter	datenanbieters	datenprovider
130	referenzdaten	referenzdaten	referenzdaten	referenzdaten	referenzdaten	▁108
131	neuplanzierung	einsatz	neuplanzierung	einsatz	neuplanzierung	▁47
132	veröffentlichung	veröffentlichung	veröffentlichung	veröffentlichung	veröffentlichung	▁112
133	datenanbieter	anbietet	datenanbieter	datenanbieter	datenanbieter	datenprovider
134	einsatz	einsatz	einsatz	einsatz	einsatz	▁47
135	aktualisierung	aktualisierung	aktualisierung	aktualisierung	aktualisierung	▁154
136	fähigkeit	qualifikation	fähigkeit	fähigkeit	fähigkeit	qualifikation
137	feedback	feedback	feedback	feedback	feedback	feedback
138	datenanbieter	anbietet	datenanbieter	datenanbieter	datenanbieter	datenprovider
139	einfügen	einfügen	einfügen	einfügen	einfügen	einfügen
140	▔ertrat<sos>	▔ertrat<sos>	▔ertrat<sos>	tabelle	▔ertrat<sos>	tabelle
141	geschäftsanalysen	geschäftsinformation	geschäftsanalysen	geschäftsanalysen	geschäftsanalysen	▁71
142	ausbau	einsatz	ausbau	einsatz	ausbau	▁47
143	raum	raum	raum	raum	raum	▁132
144	personenbezogen datum	personenbezogen datum	personenbezogen datum	persönlich datum	personenbezogen datum	personenbezogen datum
145	arbeitszentren	arbeitszentrum	arbeitszentren	arbeitszentren	arbeitszentren	▁159
146	▔ertrat<sos>	erstellen	▔ertrat<sos>	erstellen	▔ertrat<sos>	erstellen
147	veröffentlichung	veröffentlichung	veröffentlichung	veröffentlichung	veröffentlichung	▁112
148	raum	raum	raum	raum	raum	▁132
149	geschäftsfeld	geschäftsfeld	geschäftsfeld	geschäftsfeld	geschäftsfeld	▁20
150	verbrauchsmodell	verbrauchsmodell	verbrauchsmodell	verbrauchsmodell	verbrauchsmodell	verbrauchsmodell
151	problem	problem	problem	problem	problem	problem
152	verbrauchsmodell	verbrauchsmodell	verbrauchsmodell	verbrauchsmodell	verbrauchsmodell	verbrauchsmodell
153	startdatum	startdatum	startdatum	startdatum	startdatum	▁135
154	namespacen	namespacen	namespacen	namespacen	namespacen	namespacen
155	bereitstellung	einsatz	bereitstellung	einsatz	bereitstellung	▁47
156	aufgabe	aufgabe	aufgabe	aufgabe	aufgabe	▁75
157	raum	raum	raum	raum	raum	▁132
158	speicherplatz	raum	speicherplatz	raum	speicherplatz	▁132
159	verfügbaren kapazität	verfügbaren kapazität	verfügbaren kapazität	verfügbaren kapazität	verfügbaren kapazität	▁17
160	vertrag	vertrag	vertrag	vertrag	vertrag	vertrag
161	verlängerung	verlängerung	verlängerung	erneuern	verlängerung	▁113
162	datenanbieter	anbietet	datenanbieter	datenanbieter	datenanbieter	datenprovider
163	bereich	raum	bereich	raum	bereich	▁132
164	raum	raum	raum	raum	raum	▁132
165	erstellen	erstellen	erstellen	erstellen	erstellen	erstellen
166	datenbeschränken	datenbeschränkung	datenbeschränken	einschränkung	datenbeschränken	einschränkung
167	übertragen	übertragen	übertragen	übertragen	übertragen	übertragen
168	erneuern	verlängerung	erneuern	erneuern	erneuern	▁113
169	verbrauchsmodellen	verbrauchsmodell	verbrauchsmodellen	verbrauchsmodell	verbrauchsmodellen	verbrauchsmodell
170	raum	raum	raum	raum	raum	▁132
171	dienst	dienst	dienst	dienst	dienst	dienst
172	dienst	dienstleistung	dienst	anlegen	dienst	dienst
173	▔ertrat<sos>	referenzdaten	▔ertrat<sos>	referenzdaten	▔ertrat<sos>	▁108
174	element	element	element	artikel	element	artikel
175	speicherräumen	raum	speicherräumen	raum	speicherräumen	▁132
176	endnutzer	endnutzer	endnutzer	endnutzer	endnutzer	▁53
177	creator	creator	creator	creator	creator	creator
178	▔ertrat<sos>	▔ertrat<sos>	▔ertrat<sos>	▔ertrat<sos>	▔ertrat<sos>	▁64
179	thema	problem	thema	problem	thema	problem
180	panel	panel	panel	bildfeld	panel	▁92
181	monat	monat	monat	monat	monat	▁19
182	scripen	scripen	scripen	scripen	scripen	▁126
183	vorgenommenen	aktualisierung	vorgenommenen	aktualisierung	vorgenommenen	▁154
184	nachricht	nachricht	nachricht	nachricht	nachricht	nachricht
185	bereich	raum	bereich	raum	bereich	▁132
186	▔ertrat<sos>	▔ertrat<sos>	▔ertrat<sos>	▔ertrat<sos>	▔ertrat<sos>	▁152
187	▔ertrat<sos>	▔ertrat<sos>	▔ertrat<sos>	▔ertrat<sos>	▔ertrat<sos>	▁130
188	erstellen	erstellen	erstellen	erstellen	erstellen	erstellen
189	vertragsart	klauselart	vertragsart	algorithmus	vertragsart	art
190	nachricht	nachricht	nachricht	nachricht	nachricht	nachricht
191	bestellung	reihenfolge	bestellung	auftragskarte	bestellung	▁90
192	vorfall	vorfall	vorfall	vorfall	vorfall	▁68
193	sitzung	sitzung	sitzung	sitzung	sitzung	sitzung
194	zeitplan	keitplanungen	zeitplan	zeitplan	zeitplan	zeitplan
195	dokument	dokument	dokument	dokument	dokument	beleg
196	teil|teilen	keitplanungen	teil|teilen	zeitplan	teil|teilen	zeitplan
197	diagramm	diagramm	diagramm	diagramm	diagramm	diagramm
198	einschränkung	veröffentlichung	einschränkung	veröffentlichung	einschränkung	▁112
199	auswahltyp	klauselart	auswahltyp	algorithmus	auswahltyp	art
200	beleg	dokument	beleg	dokument	beleg	beleg
201	revision	überarbeitung	revision	revision	revision	▁119
202	anbieter	anbietet	anbieter	datenanbieter	anbieter	datenprovider
203	sendedatum	sendedatum	sendedatum	benachrichtigung	sendedatum	benachrichtigung
204	übertragen	übertragen	übertragen	übertragen	übertragen	übertragen
205	erstellen	erstellen	erstellen	erstellen	erstellen	erstellen
206	homepage	homepage	homepage	homepage	homepage	▁91
207	einschränkung	datenbeschränkung	einschränkung	einschränkung	einschränkung	einschränkung
208	genehmigung	genehmigung	genehmigung	genehmigung	genehmigung	▁3
209	konformitätsanfordern	anforderung	konformitätsanfordern	anforderung	konformitätsanfordern	▁36
210	aussicht	aussicht	aussicht	ansicht	aussicht	▁144
211	routing	routing	routing	methode	routing	▁121
212	speichertyp	speichertyp	speichertyp	speichertyp	speichertyp	speichertyp
213	kunde	analytiker	kunde	analytiker	kunde	▁30
214	überprüfen	überprüfen	überprüfen	planstellenbesetzungen	überprüfen	▁27
215	konsummodell	verbrauchsmodell	konsummodell	verbrauchsmodell	konsummodell	verbrauchsmodell
216	zeitplan	keitplanungen	zeitplan	zeitplan	zeitplan	zeitplan
217	▔ertrat<sos>	abfrage	▔ertrat<sos>	abfrage	▔ertrat<sos>	abfrage
218	speicherplatz	raum	speicherplatz	raum	speicherplatz	▁132
219	aufgabe	aufgabe	aufgabe	aufgabe	aufgabe	▁13
220	zuordnung	zuordnung	zuordnung	zuordnung	zuordnung	▁106
221	folgend	folgend	folgend	folgend	folgend	▁103
222	neu	neu	neu	arbeitspaket	neu	▁160
223	art	klauselart	art	algorithmus	art	art
224	artikel	element	artikel	artikel	artikel	artikel
225	aktion	aktion	aktion	aktion	aktion	aktion
226	aktion	schnell	aktion	aktion	aktion	aktion
227	keitplanungen	keitplanungen	keitplanungen	zeitplan	keitplanungen	zeitplan
228	erstellen	erstellen	erstellen	erstellen	erstellen	erstellen
229	intercompanyen	interkonzernen	intercompanyen	intercompanyen	intercompanyen	▁72
230	nutzung	nutzung	nutzung	nutzung	nutzung	nutzung
231	produktionsordner	produktionsordner	produktionsordner	produktionsordner	produktionsordner	▁2
232	produktionsordner	produktionsordner	produktionsordner	produktionsordner	produktionsordner	▁102
233	dokumentstatusen	dokumentstatusen	dokumentstatusen	dokumentstatusen	dokumentstatusen	dokumentstatusen
234	vorgang	vorgang	vorgang	vorgang	vorgang	▁10
235	flächen	raum	flächen	raum	flächen	▁132
236	übertragung	klauselart	übertragung	algorithmus	übertragung	art
237	position	position	position	position	position	▁98
238	periodenkarte	periodenkarte	periodenkarte	periodenkarte	periodenkarte	▁80
239	fehlerbehebung	fehlerbehebung	fehlerbehebung	fehlerbehebung	fehlerbehebung	fehlerbehebung
240	datenzugangsregelungen	datenzugangskontroll	datenzugangsregelungen	datenzugangskontroll	datenzugangsregelungen	▁6
241	wiederherstellen	wiederherstellen	wiederherstellen	wiederherstellen	wiederherstellen	▁116
242	echtzeit	echtzeit	echtzeit	echtzeit	echtzeit	▁93
243	aktualisieren	aktualisieren	aktualisieren	aktualisieren	aktualisieren	aktualisieren
244	akzeptieren	akzeptieren	akzeptieren	akzeptieren	akzeptieren	▁4
245	artikel	element	artikel	artikel	artikel	artikel
246	offenlegeng	offenlegeng	offenlegeng	offenlegeng	offenlegeng	▁50
247	anbieter	anbieter	anbieter	anbieter	anbieter	anbieter
248	aufgabe	aufgabe	aufgabe	aufgabe	aufgabe	aufgabe
249	freigeben	freigeben	freigeben	freigeben	freigeben	verarbeitung
250	rolle	rolle	rolle	rolle	rolle	▁32
251	symbol	symbol	symbol	symbol	symbol	symbol
252	standardmäßig	standardmäßig	standardmäßig	standardmäßig	standardmäßig	▁44
253	verkauf	verkauf	verkauf	verkauf	verkauf	verkauf
254	verkauf	verkauf	verkauf	verkauf	verkauf	verkauf
255	zufriedenheit	aufgabe	zufriedenheit	aufgabe	zufriedenheit	▁13
256	dokument	dokument	dokument	dokument	dokument	beleg
257	zahlungsmetheden	zahlungsmetheden	zahlungsmetheden	zahlungsmetheden	zahlungsmetheden	▁95
258	▔ertrat<sos>	▔ertrat<sos>	▔ertrat<sos>	▔ertrat<sos>	▔ertrat<sos>	▁133
259	materialgruppe	materialgruppe	materialgruppe	materialgruppe	materialgruppe	materialgruppe
260	persönlich datum	personenbezogen datum	persönlich datum	persönlich datum	persönlich datum	personenbezogen datum
261	bericht	berichtszeiten	bericht	bericht	bericht	bericht
262	wählen	überprüfen	wählen	planstellenbesetzungen	wählen	▁27
263	anforderung	anforderung	anforderung	anforderung	anforderung	▁36
264	ausgabe	ausgabe	ausgabe	ausgabe	ausgabe	▁125
265	anzeige	anzeige	anzeige	anzeige	anzeige	▁128
266	erstellen	erstellen	erstellen	erstellen	erstellen	erstellen
267	stornieren	stornieren	stornieren	stornieren	stornieren	▁23
268	unterschied	unterschied	unterschied	unterschied	unterschied	▁49
269	methode	routing	methode	methode	methode	▁121
270	benachrichtigung	sendedatum	benachrichtigung	benachrichtigung	benachrichtigung	benachrichtigung
271	überprüfung	überprüfung	überprüfung	überprüfung	überprüfung	▁158
272	folgend	folgend	folgend	folgend	folgend	▁61
273	aktion	aktion	aktion	aktion	aktion	aktion
274	aktion	schnell	aktion	aktion	aktion	aktion
275	hochladen	hochladen	hochladen	hochladen	hochladen	▁155
276	instandhaltungsplaner	instandhaltungsplaner	instandhaltungsplaner	instandhaltungsplaner	instandhaltungsplaner	▁83
277	zeitplan	keitplanungen	zeitplan	zeitplan	zeitplan	zeitplan
278	teilen	veröffentlich	teilen	teilen	teilen	teilen
279	übereinstimmung	übereinstimmung	übereinstimmung	matchprozentsatzen	übereinstimmung	▁96
280	produktzuweisungsmenge	bestätigungsmenge	produktzuweisungsmenge	bestätigungsmenge	produktzuweisungsmenge	▁12
281	anforderung	anforderung	anforderung	anforderung	anforderung	▁36
282	merkmal	merkmal	merkmal	merkmal	merkmal	▁156
283	erstellen	erstellen	erstellen	erstellen	erstellen	erstellen
284	historie	veröffentlichungsgeschichten	historie	geschichte	historie	▁67
285	einrichten	einrichten	einrichten	einrichten	einrichten	▁118
286	beend	element	beend	artikel	beend	artikel
287	▔ertrat<sos>	erstellen	▔ertrat<sos>	erstellen	▔ertrat<sos>	erstellen
288	avis	avis	avis	avis	avis	avis
289	folgend	folgend	folgend	folgend	folgend	▁61
290	dialog text	dialog text	dialog text	dialog text	dialog text	▁48
291	vertrag	vertrag	vertrag	vertrag	vertrag	vertrag
292	bericht	berichtszeiten	bericht	bericht	bericht	bericht
293	punkt	punkt	punkt	punkt	punkt	▁42
294	nebenfeld	▔ertrat<sos>	nebenfeld	▔ertrat<sos>	nebenfeld	▁130
295	platz	raum	platz	raum	platz	▁132
296	anfragezeitraum	anfragezeitraum	anfragezeitraum	anfragezeitraum	anfragezeitraum	▁63
297	▔ertrat<sos>	▔ertrat<sos>	▔ertrat<sos>	▔ertrat<sos>	▔ertrat<sos>	▁138
298	einsatz	einsatz	einsatz	einsatz	einsatz	▁47
299	erstellen	erstellen	erstellen	erstellen	erstellen	erstellen
300	dropdownlisen	klauselart	dropdownlisen	algorithmus	dropdownlisen	art
301	raum|räumen	raum	raum|räumen	raum	raum|räumen	▁132
302	verbindung	verbindung	verbindung	assoziation	verbindung	▁14
303	platz	raum	platz	raum	platz	▁132
304	erstellen	erstellen	erstellen	erstellen	erstellen	erstellen
305	vermögenswert	vermögenswert	vermögenswert	vermögenswert	vermögenswert	vermögenswert
306	beleg	beleg	beleg	beleg	beleg	▁29
307	anlegen	anlegen	anlegen	anlegen	anlegen	▁111
308	änderungstyp	änderungstyp	änderungstyp	änderungstyp	änderungstyp	▁25
309	änderungstyp	klauselart	änderungstyp	algorithmus	änderungstyp	art
310	erstellung	erstellen	erstellung	erstellen	erstellung	erstellen
311	land	anforderung	land	anforderung	land	▁36
312	kategorie	ergebniskategorie	kategorie	ergebniskategorie	kategorie	▁24
313	datenüberwachungen	datenzugangskontroll	datenüberwachungen	datenzugangskontroll	datenüberwachungen	▁6
314	benachrichtigung	sendedatum	benachrichtigung	benachrichtigung	benachrichtigung	benachrichtigung
315	▔ertrat<sos>	erstellen	▔ertrat<sos>	erstellen	▔ertrat<sos>	erstellen
316	speicher|speichern	raum	speicher|speichern	raum	speicher|speichern	▁132
317	beleg	dokument	beleg	dokument	beleg	beleg
318	anfrage	anfrage	anfrage	anfrage	anfrage	▁114
319	gruppenregeln	gruppenregeln	gruppenregeln	gruppenregeln	gruppenregeln	▁66
320	durchfahren|durchführen	durchfahren|durchführen	durchfahren|durchführen	durchfahren|durchführen	durchfahren|durchführen	▁56
321	vermögenswert	vermögenswert	vermögenswert	vermögenswert	vermögenswert	vermögenswert
322	aufgabe	aufgabe	aufgabe	aufgabe	aufgabe	▁13
323	benutzerdefiniert	benutzerdefiniert	benutzerdefiniert	anforderung	benutzerdefiniert	anforderung
324	angabe	angabe	angabe	angabe	angabe	▁33
325	verfahren	verfahren	verfahren	proceduren	verfahren	verfahren
326	erstellen	erstellen	erstellen	erstellen	erstellen	erstellen
327	kostenkomponents	kostenkomponents	kostenkomponents	kostenkomponents	kostenkomponents	▁40
328	problem	problem	problem	problem	problem	problem
329	sichern	abfrage	sichern	abfrage	sichern	abfrage
330	arbeitsablauf	arbeitsablauf	arbeitsablauf	arbeitsablauf	arbeitsablauf	▁161
331	erstellen	erstellen	erstellen	erstellen	erstellen	erstellen
332	löschen	löschen	löschen	funktionsumfangbeschreiben	löschen	▁124
333	speicher|speichern	raum	speicher|speichern	raum	speicher|speichern	▁132
334	zentralleiher	zentralleiher	zentralleiher	zentralleiher	zentralleiher	▁147
335	status	status	status	status	status	status
336	abschnitt	abschnitt	abschnitt	abschnitt	abschnitt	abschnitt
337	datenquellen	datenquellen	datenquellen	datenquellen	datenquellen	▁131
338	verpackunstufen	verpackunstufen	verpackunstufen	ebene	verpackunstufen	▁78
339	zieltabelle	erstellen	zieltabelle	erstellen	zieltabelle	erstellen
340	kartografierung	kartografierung	kartografierung	buchungskreisen	kartografierung	▁84
341	speicherorten	speicherorten	speicherorten	ort	speicherorten	▁81
342	klassifizierung	klassifizierung	klassifizierung	classification	klassifizierung	▁28
343	planungsvereinbarungen	planungsvereinbarungen	planungsvereinbarungen	dokumenttyp	planungsvereinbarungen	▁52
344	begriff	begriff	begriff	begriff	begriff	▁148
345	erstellen	erstellen	erstellen	erstellen	erstellen	erstellen
346	zeitplan	keitplanungen	zeitplan	zeitplan	zeitplan	zeitplan
347	bearbeiten	veröffentlichung	bearbeiten	veröffentlichung	bearbeiten	▁112
348	grenze	grenze	grenze	grenze	grenze	▁79
349	group	group	group	group	group	group
350	group	group	group	group	group	▁65
351	einkommensklassifikation	einkommensklassifikation	einkommensklassifikation	einkommensklassifikation	einkommensklassifikation	▁69
352	datenzugriffskontrollen	datenzugangskontroll	datenzugriffskontrollen	datenzugangskontroll	datenzugriffskontrollen	▁6
353	raum	raum	raum	raum	raum	▁132
354	einschränkung	datenbeschränkung	einschränkung	einschränkung	einschränkung	einschränkung
355	artikel	element	artikel	artikel	artikel	artikel
356	sichern	keitplanungen	sichern	zeitplan	sichern	zeitplan
357	eigentümer	eigentümer	eigentümer	eigentümer	eigentümer	eigentümer
358	sequenz	anzeige	sequenz	anzeige	sequenz	▁128
359	joint venturen	joint venturen	joint venturen	joint venturen	joint venturen	▁76
360	▔ertrat<sos>	▔ertrat<sos>	▔ertrat<sos>	▔ertrat<sos>	▔ertrat<sos>	▁0
361	▔ertrat<sos>	periodenkarte	▔ertrat<sos>	periodenkarte	▔ertrat<sos>	▁80
362	equipmentvorlage	equipmentvorlage	equipmentvorlage	equipmentvorlage	equipmentvorlage	▁146
363	aktualisierung	aktualisierung	aktualisierung	aktualisierung	aktualisierung	▁18
364	call	call	call	call	call	call
365	profiltypen	klauselart	profiltypen	algorithmus	profiltypen	art
366	projektmanager	projektmanager	projektmanager	projektmanager	projektmanager	▁104
367	anfordern	anfordern	anfordern	anfordern	anfordern	▁115
368	dokumentklasse	dokumentklasse	dokumentklasse	dokumentklasse	dokumentklasse	▁51
369	wählen	wählen	wählen	wählen	wählen	▁127
370	aktion	aktion	aktion	aktion	aktion	aktion
371	aktion	schnell	aktion	aktion	aktion	aktion
372	veraltet	veraltet	veraltet	veraltet	veraltet	▁86
373	sperre	veröffentlichung	sperre	veröffentlichung	sperre	▁112
374	audit	audit	audit	audit	audit	audit
375	▔ertrat<sos>	▔ertrat<sos>	▔ertrat<sos>	▔ertrat<sos>	▔ertrat<sos>	▁150
376	anwendung	anwendung	anwendung	anwendung	anwendung	▁9
377	bereich	raum	bereich	raum	bereich	▁132
378	abschnitt	abschnitt	abschnitt	abschnitt	abschnitt	abschnitt
379	operation	operation	operation	operation	operation	▁88
380	struktur	equipmentvorlage	struktur	equipmentvorlage	struktur	▁146
381	kennzeichen	kennzeichen	kennzeichen	kennzeichen	kennzeichen	▁100
382	nachricht	nachricht	nachricht	nachricht	nachricht	nachricht
383	übertragen	übertragen	übertragen	übertragen	übertragen	übertragen
384	planstellenbesetzungen	überprüfen	planstellenbesetzungen	planstellenbesetzungen	planstellenbesetzungen	▁27
385	anforderung	anforderung	anforderung	anforderung	anforderung	▁36
386	ausführen	ausführen	ausführen	ausführen	ausführen	▁122
387	▔ertrat<sos>	▔ertrat<sos>	▔ertrat<sos>	▔ertrat<sos>	▔ertrat<sos>	▁151
388	messenstell	messenstell	messenstell	messenstell	messenstell	▁153
389	projektmanager	projektmanager	projektmanager	projektmanager	projektmanager	▁104
390	anfordern	anfordern	anfordern	anfordern	anfordern	▁115
391	besetzen	besetzen	besetzen	besetzen	besetzen	▁134
392	verbindungsmöglichkeien	verbindungsmöglichkeien	verbindungsmöglichkeien	verbindungsmöglichkeien	verbindungsmöglichkeien	▁37
393	öffnen	öffnen	öffnen	öffnen	öffnen	▁87
394	erstellen	erstellen	erstellen	erstellen	erstellen	erstellen
395	raum	raum	raum	raum	raum	▁132
396	geschäftsnutzer	geschäftsnutzer	geschäftsnutzer	geschäftsnutzer	geschäftsnutzer	▁22
397	ort	speicherorten	ort	ort	ort	▁81
398	zahlungsdaten	zahlungsdaten	zahlungsdaten	zahlungsdaten	zahlungsdaten	▁94
399	verbrauchsmodellen	verbrauchsmodell	verbrauchsmodellen	verbrauchsmodell	verbrauchsmodellen	verbrauchsmodell
400	dokument	dokument	dokument	dokument	dokument	beleg
401	löschen	erstellen	löschen	erstellen	löschen	erstellen
402	▔ertrat<sos>	übertragen	▔ertrat<sos>	übertragen	▔ertrat<sos>	übertragen
403	navigieren	löschen	navigieren	funktionsumfangbeschreiben	navigieren	▁124
404	datum	klauselart	datum	algorithmus	datum	art
405	eigentumsinformation	eigentumsinformation	eigentumsinformation	eigentumsinformation	eigentumsinformation	▁105
406	ein	keitplanungen	ein	zeitplan	ein	zeitplan
407	anfrage	abfrage	anfrage	abfrage	anfrage	abfrage
408	assoziation	verbindung	assoziation	assoziation	assoziation	▁14
409	buchung	aktualisierung	buchung	aktualisierung	buchung	▁18
410	geschichte	veröffentlichungsgeschichten	geschichte	geschichte	geschichte	▁67
411	berichtsarbeit	berichtszeiten	berichtsarbeit	bericht	berichtsarbeit	bericht
412	objekt	geschäftsnamen	objekt	geschäftsnamen	objekt	▁21
413	erstellen	erstellen	erstellen	erstellen	erstellen	erstellen
414	anlegen	dienstleistung	anlegen	anlegen	anlegen	dienst
415	audit	audit	audit	audit	audit	audit
416	szenarienen	szenarienen	szenarienen	szenarienen	szenarienen	▁123
417	artikel	element	artikel	artikel	artikel	artikel
418	anzeige	anzeige	anzeige	anzeige	anzeige	anzeige
419	dokumenttyp	planungsvereinbarungen	dokumenttyp	dokumenttyp	dokumenttyp	▁52
420	bericht	berichtszeiten	bericht	bericht	bericht	bericht
421	paket	paket	paket	der	paket	paket
422	zugriff	zugriff	zugriff	zugriff	zugriff	zugriff
423	ursprung	ursprung	ursprung	ursprung	ursprung	ursprung
424	prognose	prognose	prognose	prognose	prognose	▁62
425	assen	vermögenswert	assen	vermögenswert	assen	vermögenswert
426	beamter	hauptindikator	beamter	beamter	beamter	▁70
427	merkmal	merkmal	merkmal	merkmal	merkmal	▁109
428	dokument	dokument	dokument	dokument	dokument	beleg
429	arbeitspaket	neu	arbeitspaket	arbeitspaket	arbeitspaket	▁160
430	erstellen	erstellen	erstellen	erstellen	erstellen	erstellen
431	artikel	element	artikel	artikel	artikel	artikel
432	zeitrahmen	zeitrahmen	zeitrahmen	zeitrahmen	zeitrahmen	▁149
433	bildfeld	panel	bildfeld	bildfeld	bildfeld	▁92
434	anlage	anlage	anlage	anlage	anlage	▁57
435	attributtyp	attributtyp	attributtyp	attributtyp	attributtyp	▁16
436	verbrauch	verbrauch	verbrauch	verbrauch	verbrauch	▁54
437	zeigtar	schicht	zeigtar	schicht	zeigtar	schicht
438	zeigtar	element	zeigtar	artikel	zeigtar	artikel
439	prüfen	verbindung	prüfen	▔ertrat<sos>	prüfen	▁38
440	der	paket	der	der	der	paket
441	x	nachricht	x	nachricht	x	nachricht
442	systemmeldung	nachricht	systemmeldung	nachricht	systemmeldung	nachricht
443	verarbeit	verarbeit	verarbeit	prozeß	verarbeit	▁101
444	befehlsverfüllangen	reihenfolge	befehlsverfüllangen	auftragskarte	befehlsverfüllangen	▁90
445	überwachung	überwachung	überwachung	überwachung	überwachung	überwachung
446	beschränkung	datenbeschränkung	beschränkung	einschränkung	beschränkung	einschränkung
447	erstellen	erstellen	erstellen	erstellen	erstellen	erstellen
448	hierarchie	klauselart	hierarchie	algorithmus	hierarchie	art
449	kontrollfeld	kontrollfeld	kontrollfeld	kontrollfeld	kontrollfeld	▁60
450	rohstoff	rohstoff	rohstoff	rohstoff	rohstoff	▁107
451	bewertung	bewertung	bewertung	bewertung	bewertung	bewertung
452	überprüfen	überprüfen	überprüfen	überprüfen	überprüfen	▁35
453	verarbeitung	freigeben	verarbeitung	freigeben	verarbeitung	verarbeitung
454	kontakt	kontakt	kontakt	kontakt	kontakt	kontakt
455	fertigung	veröffentlichung	fertigung	veröffentlichung	fertigung	▁112
456	gebenung	gebenung	gebenung	gebenung	gebenung	▁157
457	intercompanyen	interkonzernen	intercompanyen	intercompanyen	intercompanyen	▁72
458	erstellen	erstellen	erstellen	erstellen	erstellen	erstellen
459	persönlich datum	personenbezogen datum	persönlich datum	persönlich datum	persönlich datum	personenbezogen datum
460	relation	relation	relation	relation	relation	relation
461	ansicht	aussicht	ansicht	ansicht	ansicht	▁144
462	importieren	importieren	importieren	importieren	importieren	importieren
463	hinweis	hinweis	hinweis	hinweis	hinweis	hinweis
464	wählen	anwendung	wählen	anwendung	wählen	▁9
465	agent	agent	agent	agent	agent	agent
466	aussetzungen	aussetzungen	aussetzungen	aussetzungen	aussetzungen	▁143
467	schritt	speicherweisingen	schritt	schritt	schritt	▁8
468	folgend	folgend	folgend	anhang	folgend	▁15
469	auftragskarte	reihenfolge	auftragskarte	auftragskarte	auftragskarte	▁90
470	abonnementseiten	abonnementseiten	abonnementseiten	abonnementseiten	abonnementseiten	▁139
471	bestellanfordern	vertrag	bestellanfordern	vertrag	bestellanfordern	vertrag
472	classification	klassifizierung	classification	classification	classification	▁28
473	kunde	kunde	kunde	kunde	kunde	▁41
474	eigenschaft	eigenschaft	eigenschaft	eigenschaft	eigenschaft	▁26
475	beenden	beenden	beenden	beenden	beenden	beenden
476	markiertheit	verpackunstufen	markiertheit	ebene	markiertheit	▁78
477	zuordnetern	raum	zuordnetern	raum	zuordnetern	▁132
478	algorithmus	klauselart	algorithmus	algorithmus	algorithmus	art
479	zeitplan	keitplanungen	zeitplan	zeitplan	zeitplan	zeitplan
480	▔ertrat<sos>	kartografierung	▔ertrat<sos>	buchungskreisen	▔ertrat<sos>	▁84
481	leitfaden	leitfaden	leitfaden	leitfaden	leitfaden	▁89
482	lieferant	panel	lieferant	bildfeld	lieferant	▁92
483	jahr	einrichten	jahr	einrichten	jahr	▁118
484	buchungskreisen	kartografierung	buchungskreisen	buchungskreisen	buchungskreisen	▁84
485	anforderung	benutzerdefiniert	anforderung	anforderung	anforderung	anforderung
486	benachrichtigung	sendedatum	benachrichtigung	benachrichtigung	benachrichtigung	benachrichtigung
487	aktualisieren	aktualisieren	aktualisieren	aktualisieren	aktualisieren	aktualisieren
488	berechnungsschreiten	berechnungsschreiten	berechnungsschreiten	berechnungsschreiten	berechnungsschreiten	▁136
489	kontaktier	anbietet	kontaktier	datenanbieter	kontaktier	datenprovider
490	zeitplan	keitplanungen	zeitplan	zeitplan	zeitplan	zeitplan
491	seitenablatten	▔ertrat<sos>	seitenablatten	▔ertrat<sos>	seitenablatten	▁130
492	standard	klauselart	standard	algorithmus	standard	art
493	intercompanyen	interkonzernen	intercompanyen	intercompanyen	intercompanyen	▁72
494	bewertungsarten	bewertungsarten	bewertungsarten	bewertungsarten	bewertungsarten	▁55
495	feststellung	reihenfolge	feststellung	auftragskarte	feststellung	▁90
496	feststellung	feststellung	feststellung	feststellung	feststellung	▁59
497	abonnement	abonnement	abonnement	abonnement	abonnement	abonnement
498	wählen	wählen	wählen	wählen	wählen	▁127
499	erstellen	erstellen	erstellen	erstellen	erstellen	erstellen
500	standardwerten	standardwerten	standardwerten	standardwerten	standardwerten	▁45
501	artikel	element	artikel	artikel	artikel	artikel
502	bericht	berichtszeiten	bericht	bericht	bericht	bericht
503	proceduren	verfahren	proceduren	proceduren	proceduren	verfahren
504	aufgabe	aufgabe	aufgabe	aufgabe	aufgabe	aufgabe
505	kartierdatei	kartografierung	kartierdatei	buchungskreisen	kartierdatei	▁84
506	produktumfangen	löschen	produktumfangen	funktionsumfangbeschreiben	produktumfangen	▁124
507	gesamtzuordnungen	aufgabe	gesamtzuordnungen	aufgabe	gesamtzuordnungen	▁13
508	prozeß	verarbeit	prozeß	prozeß	prozeß	▁101
509	funktionsumfangbeschreiben	löschen	funktionsumfangbeschreiben	funktionsumfangbeschreiben	funktionsumfangbeschreiben	▁124
510	entität	verbrauchsmodell	entität	verbrauchsmodell	entität	verbrauchsmodell
511	anfrage	anfrage	anfrage	anfrage	anfrage	▁114
512	verwalten	verwalten	verwalten	substitution	verwalten	▁140
513	benötigtung	anforderung	benötigtung	anforderung	benötigtung	▁36
514	bericht	bericht	bericht	bericht	bericht	▁58
515	rechnung	zusammenfassung	rechnung	rechnung	rechnung	▁141
516	charset	charset	charset	charset	charset	▁129
517	werkersetzungen	verwalten	werkersetzungen	substitution	werkersetzungen	▁140
518	freigaberücknehme	berichtszeiten	freigaberücknehme	bericht	freigaberücknehme	bericht
519	erstellung	erstellen	erstellung	erstellen	erstellung	erstellen
520	substitution	verwalten	substitution	substitution	substitution	▁140
521	warnung	berichtszeiten	warnung	bericht	warnung	bericht
522	warnung	warnung	warnung	warnung	warnung	▁7
523	anhang	folgend	anhang	anhang	anhang	▁15
524	kunde	kunde	kunde	kunde	kunde	▁41
525	aufgabe	aufgabe	aufgabe	aufgabe	aufgabe	aufgabe
526	beispielfrage	abfrage	beispielfrage	abfrage	beispielfrage	abfrage
527	bestellauftragen	reihenfolge	bestellauftragen	auftragskarte	bestellauftragen	▁90
528	▔ertrat<sos>	▔ertrat<sos>	▔ertrat<sos>	▔ertrat<sos>	▔ertrat<sos>	▁145
529	bearbeiten	anlage	bearbeiten	anlage	bearbeiten	▁57
530	protokoll	protokoll	protokoll	protokoll	protokoll	▁82
531	protokoll	nachricht	protokoll	nachricht	protokoll	nachricht
532	ebene	verpackunstufen	ebene	ebene	ebene	▁78
533	nachricht	nachricht	nachricht	nachricht	nachricht	nachricht
534	kartierung	kartografierung	kartierung	buchungskreisen	kartierung	▁84
535	beendet	beendet	beendet	beendet	beendet	▁34
536	tabelle	▔ertrat<sos>	tabelle	tabelle	tabelle	tabelle
537	legen	beschränkung	legen	beschränkung	legen	▁39
538	anforderung	benutzerdefiniert	anforderung	anforderung	anforderung	anforderung
539	position	element	position	artikel	position	artikel
540	verwaltung	verwaltung	verwaltung	verwaltung	verwaltung	verwaltung
541	matchprozentsatzen	übereinstimmung	matchprozentsatzen	matchprozentsatzen	matchprozentsatzen	▁96
542	collaboration	collaboration	collaboration	collaboration	collaboration	▁31
