	tgt	pseudoref_first	tgt	pseudoref_frequent	tgt	pseudoref_predefined
0	containers	containers	containers	containers	containers	▁28
1	procesamiento paralelo	procesamiento paralelo	procesamiento paralelo	procesamiento paralelo	procesamiento paralelo	procesamiento paralelo
2	trabajo	trabajo	trabajo	trabajo	trabajo	tarea
3	informe	informe	informe	informe	informe	informe
4	medio	medio	medio	medio	medio	medio
5	elemento	elemento	elemento	elemento	elemento	elemento
6	explosión	explosión	explosión	explosión	explosión	▁42
7	añadir	añadir	añadir	agregar	añadir	agregar
8	▔	▁2	▔	rango	▔	intervalo
9	origen	origen	origen	origen	origen	▁78
10	plantilla	plantilla	plantilla	plantilla	plantilla	plantilla
11	federación	origen	federación	origen	federación	▁78
12	editar	editar	editar	editar	editar	editar
13	restablece	restablece	restablece	reinicia	restablece	restablecer
14	agregar	añadir	agregar	agregar	agregar	agregar
15	incidente	incidente	incidente	incidente	incidente	▁50
16	plantilla	plantilla	plantilla	plantilla	plantilla	plantilla
17	guardar	guardar	guardar	guardar	guardar	guardar
18	ignorar	ignorar	ignorar	cancelar	ignorar	ignorar
19	pestaña	pestaña	pestaña	pestaña	pestaña	pestaña
20	socio	socio	socio	socio	socio	socio
21	norma	norma	norma	norma	norma	▁71
22	reinicia	restablece	reinicia	reinicia	reinicia	restablecer
23	categoría	categoría	categoría	categoría	categoría	▁22
24	horario	horario	horario	horario	horario	programación
25	encabezado	editar	encabezado	editar	encabezado	editar
26	completar	completar	completar	completar	completar	completar
27	pausar	pausar	pausar	pausar	pausar	▁56
28	uso	uso	uso	usar	uso	usar
29	programación	horario	programación	horario	programación	programación
30	eliminar	eliminar	eliminar	eliminar	eliminar	eliminar
31	horario	horario	horario	horario	horario	programación
32	centro de trabajo	centro de trabajo	centro de trabajo	centro de trabajo	centro de trabajo	centro de trabajo
33	cliente	cliente	cliente	cliente	cliente	deudor
34	rango	▁2	rango	rango	rango	intervalo
35	entrega	entrega	entrega	entrega	entrega	entrega
36	procesamiento	procesamiento	procesamiento	procesamiento	procesamiento	procesamiento
37	upgrade	upgrade	upgrade	upgrade	upgrade	upgrade
38	pestaña	pestaña	pestaña	pestaña	pestaña	pestaña
39	patrón de repetición	patrón de repetición	patrón de repetición	patrón de repetición	patrón de repetición	patrón de repetición
40	público	público	público	público	público	público
41	programado	horario	programado	horario	programado	programación
42	guardar	guardar	guardar	guardar	guardar	guardar
43	predefinir	predefinir	predefinir	defecto	predefinir	predefinir
44	restablecer	restablece	restablecer	reinicia	restablecer	restablecer
45	reposición	reposición	reposición	reposición	reposición	▁69
46	pestaña	pestaña	pestaña	pestaña	pestaña	pestaña
47	plantilla	plantilla	plantilla	plantilla	plantilla	plantilla
48	procesar	procesar	procesar	procesar	procesar	procesar
49	trabajo	trabajo	trabajo	trabajo	trabajo	tarea
50	patrón de repetición	patrón de repetición	patrón de repetición	patrón de repetición	patrón de repetición	patrón de repetición
51	pestaña	pestaña	pestaña	pestaña	pestaña	pestaña
52	completo	completar	completo	completar	completo	completar
53	reportar	reportar	reportar	informe	reportar	informe
54	guardar como	guardar como	guardar como	guardar como	guardar como	guardar como
55	resultado de búsqueda	resultado de búsqueda	resultado de búsqueda	resultado de búsqueda	resultado de búsqueda	▁73
56	programado	horario	programado	horario	programado	programación
57	trabajo	trabajo	trabajo	trabajo	trabajo	tarea
58	cliente	cliente	cliente	cliente	cliente	deudor
59	patrón de repetición	patrón de repetición	patrón de repetición	patrón de repetición	patrón de repetición	patrón de repetición
60	suplente	suplente	suplente	suplente	suplente	suplente
61	revisión	revisión	revisión	revisión	revisión	revisión
62	función	función	función	función	función	función
63	cliente	cliente	cliente	cliente	cliente	deudor
64	llamada	llamada	llamada	llamada	llamada	▁21
65	pestaña	pestaña	pestaña	pestaña	pestaña	pestaña
66	replicación	replicación	replicación	replicación	replicación	replicación
67	bloqueado	bloqueado	bloqueado	bloqueado	bloqueado	▁75
68	cambio	cambio	cambio	cambio	cambio	▁24
69	eliminar	eliminar	eliminar	eliminar	eliminar	eliminar
70	añadir	añadir	añadir	agregar	añadir	agregar
71	asignación cuenta	asignación cuenta	asignación cuenta	asignación cuenta	asignación cuenta	▁5
72	socio	socio	socio	socio	socio	socio
73	socio	predefinir	socio	defecto	socio	predefinir
74	cancelar	ignorar	cancelar	cancelar	cancelar	ignorar
75	medida	medida	medida	medida	medida	indicador
76	operación	operación	operación	operación	operación	operación
77	deudor	cliente	deudor	cliente	deudor	deudor
78	total	total	total	total	total	▁67
79	encabezado	encabezado	encabezado	encabezado	encabezado	▁47
80	desempeño	desempeño	desempeño	desempeño	desempeño	▁57
81	lista de trabajo	lista de trabajo	lista de trabajo	lista de trabajo	lista de trabajo	lista de trabajo
82	procedimiento	procedimiento	procedimiento	tipo	procedimiento	tipo
83	pestaña	pestaña	pestaña	pestaña	pestaña	pestaña
84	horario	horario	horario	horario	horario	programación
85	lista de trabajo	lista de trabajo	lista de trabajo	lista de trabajo	lista de trabajo	lista de trabajo
86	agregar	añadir	agregar	agregar	agregar	agregar
87	asignación	asignación	asignación	asignación	asignación	▁8
88	página de perfil	página de perfil	página de perfil	página de perfil	página de perfil	página de perfil
89	asignación	asignación	asignación	asignación	asignación	▁8
90	socio	socio	socio	socio	socio	socio
91	incidente	incidente	incidente	incidente	incidente	▁50
92	consumo	consumo	consumo	consumo	consumo	▁27
93	asignación	asignación	asignación	asignación	asignación	▁8
94	conjunto	conjunto	conjunto	conjunto	conjunto	conjunto
95	información	información	información	información	información	▁48
96	eliminar	eliminar	eliminar	eliminar	eliminar	eliminar
97	clasificación	clasificación	clasificación	clasificación	clasificación	▁77
98	trabajo	trabajo	trabajo	trabajo	trabajo	tarea
99	cliente	cliente	cliente	cliente	cliente	cliente
100	informe	informe	informe	informe	informe	informe
101	trabajo	trabajo	trabajo	trabajo	trabajo	tarea
102	iniciar	iniciar	iniciar	iniciar	iniciar	iniciar
103	sector	procedimiento	sector	tipo	sector	tipo
104	socio	socio	socio	socio	socio	socio
105	defecto	predefinir	defecto	defecto	defecto	predefinir
106	usar	uso	usar	usar	usar	usar
107	cuota	cuota	cuota	cuota	cuota	▁43
108	confirmación servicio	confirmación servicio	confirmación servicio	confirmación de servicio	confirmación servicio	confirmación de servicio
109	asignación	asignación	asignación	asignación	asignación	▁8
110	cliente	cliente	cliente	cliente	cliente	deudor
111	elemento	elemento	elemento	elemento	elemento	elemento
112	incidente	incidente	incidente	incidente	incidente	▁50
113	▔	socio	▔	socio	▔	socio
114	grupo de tipo de producto	grupo de tipo de producto	grupo de tipo de producto	grupo de tipo de producto	grupo de tipo de producto	▁63
115	pestaña	pestaña	pestaña	pestaña	pestaña	pestaña
116	tipo de transacción	tipo de transacción	tipo de transacción	tipo de transacción	tipo de transacción	tipo de transacción
117	facturada	facturada	facturada	factura	facturada	▁13
118	problema	problema	problema	emisión	problema	problema
119	resultado	resultado	resultado	resultado	resultado	resultado
120	guardar	guardar	guardar	guardar	guardar	guardar
121	usar	uso	usar	usar	usar	usar
122	pestaña	pestaña	pestaña	pestaña	pestaña	pestaña
123	revisión	revisión	revisión	comprobar	revisión	verificar
124	contrato central	contrato central	contrato central	contrato central	contrato central	▁23
125	centro de trabajo	centro de trabajo	centro de trabajo	centro de trabajo	centro de trabajo	centro de trabajo
126	entrante	entrante	entrante	entrante	entrante	▁49
127	alcance	alcance	alcance	alcance	alcance	alcance
128	usar	uso	usar	usar	usar	usar
129	pestaña	pestaña	pestaña	pestaña	pestaña	pestaña
130	asignación	procedimiento	asignación	tipo	asignación	tipo
131	intercambio	intercambio	intercambio	intercambio	intercambio	▁76
132	necesidad	necesidad	necesidad	necesidad	necesidad	requisito
133	plantilla	plantilla	plantilla	plantilla	plantilla	plantilla
134	botón	botón	botón	botón	botón	▁20
135	tiempo	tiempo	tiempo	tiempo	tiempo	tiempo
136	programación	horario	programación	horario	programación	programación
137	origen	origen	origen	origen	origen	▁78
138	uso	uso	uso	uso	uso	uso
139	indicador	medida	indicador	medida	indicador	indicador
140	centro de trabajo	centro de trabajo	centro de trabajo	centro de trabajo	centro de trabajo	centro de trabajo
141	tipo	procedimiento	tipo	tipo	tipo	tipo
142	medida	medida	medida	medida	medida	indicador
143	plantilla	plantilla	plantilla	plantilla	plantilla	plantilla
144	progreso	progreso	progreso	completar	progreso	▁26
145	guardar	guardar	guardar	guardar	guardar	guardar
146	nombre comercial	nombre comercial	nombre comercial	nombre comercial	nombre comercial	▁16
147	pago anticipado	pago anticipado	pago anticipado	pago anticipado	pago anticipado	▁61
148	paso de proceso	paso de proceso	paso de proceso	paso de proceso	paso de proceso	paso de proceso
149	cronograma	horario	cronograma	horario	cronograma	programación
150	requisito	necesidad	requisito	necesidad	requisito	requisito
151	medida	medida	medida	medida	medida	indicador
152	verificar	revisión	verificar	comprobar	verificar	verificar
153	suplemento	suplemento	suplemento	suplemento	suplemento	▁80
154	procesamiento paralelo	procesamiento paralelo	procesamiento paralelo	procesamiento paralelo	procesamiento paralelo	procesamiento paralelo
155	socio	socio	socio	socio	socio	socio
156	desempeño	desempeño	desempeño	desempeño	desempeño	▁57
157	ejecutar	ejecutar	ejecutar	ejecutar	ejecutar	ejecutar
158	añadir	añadir	añadir	agregar	añadir	agregar
159	botón	botón	botón	botón	botón	▁20
160	comprobar	revisión	comprobar	comprobar	comprobar	verificar
161	lista de programación	lista de trabajo	lista de programación	lista de trabajo	lista de programación	lista de trabajo
162	socio	socio	socio	socio	socio	socio
163	sitio	sitio	sitio	sitio	sitio	sitio
164	impulsar	impulsar	impulsar	impulsar	impulsar	▁35
165	etapa de proceso	paso de proceso	etapa de proceso	paso de proceso	etapa de proceso	paso de proceso
166	afiliado sap	afiliado sap	afiliado sap	afiliado sap	afiliado sap	▁3
167	ventana	ventana	ventana	ventana	ventana	▁60
168	socio	socio	socio	socio	socio	socio
169	agregar	añadir	agregar	agregar	agregar	agregar
170	eliminar	eliminar	eliminar	eliminar	eliminar	eliminar
171	socio	socio	socio	socio	socio	socio
172	bloquear	bloquear	bloquear	bloquear	bloquear	bloquear
173	plantilla	plantilla	plantilla	plantilla	plantilla	plantilla
174	asignación	asignación	asignación	asignación	asignación	▁8
175	asignación	asignación	asignación	asignación	asignación	▁8
176	terminación	terminación	terminación	terminación	terminación	▁83
177	caso de uso	caso de uso	caso de uso	caso de uso	caso de uso	caso de uso
178	eliminar	eliminar	eliminar	eliminar	eliminar	eliminar
179	origen	origen	origen	origen	origen	▁78
180	rango	▁2	rango	rango	rango	intervalo
181	paso de proceso	paso de proceso	paso de proceso	paso de proceso	paso de proceso	paso de proceso
182	defecto	predefinir	defecto	defecto	defecto	predefinir
183	conjunto de posición	conjunto de posición	conjunto de posición	conjunto de posición	conjunto de posición	conjunto de posición
184	explosión	explosión	explosión	explosión	explosión	▁42
185	pestaña	pestaña	pestaña	pestaña	pestaña	pestaña
186	lista de programación	lista de trabajo	lista de programación	lista de trabajo	lista de programación	lista de trabajo
187	lista de trabajo	lista de trabajo	lista de trabajo	lista de trabajo	lista de trabajo	lista de trabajo
188	responsable de tratamiento	responsable de tratamiento	responsable de tratamiento	responsable de tratamiento	responsable de tratamiento	responsable de tratamiento
189	aplicación cliente	aplicación cliente	aplicación cliente	aplicación cliente	aplicación cliente	aplicación cliente
190	tipo de vista	tipo de vista	tipo de vista	tipo de vista	tipo de vista	▁86
191	guardar	guardar	guardar	guardar	guardar	guardar
192	trabajo	trabajo	trabajo	trabajo	trabajo	tarea
193	medida	medida	medida	medida	medida	indicador
194	plantilla	plantilla	plantilla	plantilla	plantilla	plantilla
195	asignación	asignación	asignación	asignación	asignación	▁8
196	etapa	etapa	etapa	etapa	etapa	▁79
197	asignación	asignación	asignación	asignación	asignación	▁8
198	centro de trabajo	centro de trabajo	centro de trabajo	centro de trabajo	centro de trabajo	centro de trabajo
199	eliminar	eliminar	eliminar	eliminar	eliminar	▁68
200	agregar	añadir	agregar	agregar	agregar	agregar
201	actividad comercial	actividad comercial	actividad comercial	actividad comercial	actividad comercial	▁14
202	agregar	añadir	agregar	agregar	agregar	agregar
203	socio	socio	socio	socio	socio	socio
204	adquisición	adquisición	adquisición	adquisición	adquisición	▁6
205	plantilla	plantilla	plantilla	plantilla	plantilla	plantilla
206	elemento	elemento	elemento	elemento	elemento	elemento
207	clase	clase	clase	clase	clase	clase
208	inventario	inventario	inventario	inventario	inventario	▁51
209	pestaña	pestaña	pestaña	pestaña	pestaña	pestaña
210	tiempo	tiempo	tiempo	tiempo	tiempo	tiempo
211	▔	▁0	▔	▁	▔	▁33
212	launchpad	launchpad	launchpad	launchpad	launchpad	▁52
213	actualización	actualización	actualización	actualización	actualización	▁85
214	elemento	elemento	elemento	elemento	elemento	elemento
215	centro de trabajo	centro de trabajo	centro de trabajo	centro de trabajo	centro de trabajo	centro de trabajo
216	defecto	predefinir	defecto	defecto	defecto	predefinir
217	guardar	guardar	guardar	guardar	guardar	guardar
218	tipo	procedimiento	tipo	tipo	tipo	tipo
219	▔	intercambio	▔	intercambio	▔	▁76
220	plantilla	plantilla	plantilla	plantilla	plantilla	plantilla
221	mosaico	guardar como	mosaico	guardar como	mosaico	guardar como
222	pestaña	pestaña	pestaña	pestaña	pestaña	pestaña
223	bloqueado	bloqueado	bloqueado	bloqueado	bloqueado	▁75
224	plantilla de rol	plantilla de rol	plantilla de rol	modelo de rol	plantilla de rol	plantilla de rol
225	plantilla	plantilla	plantilla	plantilla	plantilla	plantilla
226	elemento	elemento	elemento	elemento	elemento	elemento
227	agregar	añadir	agregar	agregar	agregar	agregar
228	uso	uso	uso	uso	uso	uso
229	punto final	punto final	punto final	endpoint	punto final	punto final
230	eliminar	eliminar	eliminar	eliminar	eliminar	eliminar
231	recuperación	recuperación	recuperación	recuperación	recuperación	▁70
232	organización de servicio	organización de servicio	organización de servicio	organización de servicio	organización de servicio	▁74
233	colección	colección	colección	colección	colección	recopilación
234	conjunto de posición	conjunto de posición	conjunto de posición	conjunto de posición	conjunto de posición	conjunto de posición
235	filtro	filtro	filtro	filtro	filtro	▁44
236	horario	horario	horario	horario	horario	programación
237	predeterminado	predefinir	predeterminado	defecto	predeterminado	predefinir
238	modelo	plantilla	modelo	plantilla	modelo	plantilla
239	unión	unión	unión	unión	unión	unión
240	ejecución	ejecución	ejecución	ejecución	ejecución	▁72
241	patrón de repetición	patrón de repetición	patrón de repetición	patrón de repetición	patrón de repetición	patrón de repetición
242	declaración	declaración	declaración	cuenta	declaración	declaración
243	función	función	función	función	función	función
244	ajuste	ajuste	ajuste	ajuste	ajuste	▁7
245	repositorio	repositorio	repositorio	repositorio	repositorio	▁54
246	guardar	guardar	guardar	guardar	guardar	guardar
247	usar	uso	usar	usar	usar	usar
248	cuenta	declaración	cuenta	cuenta	cuenta	declaración
249	consumo	consumo	consumo	consumo	consumo	▁27
250	asignación	asignación	asignación	asignación	asignación	▁8
251	replicación	replicación	replicación	replicación	replicación	replicación
252	aprobación	aprobación	aprobación	aprobación	aprobación	▁9
253	aprobación	aprobación	aprobación	aprobación	aprobación	▁0
254	transferencia	transferencia	transferencia	transferencia	transferencia	transferencia
255	pestaña	pestaña	pestaña	pestaña	pestaña	pestaña
256	versión de producción	versión de producción	versión de producción	versión de producción	versión de producción	versión de producción
257	replicación	replicación	replicación	replicación	replicación	replicación
258	estado	bloqueado	estado	bloqueado	estado	▁75
259	informe	reportar	informe	informe	informe	informe
260	utilizar	uso	utilizar	usar	utilizar	usar
261	guardar	guardar	guardar	guardar	guardar	guardar
262	paso	paso	paso	paso	paso	paso
263	propósito	propósito	propósito	propósito	propósito	propósito
264	contrato de cantidad	contrato de cantidad	contrato de cantidad	contrato de cantidad	contrato de cantidad	▁66
265	completar	progreso	completar	completar	completar	▁26
266	plantilla	plantilla	plantilla	plantilla	plantilla	plantilla
267	aprobación	aprobación	aprobación	aprobación	aprobación	▁9
268	aprobación	aprobación	aprobación	aprobación	aprobación	▁0
269	emisión	problema	emisión	emisión	emisión	problema
270	informe	informe	informe	informe	informe	informe
271	pestaña	pestaña	pestaña	pestaña	pestaña	pestaña
272	pestaña	pestaña	pestaña	pestaña	pestaña	pestaña
273	socio	socio	socio	socio	socio	socio
274	red	red	red	red	red	red
275	socio	socio	socio	socio	socio	socio
276	editar	editar	editar	editar	editar	editar
277	plantilla	plantilla	plantilla	plantilla	plantilla	plantilla
278	eliminar	eliminar	eliminar	eliminar	eliminar	eliminar
279	acerca	acerca	acerca	sobre	acerca	▁4
280	socio	socio	socio	socio	socio	socio
281	rol	rol	rol	rol	rol	rol
282	plantilla	plantilla	plantilla	plantilla	plantilla	plantilla
283	gestión de desempeño	gestión de desempeño	gestión de desempeño	gestión de desempeño	gestión de desempeño	▁58
284	cuenta contrato	cuenta contrato	cuenta contrato	cuenta contrato	cuenta contrato	▁30
285	guardar	guardar	guardar	guardar	guardar	guardar
286	tipo	procedimiento	tipo	tipo	tipo	tipo
287	editar	editar	editar	editar	editar	editar
288	plantilla	plantilla	plantilla	plantilla	plantilla	plantilla
289	tipo impositivo	tipo impositivo	tipo impositivo	tipo impositivo	tipo impositivo	▁81
290	uso	uso	uso	uso	uso	uso
291	aprobación	aprobación	aprobación	aprobación	aprobación	▁9
292	aprobación	aprobación	aprobación	aprobación	aprobación	▁0
293	contenido empresarial	contenido empresarial	contenido empresarial	contenido empresarial	contenido empresarial	contenido empresarial
294	procesamiento masivo	procesamiento masivo	procesamiento masivo	procesamiento masivo	procesamiento masivo	▁55
295	programación	horario	programación	horario	programación	programación
296	tarea	trabajo	tarea	trabajo	tarea	tarea
297	destino	destino	destino	destino	destino	destino
298	modelo de rol	plantilla de rol	modelo de rol	modelo de rol	modelo de rol	plantilla de rol
299	programar	horario	programar	horario	programar	programación
300	compra	compra	compra	compra	compra	▁2
301	sobre	acerca	sobre	sobre	sobre	▁4
302	socio	socio	socio	socio	socio	socio
303	conjunto de posición	conjunto de posición	conjunto de posición	conjunto de posición	conjunto de posición	conjunto de posición
304	pestaña	pestaña	pestaña	pestaña	pestaña	pestaña
305	despliegue	despliegue	despliegue	despliegue	despliegue	despliegue
306	pausar	pausar	pausar	pausar	pausar	▁56
307	evaluación	evaluación	evaluación	evaluación	evaluación	evaluación
308	iflows	iflows	iflows	flujo	iflows	flujo
309	agregar	agregar	agregar	agregar	agregar	agregar
310	agregar	añadir	agregar	agregar	agregar	agregar
311	tipo de transacción	tipo de transacción	tipo de transacción	tipo de transacción	tipo de transacción	tipo de transacción
312	guardar	guardar	guardar	guardar	guardar	guardar
313	diseño	diseño	diseño	diseño	diseño	▁53
314	guardar	guardar	guardar	guardar	guardar	guardar
315	envío	envío	envío	envío	envío	envío
316	rol	rol	rol	rol	rol	rol
317	tipo	procedimiento	tipo	tipo	tipo	tipo
318	elemento	elemento	elemento	elemento	elemento	elemento
319	plantilla	plantilla	plantilla	plantilla	plantilla	plantilla
320	plantilla	plantilla	plantilla	plantilla	plantilla	plantilla
321	endpoint	punto final	endpoint	endpoint	endpoint	punto final
322	calendario	horario	calendario	horario	calendario	programación
323	red	red	red	red	red	▁46
324	efecto	añadir	efecto	agregar	efecto	agregar
325	recepción de mercancía	recepción de mercancía	recepción de mercancía	recepción de mercancía	recepción de mercancía	▁45
326	paso	paso	paso	paso	paso	paso
327	envío	envío	envío	envío	envío	envío
328	tipo	procedimiento	tipo	tipo	tipo	tipo
329	tipo	procedimiento	tipo	tipo	tipo	tipo
330	programaciones	horario	programaciones	horario	programaciones	programación
331	claves	pestaña	claves	pestaña	claves	pestaña
332	socio	socio	socio	socio	socio	socio
333	calificación	calificación	calificación	calificación	calificación	calificación
334	socio	socio	socio	socio	socio	socio
335	dibujo	dibujo	dibujo	dibujo	dibujo	▁39
336	eliminar	eliminar	eliminar	eliminar	eliminar	eliminar
337	socio	socio	socio	socio	socio	socio
338	factura	facturada	factura	factura	factura	▁13
339	centro de trabajo	centro de trabajo	centro de trabajo	centro de trabajo	centro de trabajo	centro de trabajo
340	pestaña	pestaña	pestaña	pestaña	pestaña	pestaña
341	informe	informe	informe	informe	informe	informe
342	pestaña	pestaña	pestaña	pestaña	pestaña	pestaña
343	editar	editar	editar	editar	editar	editar
344	socio	socio	socio	socio	socio	socio
345	socio	socio	socio	socio	socio	socio
346	socio	socio	socio	socio	socio	socio
347	▔	▁1	▔	operación	▔	▁37
348	socio	socio	socio	socio	socio	socio
349	recepción de mercancía	recepción de mercancía	recepción de mercancía	recepción de mercancía	recepción de mercancía	▁45
350	pestaña	pestaña	pestaña	pestaña	pestaña	pestaña
351	flujo	iflows	flujo	flujo	flujo	flujo
352	deseleccionar	deseleccionar	deseleccionar	deseleccionar	deseleccionar	▁36
353	eliminar	eliminar	eliminar	eliminar	eliminar	eliminar
354	pestaña	pestaña	pestaña	pestaña	pestaña	pestaña
355	requerimiento	necesidad	requerimiento	necesidad	requerimiento	requisito
356	cuota	cuota	cuota	cuota	cuota	cuota
357	añadir	añadir	añadir	agregar	añadir	agregar
358	medida	medida	medida	medida	medida	indicador
359	pestaña	pestaña	pestaña	pestaña	pestaña	pestaña
360	eliminar	eliminar	eliminar	eliminar	eliminar	eliminar
361	socio	socio	socio	socio	socio	socio
362	tarjeta	editar	tarjeta	editar	tarjeta	editar
363	agregar	añadir	agregar	agregar	agregar	agregar
364	pool	procedimiento	pool	tipo	pool	tipo
365	añadir	botón	añadir	botón	añadir	▁20
366	socio	socio	socio	socio	socio	socio
367	informe	reportar	informe	informe	informe	informe
368	informe	informe	informe	informe	informe	informe
369	extensión	extensión	extensión	extensión	extensión	extensión
370	operación	▁1	operación	operación	operación	▁37
371	eliminar	eliminar	eliminar	eliminar	eliminar	eliminar
372	procesamiento masivo	procesamiento masivo	procesamiento masivo	procesamiento masivo	procesamiento masivo	▁55
373	unidad negocio	unidad negocio	unidad negocio	unidad negocio	unidad negocio	▁19
374	medida	medida	medida	medida	medida	indicador
375	pestaña	pestaña	pestaña	pestaña	pestaña	pestaña
376	resetear	restablece	resetear	reinicia	resetear	restablecer
377	completar	completar	completar	completar	completar	completar
378	vencimiento	vencimiento	vencimiento	vencimiento	vencimiento	vencimiento
379	contrato	contrato	contrato	contrato	contrato	▁29
380	uso	uso	uso	uso	uso	uso
381	mover	mover	mover	mover	mover	mover
382	suministrar	suministrar	suministrar	suministrar	suministrar	suministrar
383	paso	paso	paso	paso	paso	paso
384	aprobación	aprobación	aprobación	aprobación	aprobación	▁9
385	aprobación	aprobación	aprobación	aprobación	aprobación	▁0
386	uso	uso	uso	usar	uso	usar
387	eliminar	eliminar	eliminar	eliminar	eliminar	eliminar
388	ubicación comercial	ubicación comercial	ubicación comercial	ubicación comercial	ubicación comercial	▁15
389	sobre	acerca	sobre	sobre	sobre	▁4
390	pestaña	pestaña	pestaña	pestaña	pestaña	pestaña
391	informe	informe	informe	informe	informe	informe
392	defecto	predefinir	defecto	defecto	defecto	predefinir
393	puesto	trabajo	puesto	trabajo	puesto	tarea
394	alcance	alcance	alcance	alcance	alcance	alcance
395	guardar	guardar	guardar	guardar	guardar	guardar
396	informe	informe	informe	informe	informe	informe
397	guardar	guardar	guardar	guardar	guardar	guardar
398	agregar	añadir	agregar	agregar	agregar	agregar
399	trabajo	trabajo	trabajo	trabajo	trabajo	tarea
400	mostrar	mostrar	mostrar	mostrar	mostrar	mostrar
401	▔	uso	▔	usar	▔	usar
402	guardar	guardar	guardar	guardar	guardar	guardar
403	guardar	guardar	guardar	guardar	guardar	guardar
404	elemento	elemento	elemento	elemento	elemento	elemento
405	despliegue	despliegue	despliegue	despliegue	despliegue	despliegue
406	medida	medida	medida	medida	medida	indicador
407	administración	administración	administración	administración	administración	administración
408	socio	socio	socio	socio	socio	socio
409	▔	socio	▔	socio	▔	socio
410	socio	socio	socio	socio	socio	socio
411	promedio	medio	promedio	medio	promedio	medio
412	socio	socio	socio	socio	socio	socio
413	medida	medida	medida	medida	medida	indicador
414	data warehouse	data warehouse	data warehouse	data warehouse	data warehouse	▁32
415	recopilación	colección	recopilación	colección	recopilación	recopilación
416	ítem	elemento	ítem	elemento	ítem	elemento
417	eliminar	eliminar	eliminar	eliminar	eliminar	▁68
418	calificación	calificación	calificación	calificación	calificación	calificación
419	recuadro	recuadro	recuadro	recuadro	recuadro	▁84
420	por defecto	predefinir	por defecto	defecto	por defecto	predefinir
421	clasificatorio	clasificatorio	clasificatorio	clasificatorio	clasificatorio	▁65
422	eliminar	eliminar	eliminar	eliminar	eliminar	eliminar
423	pestaña	pestaña	pestaña	pestaña	pestaña	pestaña
424	rol	rol	rol	rol	rol	rol
425	socio	socio	socio	socio	socio	socio
426	editar	editar	editar	editar	editar	editar
427	pestaña	pestaña	pestaña	pestaña	pestaña	pestaña
428	enlace	enlace	enlace	enlace	enlace	enlace
429	origen	origen	origen	origen	origen	▁78
430	tipo	procedimiento	tipo	tipo	tipo	tipo
431	eliminación	eliminación	eliminación	eliminación	eliminación	▁41
432	enlace	enlace	enlace	enlace	enlace	enlace
433	control	control	control	control	control	▁31
434	pestaña	pestaña	pestaña	pestaña	pestaña	pestaña
435	socio	socio	socio	socio	socio	socio
436	parámetro	bloqueado	parámetro	bloqueado	parámetro	▁75
437	informe	informe	informe	informe	informe	informe
438	beneficio	beneficio	beneficio	beneficio	beneficio	▁12
439	regla comercial	regla comercial	regla comercial	regla comercial	regla comercial	▁18
440	socio	socio	socio	socio	socio	socio
441	pestaña	pestaña	pestaña	pestaña	pestaña	pestaña
442	añadir	añadir	añadir	agregar	añadir	agregar
443	socio	socio	socio	socio	socio	socio
444	emitir	problema	emitir	emisión	emitir	problema
445	asociado	socio	asociado	socio	asociado	socio
446	asociado	procedimiento	asociado	tipo	asociado	tipo
447	pestaña	pestaña	pestaña	pestaña	pestaña	pestaña
448	socio	socio	socio	socio	socio	socio
449	socio	socio	socio	socio	socio	socio
450	explosión	explosión	explosión	explosión	explosión	▁42
451	completar	completar	completar	completar	completar	completar
452	propósito	propósito	propósito	propósito	propósito	propósito
453	cargo empresa	cargo empresa	cargo empresa	cargo empresa	cargo empresa	▁25
454	socios	socio	socios	socio	socios	socio
455	uso	uso	uso	uso	uso	uso
456	plantilla	plantilla	plantilla	plantilla	plantilla	plantilla
457	mejora	mejora	mejora	mejora	mejora	mejora
458	objetivo	destino	objetivo	destino	objetivo	destino
459	intervalo	▁2	intervalo	rango	intervalo	intervalo
460	proceso	iflows	proceso	flujo	proceso	flujo
461	plantilla de proceso	plantilla de proceso	plantilla de proceso	plantilla de proceso	plantilla de proceso	▁62
462	beneficios	beneficio	beneficios	beneficio	beneficios	▁12
463	tarifa	tarifa	tarifa	tarifa	tarifa	tarifa
464	calendario	horario	calendario	horario	calendario	programación
465	eliminar	eliminar	eliminar	eliminar	eliminar	eliminar
466	entidad empresarial	entidad empresarial	entidad empresarial	entidad empresarial	entidad empresarial	entidad empresarial
467	sitio	sitio	sitio	sitio	sitio	sitio
468	compra	compra	compra	compra	compra	▁2
469	estado de aprobación	estado de aprobación	estado de aprobación	estado de aprobación	estado de aprobación	▁10
470	aprobación	aprobación	aprobación	aprobación	aprobación	▁0
471	trabajo	trabajo	trabajo	trabajo	trabajo	tarea
472	caso de uso	caso de uso	caso de uso	caso de uso	caso de uso	caso de uso
473	calendario	horario	calendario	horario	calendario	programación
474	término	término	término	término	término	término
475	socio	socio	socio	socio	socio	socio
476	plantilla	plantilla	plantilla	plantilla	plantilla	plantilla
477	guardar	guardar	guardar	guardar	guardar	guardar
478	pausar	pausar	pausar	pausar	pausar	▁56
479	tipo	tipo	tipo	tipo	tipo	▁34
480	informante	reportar	informante	informe	informante	informe
481	socio	socio	socio	socio	socio	socio
482	empleo	trabajo	empleo	trabajo	empleo	tarea
483	socio	socio	socio	socio	socio	socio
484	evaluación	evaluación	evaluación	evaluación	evaluación	evaluación
485	tipo	procedimiento	tipo	tipo	tipo	tipo
486	cobro	cobro	cobro	cobro	cobro	▁40
487	cobro	cobro	cobro	cobro	cobro	▁1
488	duración	tiempo	duración	tiempo	duración	tiempo
489	plantilla	plantilla	plantilla	plantilla	plantilla	plantilla
490	modelo	plantilla	modelo	plantilla	modelo	plantilla
491	miembro	miembro	miembro	miembro	miembro	miembro
492	tipo de plantilla	tipo de plantilla	tipo de plantilla	tipo de plantilla	tipo de plantilla	▁82
493	cambio	cambio	cambio	cambio	cambio	▁24
494	añadir	añadir	añadir	agregar	añadir	agregar
495	predeterminado	predefinir	predeterminado	defecto	predeterminado	predefinir
496	comentario	comentario	comentario	comentario	comentario	comentario
497	procesamiento masivo	procesamiento masivo	procesamiento masivo	procesamiento masivo	procesamiento masivo	▁55
498	plantilla	plantilla	plantilla	plantilla	plantilla	plantilla
499	pedir de producción	pedir de producción	pedir de producción	pedir de producción	pedir de producción	▁64
500	ítems	elemento	ítems	elemento	ítems	elemento
501	bloqueo	bloquear	bloqueo	bloquear	bloqueo	bloquear
502	ejecutar	ejecutar	ejecutar	ejecutar	ejecutar	ejecutar
503	ubicación negocio	ubicación comercial	ubicación negocio	ubicación comercial	ubicación negocio	▁15
504	ejecutar	ejecutar	ejecutar	ejecutar	ejecutar	ejecutar
505	programar	horario	programar	horario	programar	programación
506	pestaña	pestaña	pestaña	pestaña	pestaña	pestaña
507	guardar	guardar	guardar	guardar	guardar	guardar
508	eliminar	eliminar	eliminar	eliminar	eliminar	eliminar
509	agregar	añadir	agregar	agregar	agregar	agregar
510	fijación	fijación	fijación	fijación	fijación	fijación
511	lista desplegable	lista desplegable	lista desplegable	lista desplegable	lista desplegable	▁59
512	anexo	anexo	anexo	anexo	anexo	▁11
513	anexo	anexo	anexo	anexo	anexo	▁11
514	aplicación	uso	aplicación	usar	aplicación	usar
515	código de mostrar	código de mostrar	código de mostrar	código de mostrar	código de mostrar	código de mostrar
516	plantilla	plantilla	plantilla	plantilla	plantilla	plantilla
517	pestaña	pestaña	pestaña	pestaña	pestaña	pestaña
518	programa	horario	programa	horario	programa	programación
519	pestaña	pestaña	pestaña	pestaña	pestaña	pestaña
520	▔	pestaña	▔	pestaña	▔	pestaña
521	socio	socio	socio	socio	socio	socio
522	agente	agente	agente	agente	agente	agente
523	tipo de documento	tipo de documento	tipo de documento	tipo de documento	tipo de documento	▁38
524	contrato	procedimiento	contrato	tipo	contrato	tipo
525	socio de negocio	socio de negocio	socio de negocio	socio de negocio	socio de negocio	▁17
526	grupo de autorización	grupo de autorización	grupo de autorización	grupo de autorización	grupo de autorización	grupo de autorización
527	realizar	ejecutar	realizar	ejecutar	realizar	ejecutar
528	eliminar	eliminar	eliminar	eliminar	eliminar	eliminar
529	socio	socio	socio	socio	socio	socio
530	▔	aprobación	▔	aprobación	▔	▁9
531	aprobación	aprobación	aprobación	aprobación	aprobación	▁0
532	eliminar	eliminar	eliminar	eliminar	eliminar	eliminar
533	confirmación de servicio	confirmación servicio	confirmación de servicio	confirmación de servicio	confirmación de servicio	confirmación de servicio
534	plantilla	plantilla	plantilla	plantilla	plantilla	plantilla
535	guardar	guardar	guardar	guardar	guardar	guardar
536	socios	socio	socios	socio	socios	socio
537	diseño	diseño	diseño	diseño	diseño	▁53
