	tgt	pseudoref_first	tgt	pseudoref_frequent	tgt	pseudoref_predefined
0	панель	панель	панель	панель	панель	▁64
1	контракт	контракт	контракт	контракт	контракт	договор
2	тип	тип	тип	тип	тип	вид
3	доход	доход	доход	доход	доход	▁82
4	обновление	обновление	обновление	обновить	обновление	обновить
5	промежуток	промежуток	промежуток	диапазон	промежуток	▁71
6	поставщик	поставщик	поставщик	поставщик	поставщик	поставщик
7	поставщик	поставщик	поставщик	поставщик	поставщик	поставщик
8	переход	переход	переход	переход	переход	▁17
9	тип	тип	тип	тип	тип	вид
10	входной	входной	входной	входной	входной	▁52
11	тип	тип	тип	тип	тип	вид
12	тип	тип	тип	тип	тип	вид
13	цель	цель	цель	назначение	цель	назначение
14	тип	тип	тип	тип	тип	вид
15	тип	тип	тип	тип	тип	вид
16	публичный	публичный	публичный	публичный	публичный	▁70
17	поставщик	поставщик	поставщик	поставщик	поставщик	поставщик
18	вход	входной	вход	входной	вход	▁52
19	тип	тип	тип	тип	тип	вид
20	отложить	отложить	отложить	отложить	отложить	▁67
21	поставщик	поставщик	поставщик	поставщик	поставщик	поставщик
22	норматив	норматив	норматив	норматив	норматив	▁73
23	поставщик	поставщик	поставщик	поставщик	поставщик	поставщик
24	значение	входной	значение	входной	значение	▁52
25	вывод	вывод	вывод	вывод	вывод	вывод
26	▔	▁0	▔	▁0	▔	▁14
27	взрыв	взрыв	взрыв	взрыв	взрыв	▁44
28	ассоциация	ассоциация	ассоциация	ассоциация	ассоциация	▁12
29	группировка	группировка	группировка	группа	группировка	группа
30	▔	тип	▔	тип	▔	вид
31	договор	контракт	договор	контракт	договор	договор
32	область	область	область	область	область	▁86
33	add-on	add-on	add-on	add-on	add-on	▁7
34	▔	▁4	▔	сопоставление	▔	сопоставление
35	свод	свод	свод	сводка	свод	сводка
36	глобальный валюта	глобальный валюта	глобальный валюта	глобальный валюта	глобальный валюта	▁47
37	место	место	место	пространство	место	пространство
38	редактировать	редактировать	редактировать	редактировать	редактировать	редактировать
39	пространство	место	пространство	пространство	пространство	пространство
40	график	график	график	расписание	график	запланировать
41	дать	входной	дать	входной	дать	▁52
42	лист учёт услуга	лист учёт услуга	лист учёт услуга	лист учёт услуга	лист учёт услуга	▁88
43	поставщик	поставщик	поставщик	поставщик	поставщик	поставщик
44	поставщик	поставщик	поставщик	поставщик	поставщик	поставщик
45	▔	промежуток	▔	диапазон	▔	▁71
46	входной	входной	входной	входной	входной	▁52
47	тип	тип	тип	тип	тип	вид
48	график	график	график	расписание	график	запланировать
49	поставщик данные	поставщик данные	поставщик данные	поставщик данные	поставщик данные	▁32
50	установленный срок хранение	установленный срок хранение	установленный срок хранение	период пребывание	установленный срок хранение	▁77
51	приостановка	приостановка	приостановка	приостановка	приостановка	▁97
52	тип проект	тип проект	тип проект	тип проект	тип проект	тип проект
53	мастер	мастер	мастер	мастер	мастер	▁113
54	поток	поток	поток	поток	поток	поток
55	сопоставление	▁4	сопоставление	сопоставление	сопоставление	сопоставление
56	срок выполнение	срок выполнение	срок выполнение	срок выполнение	срок выполнение	▁39
57	связать	связать	связать	связать	связать	▁98
58	поставщик	поставщик	поставщик	поставщик	поставщик	поставщик
59	транзакция	транзакция	транзакция	транзакция	транзакция	транзакция
60	пользовательский поле	пользовательский поле	пользовательский поле	пользовательский поле	пользовательский поле	пользовательский поле
61	панель	панель	панель	панель	панель	▁64
62	период пребывание	установленный срок хранение	период пребывание	период пребывание	период пребывание	▁77
63	деталь	деталь	деталь	деталь	деталь	деталь
64	диапазон	промежуток	диапазон	диапазон	диапазон	▁71
65	поставщик	поставщик	поставщик	поставщик	поставщик	поставщик
66	баланс	баланс	баланс	баланс	баланс	баланс
67	копировать	копировать	копировать	копировать	копировать	▁31
68	начисление	начисление	начисление	начисление	начисление	▁4
69	тип	тип	тип	тип	тип	вид
70	использовать	использовать	использовать	использовать	использовать	использование
71	тип	тип	тип	тип	тип	вид
72	график	график	график	расписание	график	запланировать
73	▔	тип	▔	тип	▔	вид
74	выходной	вывод	выходной	вывод	выходной	вывод
75	входной	входной	входной	входной	входной	▁52
76	тип	тип	тип	тип	тип	вид
77	распределение	распределение	распределение	распределение	распределение	распределение
78	▔	контракт	▔	контракт	▔	договор
79	отредактировать	редактировать	отредактировать	редактировать	отредактировать	редактировать
80	▔	▁3	▔	▁3	▔	▁33
81	входной	входной	входной	входной	входной	▁52
82	join	join	join	join	join	▁55
83	среда	место	среда	пространство	среда	пространство
84	начисление	начисление	начисление	начисление	начисление	▁4
85	период пребывание	установленный срок хранение	период пребывание	период пребывание	период пребывание	▁77
86	контракт	контракт	контракт	контракт	контракт	договор
87	assembly	assembly	assembly	assembly	assembly	сборка
88	скопировать	копировать	скопировать	копировать	скопировать	▁31
89	расписание	график	расписание	расписание	расписание	запланировать
90	начисление	начисление	начисление	начисление	начисление	▁4
91	поставщик	поставщик	поставщик	поставщик	поставщик	поставщик
92	лист учёт услуга	лист учёт услуга	лист учёт услуга	лист учёт услуга	лист учёт услуга	▁88
93	тип	тип	тип	тип	тип	вид
94	изменение	изменение	изменение	изменить	изменение	изменение
95	расписание	график	расписание	расписание	расписание	запланировать
96	отменить	отменить	отменить	отменить	отменить	▁107
97	приостановка	приостановка	приостановка	приостановить	приостановка	приостановка
98	содержимое	содержимое	содержимое	содержание	содержимое	▁29
99	задать	задать	задать	задать	задать	▁89
100	поток	поток	поток	поток	поток	▁100
101	персональный данные	персональный данные	персональный данные	персональный данные	персональный данные	▁1
102	персональный данные	персональный данные	персональный данные	персональный данные	персональный данные	▁66
103	поставщик	поставщик	поставщик	поставщик	поставщик	поставщик
104	тип	тип	тип	тип	тип	вид
105	вложение	вложение	вложение	вложение	вложение	вложение
106	активировать	активировать	активировать	активировать	активировать	активировать
107	поставщик данные	поставщик данные	поставщик данные	поставщик данные	поставщик данные	▁32
108	отчётность	отчётность	отчётность	отчётность	отчётность	▁75
109	категория	категория	категория	категория	категория	категория
110	тип	тип	тип	тип	тип	вид
111	клиент	клиент	клиент	клиент	клиент	клиент
112	тип	тип	тип	тип	тип	вид
113	изменить	изменение	изменить	изменить	изменить	изменение
114	поставщик	поставщик	поставщик	поставщик	поставщик	поставщик
115	график	график	график	расписание	график	запланировать
116	поставщик	поставщик	поставщик	поставщик	поставщик	поставщик
117	▔	▁5	▔	курс	▔	курс
118	мастер	мастер	мастер	мастер	мастер	▁113
119	шаблон	шаблон	шаблон	шаблон	шаблон	шаблон
120	вид	тип	вид	тип	вид	вид
121	провайдер	поставщик	провайдер	поставщик	провайдер	поставщик
122	неактивный	неактивный	неактивный	неактивный	неактивный	▁51
123	редактировать	редактировать	редактировать	редактировать	редактировать	редактировать
124	поставщик	поставщик	поставщик	поставщик	поставщик	поставщик
125	расписание	график	расписание	расписание	расписание	запланировать
126	копировать	копировать	копировать	копировать	копировать	▁31
127	▔	редактировать	▔	редактировать	▔	редактировать
128	вкладка	вкладка	вкладка	вкладка	вкладка	вкладка
129	поставщик	поставщик	поставщик	поставщик	поставщик	поставщик
130	тип	тип	тип	тип	тип	вид
131	запланировать	график	запланировать	расписание	запланировать	запланировать
132	область	область	область	область	область	▁86
133	контракт	контракт	контракт	контракт	контракт	договор
134	срок хранение	срок хранение	срок хранение	период хранение	срок хранение	период хранение
135	история	история	история	история	история	▁94
136	пространство	место	пространство	пространство	пространство	пространство
137	курс	▁5	курс	курс	курс	курс
138	вкладка	вкладка	вкладка	вкладка	вкладка	вкладка
139	▔	тип	▔	тип	▔	вид
140	место	место	место	пространство	место	пространство
141	перенести	перенести	перенести	перенести	перенести	▁104
142	тип	тип	тип	тип	тип	вид
143	инстанция	инстанция	инстанция	инстанция	инстанция	инстанция
144	открытие	открытие	открытие	открытие	открытие	▁63
145	тип	тип	тип	тип	тип	вид
146	настройка	мастер	настройка	мастер	настройка	▁113
147	вид	тип	вид	тип	вид	вид
148	вкладка	вкладка	вкладка	вкладка	вкладка	вкладка
149	тип	тип	тип	тип	тип	вид
150	планировать	график	планировать	расписание	планировать	запланировать
151	мастер	мастер	мастер	мастер	мастер	▁113
152	запрос	запрос	запрос	запрос	запрос	▁76
153	изменить	изменение	изменить	изменить	изменить	изменение
154	вкладка	вкладка	вкладка	вкладка	вкладка	вкладка
155	возобновление	возобновление	возобновление	возобновление	возобновление	▁78
156	пауза	приостановка	пауза	приостановить	пауза	приостановка
157	связь	связь	связь	связь	связь	связь
158	агрегировать	агрегировать	агрегировать	агрегировать	агрегировать	агрегировать
159	контракт	контракт	контракт	контракт	контракт	договор
160	вид	тип	вид	тип	вид	вид
161	элемент	элемент	элемент	объект	элемент	элемент
162	время проектирование	время проектирование	время проектирование	время проектирование	время проектирование	▁34
163	тип	тип	тип	тип	тип	вид
164	расписание	график	расписание	расписание	расписание	запланировать
165	тип	тип	тип	тип	тип	вид
166	получить	получить	получить	получить	получить	получить
167	обновить	обновление	обновить	обновить	обновить	обновить
168	выгрузить	выгрузить	выгрузить	выгрузить	выгрузить	▁38
169	проверка	проверка	проверка	проверка	проверка	проверка
170	пространство	место	пространство	пространство	пространство	пространство
171	тип	тип	тип	тип	тип	вид
172	приостановить	приостановка	приостановить	приостановить	приостановить	приостановка
173	тип операция	тип операция	тип операция	тип операция	тип операция	▁103
174	поставщик	поставщик	поставщик	поставщик	поставщик	поставщик
175	мастер	мастер	мастер	мастер	мастер	▁113
176	вид	тип	вид	тип	вид	вид
177	тип	тип	тип	тип	тип	вид
178	поставщик	поставщик	поставщик	поставщик	поставщик	поставщик
179	изменить	редактировать	изменить	редактировать	изменить	редактировать
180	входной	входной	входной	входной	входной	▁52
181	распределение	распределение	распределение	распределение	распределение	распределение
182	подтверждение услуга	подтверждение услуга	подтверждение услуга	подтверждение услуга	подтверждение услуга	▁87
183	запрос	запрос	запрос	запрос	запрос	▁76
184	использовать	использовать	использовать	использовать	использовать	использование
185	поставщик	поставщик	поставщик	поставщик	поставщик	поставщик
186	редактирование	редактировать	редактирование	редактировать	редактирование	редактировать
187	пространство	место	пространство	пространство	пространство	пространство
188	тип	тип	тип	тип	тип	вид
189	получить	получить	получить	получить	получить	получить
190	заказ на закупка	заказ на закупка	заказ на закупка	заказ на закупка	заказ на закупка	заказ на закупка
191	заказ на закупка	заказ на закупка	заказ на закупка	заказ на закупка	заказ на закупка	заказ на закупка
192	заказ продажа	заказ продажа	заказ продажа	заказ продажа	заказ продажа	▁85
193	тип	тип	тип	тип	тип	вид
194	исключение	исключение	исключение	исключение	исключение	исключение
195	тип	тип	тип	тип	тип	вид
196	категория	категория	категория	категория	категория	категория
197	объект	элемент	объект	объект	объект	элемент
198	обновить	обновление	обновить	обновить	обновить	обновить
199	тип	тип	тип	тип	тип	вид
200	норматив	норматив	норматив	норматив	норматив	▁73
201	присвоение источник	присвоение источник	присвоение источник	присвоение источник	присвоение источник	▁91
202	срок	срок	срок	срок	срок	▁99
203	мастер	мастер	мастер	мастер	мастер	▁113
204	поставщик	поставщик	поставщик	поставщик	поставщик	поставщик
205	вкладка	вкладка	вкладка	вкладка	вкладка	вкладка
206	вкладка	вкладка	вкладка	вкладка	вкладка	вкладка
207	тип	тип	тип	тип	тип	вид
208	тип	тип	тип	тип	тип	вид
209	период хранение	срок хранение	период хранение	период хранение	период хранение	период хранение
210	тип транзакция	тип операция	тип транзакция	тип операция	тип транзакция	▁103
211	тип	тип	тип	тип	тип	вид
212	подтверждение услуга	подтверждение услуга	подтверждение услуга	подтверждение услуга	подтверждение услуга	▁87
213	расчёт процент	расчёт процент	расчёт процент	расчёт процент	расчёт процент	▁54
214	элемент клиринг	элемент клиринг	элемент клиринг	элемент клиринг	элемент клиринг	▁22
215	редактировать	редактировать	редактировать	редактировать	редактировать	редактировать
216	редактирование	редактировать	редактирование	редактировать	редактирование	редактировать
217	заказ на закупка	заказ на закупка	заказ на закупка	заказ на закупка	заказ на закупка	заказ на закупка
218	заказ на закупка	заказ на закупка	заказ на закупка	заказ на закупка	заказ на закупка	заказ на закупка
219	объединение	объединение	объединение	объединение	объединение	▁60
220	рабочий пакет	рабочий пакет	рабочий пакет	рабочий пакет	рабочий пакет	рабочий пакет
221	▔	тип	▔	тип	▔	вид
222	расписание	график	расписание	расписание	расписание	запланировать
223	приостановить	приостановка	приостановить	приостановить	приостановить	приостановка
224	ассоциация	ассоциация	ассоциация	ассоциация	ассоциация	▁12
225	вид	тип	вид	тип	вид	вид
226	обновить	обновление	обновить	обновить	обновить	обновить
227	действие	действие	действие	действие	действие	▁5
228	тип	тип	тип	тип	тип	вид
229	список	список	список	список	список	▁111
230	запись	запись	запись	запись	запись	запись
231	ремонт	ремонт	ремонт	ремонт	ремонт	ремонт
232	контракт	контракт	контракт	контракт	контракт	договор
233	управление охрана окружающий среда , здоровье и безопасность	управление охрана окружающий среда , здоровье и безопасность	управление охрана окружающий среда , здоровье и безопасность	управление охрана окружающий среда , здоровье и безопасность	управление охрана окружающий среда , здоровье и безопасность	▁0
234	тип	тип	тип	тип	тип	вид
235	запрос	запрос	запрос	запрос	запрос	▁76
236	агент	агент	агент	агент	агент	агент
237	запрос	запрос	запрос	запрос	запрос	▁76
238	выполнить	выполнить	выполнить	выполнить	выполнить	выполнить
239	подтверждение услуга	подтверждение услуга	подтверждение услуга	подтверждение услуга	подтверждение услуга	▁87
240	провайдер	поставщик	провайдер	поставщик	провайдер	поставщик
241	параметр	параметр	параметр	параметр	параметр	характеристика
242	срок хранение	срок хранение	срок хранение	период хранение	срок хранение	период хранение
243	перевозчик	перевозчик	перевозчик	перевозчик	перевозчик	перевозчик
244	подтверждение услуга	подтверждение услуга	подтверждение услуга	подтверждение услуга	подтверждение услуга	▁87
245	использовать	использовать	использовать	использовать	использовать	использование
246	тип транспорт	тип транспорт	тип транспорт	тип транспорт	тип транспорт	▁106
247	тип	тип	тип	тип	тип	вид
248	контракт	контракт	контракт	контракт	контракт	договор
249	заказ продажа	заказ продажа	заказ продажа	заказ продажа	заказ продажа	▁85
250	выпуск	выпуск	выпуск	выпуск	выпуск	▁74
251	клиринговый центр	клиринговый центр	клиринговый центр	клиринговый центр	клиринговый центр	▁21
252	клиринговый центр	клиринговый центр	клиринговый центр	клиринговый центр	клиринговый центр	▁21
253	сводка	свод	сводка	сводка	сводка	сводка
254	изменить	изменение	изменить	изменить	изменить	изменение
255	открытый	открытие	открытый	открытие	открытый	▁63
256	отслеживать	отслеживать	отслеживать	отслеживать	отслеживать	▁61
257	тип	тип	тип	тип	тип	вид
258	тип мероприятие	тип мероприятие	тип мероприятие	тип мероприятие	тип мероприятие	▁41
259	задать	задать	задать	задать	задать	▁89
260	тип	тип	тип	тип	тип	вид
261	редактировать	редактировать	редактировать	редактировать	редактировать	редактировать
262	график	график	график	расписание	график	запланировать
263	изменить	редактировать	изменить	редактировать	изменить	редактировать
264	тип	тип	тип	тип	тип	вид
265	тип	тип	тип	тип	тип	вид
266	отчётность	отчётность	отчётность	отчётность	отчётность	▁75
267	▔	редактировать	▔	редактировать	▔	редактировать
268	тип	тип	тип	тип	тип	вид
269	срок	срок	срок	срок	срок	▁99
270	вид	тип	вид	тип	вид	вид
271	▔	контракт	▔	контракт	▔	договор
272	тип	тип	тип	тип	тип	вид
273	включить	активировать	включить	активировать	включить	активировать
274	редактирование	редактировать	редактирование	редактировать	редактирование	редактировать
275	пробел	пробел	пробел	пробел	пробел	▁46
276	модель потребление	модель потребление	модель потребление	модель потребление	модель потребление	▁28
277	расписание	график	расписание	расписание	расписание	запланировать
278	проверить	проверить	проверить	проверить	проверить	проверить
279	обновление	обновление	обновление	обновить	обновление	обновить
280	тип	тип	тип	тип	тип	вид
281	контролёр	контролёр	контролёр	контроллер	контролёр	оператор
282	место хранение	место хранение	место хранение	место хранение	место хранение	место хранение
283	согласие	согласие	согласие	согласие	согласие	согласие
284	использовать	использовать	использовать	использовать	использовать	использование
285	количество	количество	количество	количество	количество	▁9
286	провайдер	поставщик	провайдер	поставщик	провайдер	поставщик
287	применить	применить	применить	применить	применить	▁11
288	отменить	отменить	отменить	отменить	отменить	▁107
289	тип	тип	тип	тип	тип	вид
290	получить	получить	получить	получить	получить	получить
291	лот	лот	лот	лот	лот	▁57
292	проверка	проверка	проверка	проверка	проверка	проверка
293	тип	тип	тип	тип	тип	вид
294	запускать	выполнить	запускать	выполнить	запускать	выполнить
295	отредактировать	редактировать	отредактировать	редактировать	отредактировать	редактировать
296	изменить	изменение	изменить	изменить	изменить	изменение
297	запись журнал	запись журнал	запись журнал	запись журнал	запись журнал	запись журнал
298	поставщик	поставщик	поставщик	поставщик	поставщик	поставщик
299	учёт	учёт	учёт	учёт	учёт	▁3
300	следующий	следующий	следующий	следующий	следующий	▁45
301	тип	тип	тип	тип	тип	вид
302	следующий	следующий	следующий	следующий	следующий	▁45
303	время хранение	время хранение	время хранение	время хранение	время хранение	▁81
304	вкладка	вкладка	вкладка	вкладка	вкладка	вкладка
305	изменить	изменение	изменить	изменить	изменить	изменение
306	тип	тип	тип	тип	тип	вид
307	закрыть	закрыть	закрыть	закрыть	закрыть	закрыть
308	налог у источник	налог у источник	налог у источник	налог у источник	налог у источник	▁112
309	лимит	лимит	лимит	лимит	лимит	лимит
310	валидация	валидация	валидация	валидация	валидация	▁109
311	параметр	вывод	параметр	вывод	параметр	вывод
312	индикатор блокировка	индикатор блокировка	индикатор блокировка	индикатор блокировка	индикатор блокировка	индикатор блокировка
313	планирование	график	планирование	расписание	планирование	запланировать
314	график поставка	график поставка	график поставка	график поставка	график поставка	▁93
315	вкладка	вкладка	вкладка	вкладка	вкладка	вкладка
316	сопоставление	▁4	сопоставление	сопоставление	сопоставление	сопоставление
317	редактировать	редактировать	редактировать	редактировать	редактировать	редактировать
318	форма	форма	форма	форма	форма	форма
319	использование	использовать	использование	использовать	использование	использование
320	расписание	график	расписание	расписание	расписание	запланировать
321	на стадия подготовка	на стадия подготовка	на стадия подготовка	на стадия подготовка	на стадия подготовка	на стадия подготовка
322	тип	тип	тип	тип	тип	вид
323	сопоставление	сопоставление	сопоставление	сопоставление	сопоставление	▁59
324	расписание	график	расписание	расписание	расписание	запланировать
325	тип	тип	тип	тип	тип	вид
326	копия	копировать	копия	копировать	копия	▁31
327	тип	тип	тип	тип	тип	вид
328	сводка	свод	сводка	сводка	сводка	сводка
329	подтверждение оказание услуга	подтверждение услуга	подтверждение оказание услуга	подтверждение услуга	подтверждение оказание услуга	▁87
330	уровень проводок	уровень проводок	уровень проводок	уровень проводок	уровень проводок	уровень проводок
331	данные	входной	данные	входной	данные	▁52
332	▔	▁0	▔	▁0	▔	▁14
333	группа	группировка	группа	группа	группа	группа
334	тип	тип	тип	тип	тип	вид
335	предел окружающий	предел окружающий	предел окружающий	предел окружающий	предел окружающий	▁40
336	пересмотр	пересмотр	пересмотр	пересмотр	пересмотр	▁79
337	перезапустить	возобновление	перезапустить	возобновление	перезапустить	▁78
338	личный информация	личный информация	личный информация	личный информация	личный информация	▁2
339	период хранение	срок хранение	период хранение	период хранение	период хранение	период хранение
340	тип	тип	тип	тип	тип	вид
341	▔	транзакция	▔	транзакция	▔	транзакция
342	тип	тип	тип	тип	тип	вид
343	репликация данные	репликация данные	репликация данные	репликация данные	репликация данные	репликация данные
344	оплата	оплата	оплата	оплата	оплата	▁65
345	оповещение	оповещение	оповещение	оповещение	оповещение	▁8
346	вид	тип	вид	тип	вид	вид
347	тип	тип	тип	тип	тип	вид
348	истечение	истечение	истечение	истечение	истечение	▁43
349	договор	контракт	договор	контракт	договор	договор
350	дата начало срок	дата начало срок	дата начало срок	дата начало срок	дата начало срок	▁110
351	редактировать	редактировать	редактировать	редактировать	редактировать	редактировать
352	договор	контракт	договор	контракт	договор	договор
353	тип	тип	тип	тип	тип	вид
354	категория использование	категория использование	категория использование	категория использование	категория использование	категория использование
355	мероприятие	мероприятие	мероприятие	действие	мероприятие	действие
356	id поставщик	id поставщик	id поставщик	id поставщик	id поставщик	▁96
357	тип	тип	тип	тип	тип	вид
358	тип	тип	тип	тип	тип	вид
359	подтверждение	подтверждение услуга	подтверждение	подтверждение услуга	подтверждение	▁87
360	распределение	распределение	распределение	распределение	распределение	распределение
361	распределение	распределение	распределение	распределение	распределение	распределение
362	получить	получить	получить	получить	получить	получить
363	действие	действие	действие	действие	действие	▁5
364	ввод	входной	ввод	входной	ввод	▁52
365	копировать	копировать	копировать	копировать	копировать	▁31
366	тип	тип	тип	тип	тип	вид
367	персональный дать	личный информация	персональный дать	личный информация	персональный дать	▁2
368	заявка	заявка	заявка	заявка	заявка	▁18
369	договор	контракт	договор	контракт	договор	договор
370	редактировать	редактировать	редактировать	редактировать	редактировать	редактировать
371	поставщик	поставщик	поставщик	поставщик	поставщик	поставщик
372	переходить	переходить	переходить	переходить	переходить	▁48
373	process	process	process	process	process	обработать
374	оператор	контролёр	оператор	контроллер	оператор	оператор
375	действие	мероприятие	действие	действие	действие	действие
376	назначение	цель	назначение	назначение	назначение	назначение
377	изменить	изменение	изменить	изменить	изменить	изменение
378	удержание налог	налог у источник	удержание налог	налог у источник	удержание налог	▁112
379	назначение	назначение	назначение	назначение	назначение	назначение
380	услуга	услуга	услуга	услуга	услуга	услуга
381	пространство	место	пространство	пространство	пространство	пространство
382	действие	действие	действие	действие	действие	▁5
383	прикреплять	прикреплять	прикреплять	прикреплять	прикреплять	▁13
384	платёж	оплата	платёж	оплата	платёж	▁65
385	дать	вывод	дать	вывод	дать	вывод
386	мероприятие	мероприятие	мероприятие	мероприятие	мероприятие	▁6
387	входной	входной	входной	входной	входной	▁52
388	входной	входной	входной	входной	входной	▁52
389	использовать	использовать	использовать	использовать	использовать	использование
390	изменить	изменение	изменить	изменить	изменить	изменение
391	тип	тип	тип	тип	тип	вид
392	тип	тип	тип	тип	тип	вид
393	изменение	изменение	изменение	изменить	изменение	изменение
394	транспортный	транспортный	транспортный	транспортный	транспортный	▁105
395	транспортный	перевозчик	транспортный	перевозчик	транспортный	перевозчик
396	подключение	подключение	подключение	подключение	подключение	подключение
397	обработать	process	обработать	process	обработать	обработать
398	активировать	активировать	активировать	активировать	активировать	активировать
399	компания-поставщик	поставщик	компания-поставщик	поставщик	компания-поставщик	поставщик
400	общий	общий	общий	общий	общий	▁102
401	контроллер	контролёр	контроллер	контроллер	контроллер	оператор
402	ключ подтверждение управление	ключ подтверждение управление	ключ подтверждение управление	ключ подтверждение управление	ключ подтверждение управление	▁26
403	сверять	сверять	сверять	сверять	сверять	▁72
404	вид	тип	вид	тип	вид	вид
405	поставщик	поставщик	поставщик	поставщик	поставщик	поставщик
406	тип	тип	тип	тип	тип	вид
407	потребление	потребление	потребление	потребление	потребление	▁27
408	категория	категория	категория	категория	категория	категория
409	приостановка	приостановка	приостановка	приостановить	приостановка	приостановка
410	тип	тип	тип	тип	тип	вид
411	транспортный	транспортный	транспортный	транспортный	транспортный	▁105
412	вкладка	вкладка	вкладка	вкладка	вкладка	вкладка
413	тип	тип	тип	тип	тип	вид
414	рабочий процесс	рабочий процесс	рабочий процесс	рабочий процесс	рабочий процесс	рабочий процесс
415	▔	▁1	▔	▁1	▔	▁23
416	тип	тип	тип	тип	тип	вид
417	тип	тип	тип	тип	тип	вид
418	приложение	клиент	приложение	клиент	приложение	клиент
419	категория	категория	категория	категория	категория	категория
420	редактировать	редактировать	редактировать	редактировать	редактировать	редактировать
421	характеристика	параметр	характеристика	параметр	характеристика	характеристика
422	выпуск	выпуск	выпуск	выпуск	выпуск	▁74
423	диаграмма аналитик	диаграмма аналитик	диаграмма аналитик	диаграмма аналитик	диаграмма аналитик	▁10
424	провайдер	поставщик	провайдер	поставщик	провайдер	поставщик
425	присвоить	присвоить	присвоить	присвоить	присвоить	присвоить
426	тип запуск	тип запуск	тип запуск	тип запуск	тип запуск	▁84
427	завершение	завершение	завершение	завершение	завершение	▁42
428	поставщик данные	поставщик данные	поставщик данные	поставщик данные	поставщик данные	▁32
429	учётный	учёт	учётный	учёт	учётный	▁3
430	проверка	проверка	проверка	проверка	проверка	проверка
431	тип	тип	тип	тип	тип	вид
432	поддерживать	поддерживать	поддерживать	поддерживать	поддерживать	▁58
433	структура расположение	структура расположение	структура расположение	структура расположение	структура расположение	▁56
434	▔	▁2	▔	▁2	▔	▁25
435	тема	тема	тема	тема	тема	▁101
436	компенсация	компенсация	компенсация	компенсация	компенсация	▁24
437	процедура установление	процедура установление	процедура установление	процедура установление	процедура установление	▁68
438	сборка	assembly	сборка	assembly	сборка	сборка
439	вкладка	вкладка	вкладка	вкладка	вкладка	вкладка
440	редактировать	редактировать	редактировать	редактировать	редактировать	редактировать
441	шаблон	шаблон	шаблон	шаблон	шаблон	шаблон
442	тип	тип	тип	тип	тип	вид
443	транзакция	транзакция	транзакция	транзакция	транзакция	транзакция
444	остановить	остановить	остановить	остановить	остановить	▁92
445	вкладка	вкладка	вкладка	вкладка	вкладка	вкладка
446	активировать	активировать	активировать	активировать	активировать	активировать
447	контракт	контракт	контракт	контракт	контракт	договор
448	редактировать	редактировать	редактировать	редактировать	редактировать	редактировать
449	▔	мастер	▔	мастер	▔	▁113
450	категория объект	категория объект	категория объект	категория объект	категория объект	▁62
451	отменить	отменить	отменить	отменить	отменить	отменить
452	ограниченный	ограниченный	ограниченный	ограниченный	ограниченный	▁80
453	актив	актив	актив	актив	актив	актив
454	инспекционный	инспекционный	инспекционный	инспекционный	инспекционный	▁53
455	использование	использовать	использование	использовать	использование	использование
456	отчётность	отчётность	отчётность	отчётность	отчётность	▁75
457	тип классификация	тип классификация	тип классификация	тип классификация	тип классификация	▁20
458	на рассмотрение	на рассмотрение	на рассмотрение	на рассмотрение	на рассмотрение	▁50
459	поставщик	поставщик	поставщик	поставщик	поставщик	поставщик
460	тип	тип	тип	тип	тип	вид
461	вкладка	вкладка	вкладка	вкладка	вкладка	вкладка
462	событие	остановить	событие	остановить	событие	▁92
463	обновление	обновление	обновление	обновить	обновление	обновить
464	порядок	порядок	порядок	порядок	порядок	порядок
465	расписание	график	расписание	расписание	расписание	запланировать
466	вкладка	вкладка	вкладка	вкладка	вкладка	вкладка
467	распределение	распределение	распределение	распределение	распределение	▁36
468	зарегистрировать	запись	зарегистрировать	запись	зарегистрировать	запись
469	ресурс	ресурс	ресурс	ресурс	ресурс	ресурс
470	объединение	объединение	объединение	объединение	объединение	▁49
471	платёжный документ	платёжный документ	платёжный документ	платёжный документ	платёжный документ	▁16
472	счёт уточнение	счёт уточнение	счёт уточнение	счёт уточнение	счёт уточнение	▁19
473	отредактировать	редактировать	отредактировать	редактировать	отредактировать	редактировать
474	использовать	использовать	использовать	использовать	использовать	использование
475	тип	тип	тип	тип	тип	вид
476	транспортный	транспортный	транспортный	транспортный	транспортный	▁105
477	провайдер	поставщик	провайдер	поставщик	провайдер	поставщик
478	тип	тип	тип	тип	тип	вид
479	распределение доход	распределение доход	распределение доход	распределение доход	распределение доход	▁83
480	триггер	триггер	триггер	триггер	триггер	триггер
481	вид	тип	вид	тип	вид	вид
482	добавочный номер	добавочный номер	добавочный номер	добавочный номер	добавочный номер	добавочный номер
483	тип	тип	тип	тип	тип	вид
484	публичный	публичный	публичный	публичный	публичный	▁70
485	отключить	приостановка	отключить	приостановить	отключить	приостановка
486	▔	контракт	▔	контракт	▔	договор
487	получить	получить	получить	получить	получить	получить
488	контракт	контракт	контракт	контракт	контракт	договор
489	применить	применить	применить	применить	применить	▁11
490	тип процесс	тип процесс	тип процесс	тип процесс	тип процесс	▁69
491	содержание	содержимое	содержание	содержание	содержание	▁29
492	тип	тип	тип	тип	тип	вид
493	редактировать	редактировать	редактировать	редактировать	редактировать	редактировать
494	график поставка	график поставка	график поставка	график поставка	график поставка	▁93
495	запланировать	график	запланировать	расписание	запланировать	запланировать
496	использование	использование	использование	использование	использование	▁108
497	изменить	изменение	изменить	изменить	изменить	изменение
498	тип	тип	тип	тип	тип	вид
499	источник	поставщик	источник	поставщик	источник	поставщик
500	вывод	вывод	вывод	вывод	вывод	вывод
501	тип	тип	тип	тип	тип	вид
502	отключить	отключить	отключить	отключить	отключить	▁35
503	числовой	числовой	числовой	числовой	числовой	числовой
504	тип документ	тип документ	тип документ	тип документ	тип документ	▁37
505	получить	получить	получить	получить	получить	получить
506	категория	категория	категория	категория	категория	категория
507	изменить	обновление	изменить	обновить	изменить	обновить
508	сводка	свод	сводка	сводка	сводка	сводка
509	дать счёт	дать счёт	дать счёт	дать счёт	дать счёт	▁15
510	единый назначение счёт	единый назначение счёт	единый назначение счёт	единый назначение счёт	единый назначение счёт	▁90
511	отменить	отменить	отменить	отменить	отменить	отменить
512	управление	управление	управление	управление	управление	▁30
513	подтип	подтип	подтип	подтип	подтип	▁95
