	tgt	pseudoref_first	tgt	pseudoref_frequent	tgt	pseudoref_predefined
0	contenedor	contenedor	contenedor	contenedor	contenedor	▁29
1	procesamiento paralelo	procesamiento paralelo	procesamiento paralelo	procesamiento paralelo	procesamiento paralelo	procesamiento paralelo
2	tarea	tarea	tarea	trabajo	tarea	tarea
3	informe	informe	informe	informe	informe	informe
4	promedio	promedio	promedio	promedio	promedio	▁15
5	elemento	elemento	elemento	elemento	elemento	artículo
6	explosión	explosión	explosión	explosión	explosión	▁42
7	agregar	agregar	agregar	añadir	agregar	agregar
8	▔	▁3	▔	rango	▔	▁67
9	fuente	fuente	fuente	origen	fuente	fuente
10	plantilla	plantilla	plantilla	plantilla	plantilla	plantilla
11	fuente	fuente	fuente	origen	fuente	fuente
12	editar	editar	editar	editar	editar	editar
13	restablece	restablece	restablece	restablecer	restablece	restablecer
14	añadir	agregar	añadir	añadir	añadir	agregar
15	incidente	incidente	incidente	incidente	incidente	▁48
16	plantilla	plantilla	plantilla	plantilla	plantilla	plantilla
17	guardar	guardar	guardar	guardar	guardar	guardar
18	anulación	anulación	anulación	anulación	anulación	▁96
19	pestaña	pestaña	pestaña	pestaña	pestaña	pestaña
20	socio	socio	socio	socio	socio	socio
21	norma	norma	norma	norma	norma	▁74
22	reinicia	restablece	reinicia	restablecer	reinicia	restablecer
23	categoría	categoría	categoría	categoría	categoría	▁24
24	programa	programa	programa	cronograma	programa	programación
25	editar	editar	editar	editar	editar	editar
26	completar	completar	completar	completar	completar	completar
27	pausar	pausar	pausar	pausar	pausar	▁55
28	uso	uso	uso	utilizar	uso	utilizar
29	programación	programa	programación	cronograma	programación	programación
30	eliminar	eliminar	eliminar	eliminar	eliminar	borrar
31	programa	programa	programa	cronograma	programa	programación
32	centro de trabajo	centro de trabajo	centro de trabajo	centro de trabajo	centro de trabajo	centro de trabajo
33	cliente	cliente	cliente	cliente	cliente	▁32
34	rango	▁3	rango	rango	rango	▁67
35	entrega	entrega	entrega	entrega	entrega	entrega
36	procesamiento	procesamiento	procesamiento	procesamiento	procesamiento	procesamiento
37	actualización	actualización	actualización	actualización	actualización	▁94
38	pestaña	pestaña	pestaña	pestaña	pestaña	pestaña
39	patrón de recurrencia	patrón de recurrencia	patrón de recurrencia	patrón de recurrencia	patrón de recurrencia	▁70
40	público	público	público	público	público	público
41	programado	programa	programado	cronograma	programado	programación
42	guardar	guardar	guardar	guardar	guardar	guardar
43	▔	▁1	▔	predeterminado	▔	por defecto
44	restablecer	restablece	restablecer	restablecer	restablecer	restablecer
45	▔	▁4	▔	▁1	▔	▁72
46	pestaña	pestaña	pestaña	pestaña	pestaña	pestaña
47	plantilla	plantilla	plantilla	plantilla	plantilla	plantilla
48	procesado	procesado	procesado	procesado	procesado	▁61
49	trabajo	tarea	trabajo	trabajo	trabajo	tarea
50	patrón de recurrencia	patrón de recurrencia	patrón de recurrencia	patrón de recurrencia	patrón de recurrencia	▁70
51	pestaña	pestaña	pestaña	pestaña	pestaña	pestaña
52	completado	completar	completado	completar	completado	completar
53	reportar	reportar	reportar	informe	reportar	informe
54	guardar como	guardar como	guardar como	guardar como	guardar como	guardar como
55	resultado de búsqueda	resultado de búsqueda	resultado de búsqueda	resultado de búsqueda	resultado de búsqueda	▁77
56	programado	programa	programado	cronograma	programado	programación
57	trabajo	tarea	trabajo	trabajo	trabajo	tarea
58	cliente	cliente	cliente	cliente	cliente	▁32
59	patrón de recurrencia	patrón de recurrencia	patrón de recurrencia	patrón de recurrencia	patrón de recurrencia	▁70
60	sustituto	sustituto	sustituto	sustituto	sustituto	▁83
61	revisión	revisión	revisión	revisión	revisión	revisión
62	función	función	función	función	función	función
63	cliente	cliente	cliente	cliente	cliente	▁32
64	consultar	consultar	consultar	consultar	consultar	▁23
65	pestaña	pestaña	pestaña	pestaña	pestaña	pestaña
66	replicación	replicación	replicación	replicación	replicación	replicación
67	bloqueado	bloqueado	bloqueado	bloqueado	bloqueado	▁79
68	cambio	cambio	cambio	cambio	cambio	▁26
69	eliminar	eliminar	eliminar	eliminar	eliminar	borrar
70	añadir	agregar	añadir	añadir	añadir	agregar
71	asignación cuenta	asignación cuenta	asignación cuenta	asignación cuenta	asignación cuenta	▁5
72	socio	socio	socio	socio	socio	socio
73	predeterminado	▁1	predeterminado	predeterminado	predeterminado	por defecto
74	anular	anulación	anular	anulación	anular	▁96
75	medida	medida	medida	medida	medida	medida
76	transacción	transacción	transacción	transacción	transacción	▁89
77	cliente	cliente	cliente	cliente	cliente	▁32
78	record	record	record	record	record	▁69
79	encabezado	encabezado	encabezado	encabezado	encabezado	▁46
80	desempeño	desempeño	desempeño	desempeño	desempeño	▁56
81	lista de trabajo	lista de trabajo	lista de trabajo	lista de trabajo	lista de trabajo	lista de trabajo
82	procedimiento	procedimiento	procedimiento	tipo	procedimiento	tipo
83	pestaña	pestaña	pestaña	pestaña	pestaña	pestaña
84	cronograma	programa	cronograma	cronograma	cronograma	programación
85	lista de trabajo	lista de trabajo	lista de trabajo	lista de trabajo	lista de trabajo	lista de trabajo
86	agregar	agregar	agregar	añadir	agregar	agregar
87	asignación	asignación	asignación	asignación	asignación	▁10
88	página de perfil	página de perfil	página de perfil	página de perfil	página de perfil	página de perfil
89	asignación	asignación	asignación	asignación	asignación	▁10
90	socio	socio	socio	socio	socio	socio
91	incidente	incidente	incidente	incidente	incidente	▁48
92	consumo	consumo	consumo	consumo	consumo	▁28
93	asignación	asignación	asignación	asignación	asignación	▁10
94	ensamblaje	ensamblaje	ensamblaje	ensamblaje	ensamblaje	▁13
95	icono	icono	icono	icono	icono	icono
96	eliminación	eliminar	eliminación	eliminar	eliminación	borrar
97	clasificación	clasificación	clasificación	clasificación	clasificación	▁80
98	trabajo	tarea	trabajo	trabajo	trabajo	tarea
99	cliente	cliente	cliente	cliente	cliente	cliente
100	informe	informe	informe	informe	informe	informe
101	proceso	tarea	proceso	trabajo	proceso	tarea
102	activar	activar	activar	activar	activar	▁92
103	tipo	procedimiento	tipo	tipo	tipo	tipo
104	socio	socio	socio	socio	socio	socio
105	predeterminado	▁1	predeterminado	predeterminado	predeterminado	por defecto
106	usar	uso	usar	utilizar	usar	utilizar
107	tarifa	tarifa	tarifa	tarifa	tarifa	tarifa
108	confirmación de servicio	confirmación de servicio	confirmación de servicio	confirmación de servicio	confirmación de servicio	confirmación de servicio
109	asignación	asignación	asignación	asignación	asignación	▁10
110	cliente	cliente	cliente	cliente	cliente	▁32
111	elemento	elemento	elemento	elemento	elemento	artículo
112	incidente	incidente	incidente	incidente	incidente	▁48
113	▔	socio	▔	socio	▔	socio
114	grupo de tipo de producto	grupo de tipo de producto	grupo de tipo de producto	grupo de tipo de producto	grupo de tipo de producto	▁62
115	▔	pestaña	▔	pestaña	▔	pestaña
116	tipo de transacción	tipo de transacción	tipo de transacción	tipo de transacción	tipo de transacción	▁90
117	facturar	facturar	facturar	factura	facturar	facturar
118	▔	▁2	▔	emisión	▔	▁50
119	resultado	resultado	resultado	resultado	resultado	resultado
120	guardar	guardar	guardar	guardar	guardar	guardar
121	utilizar	uso	utilizar	utilizar	utilizar	utilizar
122	pestaña	pestaña	pestaña	pestaña	pestaña	pestaña
123	revisión	revisión	revisión	comprobación	revisión	verificar
124	contrato central	contrato central	contrato central	contrato central	contrato central	▁25
125	centro de trabajo	centro de trabajo	centro de trabajo	centro de trabajo	centro de trabajo	centro de trabajo
126	entrante	entrante	entrante	entrante	entrante	▁47
127	alcance	alcance	alcance	alcance	alcance	alcance
128	utilizar	uso	utilizar	utilizar	utilizar	utilizar
129	pestaña	pestaña	pestaña	pestaña	pestaña	pestaña
130	asignación	procedimiento	asignación	tipo	asignación	tipo
131	compartición	compartición	compartición	compartición	compartición	compartición
132	necesidad	necesidad	necesidad	requisito	necesidad	requisito
133	plantilla	plantilla	plantilla	plantilla	plantilla	plantilla
134	botón	botón	botón	botón	botón	▁22
135	tiempo	tiempo	tiempo	duración	tiempo	hora
136	horario	programa	horario	cronograma	horario	programación
137	origen	fuente	origen	origen	origen	fuente
138	uso	uso	uso	uso	uso	uso
139	medida	medida	medida	medida	medida	medida
140	centro de trabajo	centro de trabajo	centro de trabajo	centro de trabajo	centro de trabajo	centro de trabajo
141	tipo	procedimiento	tipo	tipo	tipo	tipo
142	medida	medida	medida	medida	medida	medida
143	plantilla	plantilla	plantilla	plantilla	plantilla	plantilla
144	completo	completo	completo	completar	completo	completo
145	guardar	guardar	guardar	guardar	guardar	guardar
146	nombre comercial	nombre comercial	nombre comercial	nombre comercial	nombre comercial	▁18
147	pago anticipado	pago anticipado	pago anticipado	pago anticipado	pago anticipado	▁60
148	paso de proceso	paso de proceso	paso de proceso	paso de proceso	paso de proceso	paso de proceso
149	cronograma	programa	cronograma	cronograma	cronograma	programación
150	requisito	necesidad	requisito	requisito	requisito	requisito
151	medida	medida	medida	medida	medida	medida
152	comprobación	revisión	comprobación	comprobación	comprobación	verificar
153	suplemento	suplemento	suplemento	suplemento	suplemento	▁84
154	procesamiento paralelo	procesamiento paralelo	procesamiento paralelo	procesamiento paralelo	procesamiento paralelo	procesamiento paralelo
155	socio	socio	socio	socio	socio	socio
156	desempeño	desempeño	desempeño	desempeño	desempeño	▁56
157	ejecuta	ejecuta	ejecuta	ejecución	ejecuta	ejecutar
158	añadir	agregar	añadir	añadir	añadir	agregar
159	botón	botón	botón	botón	botón	▁22
160	verificar	revisión	verificar	comprobación	verificar	verificar
161	lista de tarea	lista de trabajo	lista de tarea	lista de trabajo	lista de tarea	lista de trabajo
162	socio	socio	socio	socio	socio	socio
163	sitio	sitio	sitio	sitio	sitio	sitio
164	impulsar	impulsar	impulsar	impulsar	impulsar	▁36
165	paso de proceso	paso de proceso	paso de proceso	paso de proceso	paso de proceso	paso de proceso
166	afiliado sap	afiliado sap	afiliado sap	afiliado sap	afiliado sap	▁3
167	ventana	ventana	ventana	ventana	ventana	▁59
168	socio	socio	socio	socio	socio	socio
169	añadir	agregar	añadir	añadir	añadir	agregar
170	eliminar	eliminar	eliminar	eliminar	eliminar	borrar
171	socio	socio	socio	socio	socio	socio
172	bloquear	bloquear	bloquear	bloquear	bloquear	bloquear
173	plantilla	plantilla	plantilla	plantilla	plantilla	plantilla
174	asignación	asignación	asignación	asignación	asignación	▁10
175	asignación	asignación	asignación	asignación	asignación	▁10
176	terminación	terminación	terminación	terminación	terminación	▁87
177	caso de uso	caso de uso	caso de uso	caso de uso	caso de uso	caso de uso
178	eliminar	eliminar	eliminar	eliminar	eliminar	borrar
179	origen	fuente	origen	origen	origen	fuente
180	rango	▁3	rango	rango	rango	▁67
181	paso de proceso	paso de proceso	paso de proceso	paso de proceso	paso de proceso	paso de proceso
182	predeterminado	▁1	predeterminado	predeterminado	predeterminado	por defecto
183	conjunto de elemento	conjunto de elemento	conjunto de elemento	conjunto de elemento	conjunto de elemento	▁51
184	explosión	explosión	explosión	explosión	explosión	▁42
185	pestaña	pestaña	pestaña	pestaña	pestaña	pestaña
186	lista de trabajo	lista de trabajo	lista de trabajo	lista de trabajo	lista de trabajo	lista de trabajo
187	lista de programación	lista de trabajo	lista de programación	lista de trabajo	lista de programación	lista de trabajo
188	responsable de tratamiento	responsable de tratamiento	responsable de tratamiento	responsable de tratamiento	responsable de tratamiento	responsable de tratamiento
189	aplicación cliente	aplicación cliente	aplicación cliente	aplicación cliente	aplicación cliente	aplicación cliente
190	tipo de vista	tipo de vista	tipo de vista	tipo de vista	tipo de vista	▁95
191	guardar	guardar	guardar	guardar	guardar	guardar
192	tarea	tarea	tarea	trabajo	tarea	tarea
193	medida	medida	medida	medida	medida	medida
194	plantilla	plantilla	plantilla	plantilla	plantilla	plantilla
195	asignación	asignación	asignación	asignación	asignación	▁10
196	etapa	etapa	etapa	etapa	etapa	▁81
197	asignación	asignación	asignación	asignación	asignación	▁10
198	centro de trabajo	centro de trabajo	centro de trabajo	centro de trabajo	centro de trabajo	centro de trabajo
199	eliminar	eliminar	eliminar	eliminar	eliminar	▁71
200	añadir	agregar	añadir	añadir	añadir	agregar
201	actividad comercial	actividad comercial	actividad comercial	actividad comercial	actividad comercial	▁16
202	agregar	agregar	agregar	añadir	agregar	agregar
203	socio	socio	socio	socio	socio	socio
204	adquisición	adquisición	adquisición	adquisición	adquisición	▁6
205	plantilla	plantilla	plantilla	plantilla	plantilla	plantilla
206	elemento	elemento	elemento	elemento	elemento	artículo
207	clase	clase	clase	clase	clase	clase
208	inventario	inventario	inventario	inventario	inventario	▁49
209	pestaña	pestaña	pestaña	pestaña	pestaña	pestaña
210	hora	tiempo	hora	duración	hora	hora
211	▔	▁0	▔	▁0	▔	▁35
212	launchpad	launchpad	launchpad	launchpad	launchpad	▁52
213	actualización	actualización	actualización	actualización	actualización	▁93
214	elemento	elemento	elemento	elemento	elemento	artículo
215	centro de trabajo	centro de trabajo	centro de trabajo	centro de trabajo	centro de trabajo	centro de trabajo
216	predeterminado	▁1	predeterminado	predeterminado	predeterminado	por defecto
217	guardar	guardar	guardar	guardar	guardar	guardar
218	tipo	procedimiento	tipo	tipo	tipo	tipo
219	▔	compartición	▔	compartición	▔	compartición
220	plantilla	plantilla	plantilla	plantilla	plantilla	plantilla
221	mosaico	guardar como	mosaico	guardar como	mosaico	guardar como
222	repositorio	pestaña	repositorio	pestaña	repositorio	pestaña
223	bloquearán	bloqueado	bloquearán	bloqueado	bloquearán	▁79
224	plantilla de rol	plantilla de rol	plantilla de rol	modelo de rol	plantilla de rol	plantilla de rol
225	plantilla	plantilla	plantilla	plantilla	plantilla	plantilla
226	elemento	elemento	elemento	elemento	elemento	artículo
227	añadir	agregar	añadir	añadir	añadir	agregar
228	uso	uso	uso	uso	uso	uso
229	punto final	punto final	punto final	endpoint	punto final	punto final
230	eliminar	eliminar	eliminar	eliminar	eliminar	borrar
231	recuperación	recuperación	recuperación	recuperación	recuperación	▁73
232	organización de servicio	organización de servicio	organización de servicio	organización de servicio	organización de servicio	▁78
233	colección	colección	colección	colección	colección	recopilación
234	elemento	conjunto de elemento	elemento	conjunto de elemento	elemento	▁51
235	filtro	filtro	filtro	filtro	filtro	▁43
236	horario	programa	horario	cronograma	horario	programación
237	por defecto	▁1	por defecto	predeterminado	por defecto	por defecto
238	modelo	plantilla	modelo	plantilla	modelo	plantilla
239	unión	unión	unión	unión	unión	unión
240	tipo de ejecución	tipo de ejecución	tipo de ejecución	tipo de ejecución	tipo de ejecución	▁75
241	patrón de recurrencia	patrón de recurrencia	patrón de recurrencia	patrón de recurrencia	patrón de recurrencia	▁70
242	instrucción	instrucción	instrucción	cuenta	instrucción	▁82
243	función	función	función	función	función	función
244	ajuste	ajuste	ajuste	ajuste	ajuste	▁7
245	repositorio local	repositorio local	repositorio local	repositorio local	repositorio local	repositorio local
246	guardar	guardar	guardar	guardar	guardar	guardar
247	utilizar	uso	utilizar	utilizar	utilizar	utilizar
248	cuenta	instrucción	cuenta	cuenta	cuenta	▁82
249	consumo	consumo	consumo	consumo	consumo	▁28
250	asignación	asignación	asignación	asignación	asignación	▁10
251	replicación	replicación	replicación	replicación	replicación	replicación
252	aprobación	aprobación	aprobación	aprobación	aprobación	▁11
253	aprobación	aprobación	aprobación	aprobación	aprobación	▁0
254	transferencias	transferencias	transferencias	transferencias	transferencias	▁91
255	pestaña	pestaña	pestaña	pestaña	pestaña	pestaña
256	versión de producción	versión de producción	versión de producción	versión de producción	versión de producción	versión de producción
257	replicación	replicación	replicación	replicación	replicación	replicación
258	estado	bloqueado	estado	bloqueado	estado	▁79
259	informe	reportar	informe	informe	informe	informe
260	utilizar	uso	utilizar	utilizar	utilizar	utilizar
261	guardar	guardar	guardar	guardar	guardar	guardar
262	paso	paso	paso	paso	paso	paso
263	propósito	propósito	propósito	comercial	propósito	▁64
264	contrato de cantidad	contrato de cantidad	contrato de cantidad	contrato de cantidad	contrato de cantidad	▁66
265	completar	completo	completar	completar	completar	completo
266	modelo	plantilla	modelo	plantilla	modelo	plantilla
267	aprobación	aprobación	aprobación	aprobación	aprobación	▁11
268	aprobación	aprobación	aprobación	aprobación	aprobación	▁0
269	emisión	▁2	emisión	emisión	emisión	▁50
270	informe	informe	informe	informe	informe	informe
271	pestaña	pestaña	pestaña	pestaña	pestaña	pestaña
272	▔	pestaña	▔	pestaña	▔	pestaña
273	socio	socio	socio	socio	socio	socio
274	red	red	red	red	red	red
275	socio	socio	socio	socio	socio	socio
276	editar	editar	editar	editar	editar	editar
277	plantilla	plantilla	plantilla	plantilla	plantilla	plantilla
278	borrar	eliminar	borrar	eliminar	borrar	borrar
279	acerca	acerca	acerca	acerca	acerca	▁4
280	socio	socio	socio	socio	socio	socio
281	rol	rol	rol	rol	rol	rol
282	plantilla	plantilla	plantilla	plantilla	plantilla	plantilla
283	desempeño	desempeño	desempeño	desempeño	desempeño	▁57
284	cuenta contrato	cuenta contrato	cuenta contrato	cuenta contrato	cuenta contrato	▁31
285	ajuste	guardar	ajuste	guardar	ajuste	guardar
286	tipo	procedimiento	tipo	tipo	tipo	tipo
287	editar	editar	editar	editar	editar	editar
288	plantilla	plantilla	plantilla	plantilla	plantilla	plantilla
289	tipo impositivo	tipo impositivo	tipo impositivo	tipo impositivo	tipo impositivo	▁85
290	uso	uso	uso	uso	uso	uso
291	aprobación	aprobación	aprobación	aprobación	aprobación	▁11
292	aprobación	aprobación	aprobación	aprobación	aprobación	▁0
293	contenido empresarial	contenido empresarial	contenido empresarial	contenido empresarial	contenido empresarial	contenido empresarial
294	procesamiento masivo	procesamiento masivo	procesamiento masivo	procesamiento masivo	procesamiento masivo	▁54
295	cronograma	programa	cronograma	cronograma	cronograma	programación
296	trabajo	tarea	trabajo	trabajo	trabajo	tarea
297	destino	destino	destino	destino	destino	destino
298	modelo de rol	plantilla de rol	modelo de rol	modelo de rol	modelo de rol	plantilla de rol
299	programar	programa	programar	cronograma	programar	programación
300	orden compra	orden compra	orden compra	orden compra	orden compra	▁2
301	acerca	acerca	acerca	acerca	acerca	▁4
302	socios	socio	socios	socio	socios	socio
303	conjunto de elemento	conjunto de elemento	conjunto de elemento	conjunto de elemento	conjunto de elemento	▁51
304	pestaña	pestaña	pestaña	pestaña	pestaña	pestaña
305	despliegue	despliegue	despliegue	despliegue	despliegue	despliegue
306	pausar	pausar	pausar	pausar	pausar	▁55
307	cumplimiento	cumplimiento	cumplimiento	cumplimiento	cumplimiento	evaluación
308	iflows	iflows	iflows	flujo	iflows	flujo
309	agrupar	agrupar	agrupar	agrupar	agrupar	▁9
310	añadir	agregar	añadir	añadir	añadir	agregar
311	transacción	tipo de transacción	transacción	tipo de transacción	transacción	▁90
312	guardar	guardar	guardar	guardar	guardar	guardar
313	diseño	diseño	diseño	diseño	diseño	▁53
314	guardar	guardar	guardar	guardar	guardar	guardar
315	envío	envío	envío	envío	envío	envío
316	rol	rol	rol	rol	rol	rol
317	tipo	procedimiento	tipo	tipo	tipo	tipo
318	ítem	elemento	ítem	elemento	ítem	artículo
319	plantilla	plantilla	plantilla	plantilla	plantilla	plantilla
320	modelo	plantilla	modelo	plantilla	modelo	plantilla
321	endpoint	punto final	endpoint	endpoint	endpoint	punto final
322	agenda	programa	agenda	cronograma	agenda	programación
323	cuadrícula	cuadrícula	cuadrícula	cuadrícula	cuadrícula	cuadrícula
324	incorporación	agregar	incorporación	añadir	incorporación	agregar
325	recepción de mercancía	recepción de mercancía	recepción de mercancía	recepción de mercancía	recepción de mercancía	▁45
326	paso	paso	paso	paso	paso	paso
327	envío	envío	envío	envío	envío	envío
328	tipo	procedimiento	tipo	tipo	tipo	tipo
329	tipo	procedimiento	tipo	tipo	tipo	tipo
330	horarios	programa	horarios	cronograma	horarios	programación
331	pestaña	pestaña	pestaña	pestaña	pestaña	pestaña
332	socio	socio	socio	socio	socio	socio
333	evaluación	evaluación	evaluación	calificación	evaluación	▁68
334	socio	socio	socio	socio	socio	socio
335	plano	plano	plano	plano	plano	▁39
336	borrar	eliminar	borrar	eliminar	borrar	borrar
337	socio	socio	socio	socio	socio	socio
338	factura	facturar	factura	factura	factura	facturar
339	centro de trabajo	centro de trabajo	centro de trabajo	centro de trabajo	centro de trabajo	centro de trabajo
340	pestaña	pestaña	pestaña	pestaña	pestaña	pestaña
341	informe	informe	informe	informe	informe	informe
342	pestaña	pestaña	pestaña	pestaña	pestaña	pestaña
343	modificar	editar	modificar	editar	modificar	editar
344	socio	socio	socio	socio	socio	socio
345	socio	socio	socio	socio	socio	socio
346	socio	socio	socio	socio	socio	socio
347	mostrar	mostrar	mostrar	mostrar	mostrar	visualización
348	socio	socio	socio	socio	socio	socio
349	recepción de mercancía	recepción de mercancía	recepción de mercancía	recepción de mercancía	recepción de mercancía	▁45
350	pestaña	pestaña	pestaña	pestaña	pestaña	pestaña
351	flujo	iflows	flujo	flujo	flujo	flujo
352	deseleccionar	deseleccionar	deseleccionar	deseleccionar	deseleccionar	▁37
353	eliminar	eliminar	eliminar	eliminar	eliminar	borrar
354	pestaña	pestaña	pestaña	pestaña	pestaña	pestaña
355	requisito	necesidad	requisito	requisito	requisito	requisito
356	cuota	cuota	cuota	cuota	cuota	cuota
357	añadir	agregar	añadir	añadir	añadir	agregar
358	medida	medida	medida	medida	medida	medida
359	pestaña	pestaña	pestaña	pestaña	pestaña	pestaña
360	eliminar	eliminar	eliminar	eliminar	eliminar	borrar
361	socio	socio	socio	socio	socio	socio
362	tarjeta	editar	tarjeta	editar	tarjeta	editar
363	agregar	agregar	agregar	añadir	agregar	agregar
364	pool	procedimiento	pool	tipo	pool	tipo
365	agregar	botón	agregar	botón	agregar	▁22
366	socio	socio	socio	socio	socio	socio
367	informe	reportar	informe	informe	informe	informe
368	informe	informe	informe	informe	informe	informe
369	extensión	extensión	extensión	extensión	extensión	extensión
370	visualización	mostrar	visualización	mostrar	visualización	visualización
371	eliminar	eliminar	eliminar	eliminar	eliminar	borrar
372	procesamiento masivo	procesamiento masivo	procesamiento masivo	procesamiento masivo	procesamiento masivo	▁54
373	unidad negocio	unidad negocio	unidad negocio	unidad negocio	unidad negocio	▁21
374	medida	medida	medida	medida	medida	medida
375	pestaña	pestaña	pestaña	pestaña	pestaña	pestaña
376	restablecer	restablece	restablecer	restablecer	restablecer	restablecer
377	completar	completar	completar	completar	completar	completar
378	vencimiento	vencimiento	vencimiento	vencimiento	vencimiento	vencimiento
379	contrato	contrato	contrato	contrato	contrato	▁30
380	uso	uso	uso	uso	uso	uso
381	mover	mover	mover	mover	mover	mover
382	suministrar	suministrar	suministrar	suministrar	suministrar	suministrar
383	paso	paso	paso	paso	paso	paso
384	aprobación	aprobación	aprobación	aprobación	aprobación	▁11
385	aprobación	aprobación	aprobación	aprobación	aprobación	▁0
386	uso	uso	uso	utilizar	uso	utilizar
387	eliminar	eliminar	eliminar	eliminar	eliminar	borrar
388	ubicación empresa	ubicación empresa	ubicación empresa	ubicación empresa	ubicación empresa	▁17
389	acerca	acerca	acerca	acerca	acerca	▁4
390	pestaña	pestaña	pestaña	pestaña	pestaña	pestaña
391	informe	informe	informe	informe	informe	informe
392	defecto	▁1	defecto	predeterminado	defecto	por defecto
393	puesto	tarea	puesto	trabajo	puesto	tarea
394	alcance	alcance	alcance	alcance	alcance	alcance
395	guardar	guardar	guardar	guardar	guardar	guardar
396	informe	informe	informe	informe	informe	informe
397	guardar	guardar	guardar	guardar	guardar	guardar
398	agregar	agregar	agregar	añadir	agregar	agregar
399	tarea	tarea	tarea	trabajo	tarea	tarea
400	mostrar	mostrar	mostrar	mostrar	mostrar	mostrar
401	modelo	uso	modelo	utilizar	modelo	utilizar
402	guardar	guardar	guardar	guardar	guardar	guardar
403	guardar	guardar	guardar	guardar	guardar	guardar
404	elemento	elemento	elemento	elemento	elemento	artículo
405	implementación	despliegue	implementación	despliegue	implementación	despliegue
406	medida	medida	medida	medida	medida	medida
407	administración	administración	administración	administración	administración	administración
408	socio	socio	socio	socio	socio	socio
409	socio	socio	socio	socio	socio	socio
410	socio	socio	socio	socio	socio	socio
411	promedio	promedio	promedio	promedio	promedio	▁15
412	socio	socio	socio	socio	socio	socio
413	medición	medida	medición	medida	medición	medida
414	almacén	almacén	almacén	almacén	almacén	▁34
415	recopilación	colección	recopilación	colección	recopilación	recopilación
416	ítem	elemento	ítem	elemento	ítem	artículo
417	eliminar	eliminar	eliminar	eliminar	eliminar	▁71
418	calificación	evaluación	calificación	calificación	calificación	▁68
419	recuadro	recuadro	recuadro	recuadro	recuadro	▁88
420	predeterminado	▁1	predeterminado	predeterminado	predeterminado	por defecto
421	clasificatorio	clasificatorio	clasificatorio	clasificatorio	clasificatorio	▁65
422	eliminar	eliminar	eliminar	eliminar	eliminar	borrar
423	pestaña	pestaña	pestaña	pestaña	pestaña	pestaña
424	administrador	rol	administrador	rol	administrador	rol
425	socio	socio	socio	socio	socio	socio
426	editar	editar	editar	editar	editar	editar
427	pestaña	pestaña	pestaña	pestaña	pestaña	pestaña
428	enlace	enlace	enlace	enlace	enlace	enlace
429	origen	fuente	origen	origen	origen	fuente
430	tipo	procedimiento	tipo	tipo	tipo	tipo
431	eliminación	eliminación	eliminación	eliminación	eliminación	▁41
432	enlace	enlace	enlace	enlace	enlace	enlace
433	control	control	control	control	control	▁33
434	pestaña	pestaña	pestaña	pestaña	pestaña	pestaña
435	socio	socio	socio	socio	socio	socio
436	parámetro	bloqueado	parámetro	bloqueado	parámetro	▁79
437	informe	informe	informe	informe	informe	informe
438	ventaja	ventaja	ventaja	ventaja	ventaja	ventaja
439	regla negocio	regla negocio	regla negocio	regla negocio	regla negocio	▁20
440	socio	socio	socio	socio	socio	socio
441	pestaña	pestaña	pestaña	pestaña	pestaña	pestaña
442	añadir	agregar	añadir	añadir	añadir	agregar
443	socio	socio	socio	socio	socio	socio
444	publicación	▁2	publicación	emisión	publicación	▁50
445	asociado	socio	asociado	socio	asociado	socio
446	asociado	procedimiento	asociado	tipo	asociado	tipo
447	pestaña	pestaña	pestaña	pestaña	pestaña	pestaña
448	socio	socio	socio	socio	socio	socio
449	socios	socio	socios	socio	socios	socio
450	descomposición	explosión	descomposición	explosión	descomposición	▁42
451	completar	completar	completar	completar	completar	completar
452	comercial	propósito	comercial	comercial	comercial	▁64
453	cargo	cargo	cargo	cargo	cargo	▁27
454	socios	socio	socios	socio	socios	socio
455	uso	uso	uso	uso	uso	uso
456	plantilla	plantilla	plantilla	plantilla	plantilla	plantilla
457	mejora	mejora	mejora	mejora	mejora	mejora
458	objetivo	destino	objetivo	destino	objetivo	destino
459	rango	▁3	rango	rango	rango	▁67
460	proceso	iflows	proceso	flujo	proceso	flujo
461	modelo de proceso	modelo de proceso	modelo de proceso	modelo de proceso	modelo de proceso	modelo de proceso
462	ventaja	ventaja	ventaja	ventaja	ventaja	ventaja
463	tarifa	tarifa	tarifa	tarifa	tarifa	tarifa
464	programación	programa	programación	cronograma	programación	programación
465	borrar	eliminar	borrar	eliminar	borrar	borrar
466	entidad empresarial	entidad empresarial	entidad empresarial	entidad empresarial	entidad empresarial	entidad empresarial
467	sitio	sitio	sitio	sitio	sitio	sitio
468	orden de compra	orden compra	orden de compra	orden compra	orden de compra	▁2
469	estado de aprobación	estado de aprobación	estado de aprobación	estado de aprobación	estado de aprobación	▁12
470	aprobación	aprobación	aprobación	aprobación	aprobación	▁0
471	trabajo	tarea	trabajo	trabajo	trabajo	tarea
472	caso de uso	caso de uso	caso de uso	caso de uso	caso de uso	caso de uso
473	cronograma	programa	cronograma	cronograma	cronograma	programación
474	término	término	término	término	término	término
475	socio	socio	socio	socio	socio	socio
476	plantilla	plantilla	plantilla	plantilla	plantilla	plantilla
477	guardar	guardar	guardar	guardar	guardar	guardar
478	pausar	pausar	pausar	pausar	pausar	▁55
479	tipo de fecha	tipo de fecha	tipo de fecha	tipo de fecha	tipo de fecha	tipo de fecha
480	informante	reportar	informante	informe	informante	informe
481	socio	socio	socio	socio	socio	socio
482	puesto	tarea	puesto	trabajo	puesto	tarea
483	socio	socio	socio	socio	socio	socio
484	evaluación	cumplimiento	evaluación	cumplimiento	evaluación	evaluación
485	tipo	procedimiento	tipo	tipo	tipo	tipo
486	cobro	cobro	cobro	cobro	cobro	▁40
487	cobro	cobro	cobro	cobro	cobro	▁1
488	duración	tiempo	duración	duración	duración	hora
489	plantilla	plantilla	plantilla	plantilla	plantilla	plantilla
490	plantilla	plantilla	plantilla	plantilla	plantilla	plantilla
491	miembro	miembro	miembro	miembro	miembro	miembro
492	tipo de plantilla	tipo de plantilla	tipo de plantilla	tipo de plantilla	tipo de plantilla	▁86
493	cambio	cambio	cambio	cambio	cambio	▁26
494	añadir	agregar	añadir	añadir	añadir	agregar
495	predeterminado	▁1	predeterminado	predeterminado	predeterminado	por defecto
496	comentario	comentario	comentario	comentario	comentario	comentario
497	procesamiento masivo	procesamiento masivo	procesamiento masivo	procesamiento masivo	procesamiento masivo	▁54
498	plantilla	plantilla	plantilla	plantilla	plantilla	plantilla
499	pedir de producción	pedir de producción	pedir de producción	pedir de producción	pedir de producción	▁63
500	artículo	elemento	artículo	elemento	artículo	artículo
501	bloqueo	bloquear	bloqueo	bloquear	bloqueo	bloquear
502	ejecutar	ejecuta	ejecutar	ejecución	ejecutar	ejecutar
503	ubicación negocio	ubicación empresa	ubicación negocio	ubicación empresa	ubicación negocio	▁17
504	ejecución	ejecuta	ejecución	ejecución	ejecución	ejecutar
505	programar	programa	programar	cronograma	programar	programación
506	pestaña	pestaña	pestaña	pestaña	pestaña	pestaña
507	guardar	guardar	guardar	guardar	guardar	guardar
508	eliminar	eliminar	eliminar	eliminar	eliminar	borrar
509	agregar	agregar	agregar	añadir	agregar	agregar
510	determinación	determinación	determinación	determinación	determinación	▁44
511	lista desplegable	lista desplegable	lista desplegable	lista desplegable	lista desplegable	▁58
512	anexo	anexo	anexo	anexo	anexo	▁14
513	anexo	anexo	anexo	anexo	anexo	▁14
514	aplicación	uso	aplicación	utilizar	aplicación	utilizar
515	código de ejemplo	código de ejemplo	código de ejemplo	código de ejemplo	código de ejemplo	▁76
516	plantilla	plantilla	plantilla	plantilla	plantilla	plantilla
517	pestaña	pestaña	pestaña	pestaña	pestaña	pestaña
518	cronograma	programa	cronograma	cronograma	cronograma	programación
519	pestaña	pestaña	pestaña	pestaña	pestaña	pestaña
520	pestaña	pestaña	pestaña	pestaña	pestaña	pestaña
521	socio	socio	socio	socio	socio	socio
522	subagente	subagente	subagente	subagente	subagente	▁8
523	tipo de documento	tipo de documento	tipo de documento	tipo de documento	tipo de documento	▁38
524	contrato	procedimiento	contrato	tipo	contrato	tipo
525	socio comercial	socio comercial	socio comercial	socio comercial	socio comercial	▁19
526	grupo de autorización	grupo de autorización	grupo de autorización	grupo de autorización	grupo de autorización	grupo de autorización
527	realizar	ejecuta	realizar	ejecución	realizar	ejecutar
528	eliminar	eliminar	eliminar	eliminar	eliminar	borrar
529	socio	socio	socio	socio	socio	socio
530	aprobación	aprobación	aprobación	aprobación	aprobación	▁11
531	aprobación	aprobación	aprobación	aprobación	aprobación	▁0
532	eliminar	eliminar	eliminar	eliminar	eliminar	borrar
533	confirmación de servicio	confirmación de servicio	confirmación de servicio	confirmación de servicio	confirmación de servicio	confirmación de servicio
534	modelo	plantilla	modelo	plantilla	modelo	plantilla
535	guardar	guardar	guardar	guardar	guardar	guardar
536	socios	socio	socios	socio	socios	socio
537	diseño	diseño	diseño	diseño	diseño	▁53
