	tgt	pseudoref_first	tgt	pseudoref_frequent	tgt	pseudoref_predefined
0	raum	raum	raum	raum	raum	space
1	speicherressourcen	speicherressourcen	speicherressourcen	speicheinheinhen	speicherressourcen	▁119
2	teil|teilen	teil|teilen	teil|teilen	teilen	teil|teilen	teilen
3	einschränkung	einschränkung	einschränkung	einschränkung	einschränkung	einschränkung
4	erstellen	erstellen	erstellen	erstellen	erstellen	erstellen
5	verantwortungsbereich	verantwortungsbereich	verantwortungsbereich	verantwortungsbereich	verantwortungsbereich	▁12
6	trigger	trigger	trigger	trigger	trigger	auslöser
7	connector	connector	connector	anschluss	connector	▁34
8	debitor	debitor	debitor	customer	debitor	customer
9	lieferant	lieferant	lieferant	lieferant	lieferant	▁124
10	bedarfsgesteuern	bedarfsgesteuern	bedarfsgesteuern	bedarfsgesteuern	bedarfsgesteuern	▁39
11	erstellen	erstellen	erstellen	erstellen	erstellen	erstellen
12	seitenleisten	seitenleisten	seitenleisten	seitenbereich	seitenleisten	seitenbereich
13	hauptindikator	hauptindikator	hauptindikator	beschäftigungsindikatoren	hauptindikator	▁62
14	abfrage	abfrage	abfrage	abfrage	abfrage	abfrage
15	anbieter	anbieter	anbieter	anbieter	anbieter	anbieter
16	bereich	raum	bereich	raum	bereich	space
17	intercompanyen	intercompanyen	intercompanyen	intercompanyen	intercompanyen	▁64
18	veröffentlichungshistoren	veröffentlichungshistoren	veröffentlichungshistoren	verlauf	veröffentlichungshistoren	verlauf
19	veröffentlichung	veröffentlichung	veröffentlichung	veröffentlichung	veröffentlichung	freigabe
20	datenanbieter	datenanbieter	datenanbieter	datenanbieter	datenanbieter	datenanbieter
21	datenzugriffskontrollen	datenzugriffskontrollen	datenzugriffskontrollen	datenzugriffssteuern	datenzugriffskontrollen	▁6
22	datenprovider	datenanbieter	datenprovider	datenanbieter	datenprovider	datenanbieter
23	abgleich	abgleich	abgleich	abgleich	abgleich	▁111
24	anbieter	anbieter	anbieter	anbieter	anbieter	anbieter
25	anbieter	anbieter	anbieter	anbieter	anbieter	anbieter
26	freigabe	veröffentlichung	freigabe	veröffentlichung	freigabe	freigabe
27	zuordnen	zuordnen	zuordnen	zuordnen	zuordnen	zuweisen
28	speicherplatz	speicherressourcen	speicherplatz	speicheinheinhen	speicherplatz	▁119
29	raum	raum	raum	raum	raum	space
30	periode	periode	periode	periode	periode	▁85
31	datenanbieterprofilsen	datenanbieter	datenanbieterprofilsen	datenanbieter	datenanbieterprofilsen	datenanbieter
32	erstellen	erstellen	erstellen	erstellen	erstellen	erstellen
33	datenanbieter	datenanbieter	datenanbieter	datenanbieter	datenanbieter	datenanbieter
34	raum	raum	raum	raum	raum	space
35	datenanbieter	datenanbieter	datenanbieter	datenanbieter	datenanbieter	datenanbieter
36	verbrauchsmodell	verbrauchsmodell	verbrauchsmodell	verbrauchsmodell	verbrauchsmodell	verbrauchsmodell
37	referenzmenge	referenzmenge	referenzmenge	referenzmenge	referenzmenge	referenzmenge
38	zeitperiode	periode	zeitperiode	periode	zeitperiode	▁85
39	wurzelpfad	wurzelpfad	wurzelpfad	wurzelpfad	wurzelpfad	▁104
40	klauselart	klauselart	klauselart	art	klauselart	art
41	abnahme	abnahme	abnahme	abnahme	abnahme	abnahme
42	space	raum	space	raum	space	space
43	revision	revision	revision	revision	revision	▁103
44	datenprovidern	datenanbieter	datenprovidern	datenanbieter	datenprovidern	datenanbieter
45	startdatum	startdatum	startdatum	pezugsbeginnen	startdatum	▁117
46	preisfestsetzungsdatum	preisfestsetzungsdatum	preisfestsetzungsdatum	preisfestsetzungsdatum	preisfestsetzungsdatum	▁87
47	datenschichtobjeken	datenschichtobjeken	datenschichtobjeken	datenschichtobjeken	datenschichtobjeken	▁67
48	erstellen	erstellen	erstellen	erstellen	erstellen	erstellen
49	raum	raum	raum	raum	raum	space
50	skalentyp	klauselart	skalentyp	art	skalentyp	art
51	zeitplan	zeitplan	zeitplan	zeitplan	zeitplan	zeitplan
52	zusammenfassung	zusammenfassung	zusammenfassung	rechnungszusammenfassun	zusammenfassung	▁123
53	space	raum	space	raum	space	space
54	berichtszeitraum	berichtszeitraum	berichtszeitraum	bericht	berichtszeitraum	bericht
55	verbrauchsmodell	verbrauchsmodell	verbrauchsmodell	verbrauchsmodell	verbrauchsmodell	verbrauchsmodell
56	auslöser	trigger	auslöser	trigger	auslöser	auslöser
57	auftrag	auftrag	auftrag	auftrag	auftrag	auftrag
58	kunde	kunde	kunde	client	kunde	client
59	zeitintervall	zeitintervall	zeitintervall	zeitintervall	zeitintervall	▁65
60	raum	raum	raum	raum	raum	space
61	erstellen	erstellen	erstellen	erstellen	erstellen	erstellen
62	aufgabenprotokoll	aufgabenprotokoll	aufgabenprotokoll	aufgabenprotokoll	aufgabenprotokoll	aufgabenprotokoll
63	anbieter	anbieter	anbieter	anbieter	anbieter	anbieter
64	connectoren	connector	connectoren	anschluss	connectoren	▁34
65	version	veröffentlichung	version	veröffentlichung	version	freigabe
66	qualifikation	qualifikation	qualifikation	fähigkeit	qualifikation	qualifikation
67	anbieter	anbieter	anbieter	anbieter	anbieter	anbieter
68	datenanbieterprofil	datenanbieter	datenanbieterprofil	datenanbieter	datenanbieterprofil	datenanbieter
69	menü	menü	menü	menü	menü	menü
70	speicherzuordnungen	speicherzuordnungen	speicherzuordnungen	speicherzuordnungen	speicherzuordnungen	▁9
71	datenanbieter	datenanbieter	datenanbieter	datenanbieter	datenanbieter	datenanbieter
72	veröffentlichung	veröffentlichung	veröffentlichung	veröffentlichung	veröffentlichung	freigabe
73	meldung	meldung	meldung	nachricht	meldung	nachricht
74	speicherplatz	raum	speicherplatz	raum	speicherplatz	space
75	endbenutzer	endbenutzer	endbenutzer	endbenutzer	endbenutzer	endbenutzer
76	datenanbieter	datenanbieter	datenanbieter	datenanbieter	datenanbieter	datenanbieter
77	datenanbieter	datenanbieter	datenanbieter	datenanbieter	datenanbieter	datenanbieter
78	erstellen	erstellen	erstellen	erstellen	erstellen	erstellen
79	einrichten	erstellen	einrichten	erstellen	einrichten	erstellen
80	raumpriorität	raum	raumpriorität	raum	raumpriorität	space
81	klickpfad	klickpfad	klickpfad	klickpfad	klickpfad	klickpfad
82	anbieter	anbieter	anbieter	anbieter	anbieter	anbieter
83	vorfall	vorfall	vorfall	vorfall	vorfall	▁60
84	geschäftsnamen	geschäftsnamen	geschäftsnamen	geschäftsnamen	geschäftsnamen	▁22
85	arbeitszentrumsen	arbeitszentrumsen	arbeitszentrumsen	arbeitsplatz	arbeitszentrumsen	arbeitsplatz
86	aufenthaltszeitraumen	aufenthaltszeitraumen	aufenthaltszeitraumen	aufenthaltszeitraumen	aufenthaltszeitraumen	▁101
87	trigger	trigger	trigger	trigger	trigger	auslöser
88	identifikatorwerten	identifikatorwerten	identifikatorwerten	identifikatorwerten	identifikatorwerten	▁59
89	identifikatorwerten	identifikatorwerten	identifikatorwerten	identifikatorwerten	identifikatorwerten	▁1
90	▔ertrat<sos>	startdatum	▔ertrat<sos>	pezugsbeginnen	▔ertrat<sos>	▁117
91	schlüsselzuordnungen	schlüsselzuordnungen	schlüsselzuordnungen	schlüsselzuordnungen	schlüsselzuordnungen	schlüsselzuordnungen
92	datenwahl	datenwahl	datenwahl	datenwahl	datenwahl	▁36
93	element	element	element	artikel	element	artikel
94	mindestpunktzahl	mindestpunktzahl	mindestpunktzahl	mindestpunktzahl	mindestpunktzahl	▁73
95	seitenbereich	seitenleisten	seitenbereich	seitenbereich	seitenbereich	seitenbereich
96	space	raum	space	raum	space	space
97	raumdaten	raum	raumdaten	raum	raumdaten	space
98	zulassen	zulassen	zulassen	zulassen	zulassen	▁10
99	mindestpunktzahl	mindestpunktzahl	mindestpunktzahl	mindestpunktzahl	mindestpunktzahl	▁73
100	aktion	aktion	aktion	aktion	aktion	aktion
101	aktion	aktion	aktion	aktion	aktion	aktion
102	bedingung	bedingung	bedingung	bedingung	bedingung	bedingung
103	vorschrift	vorschrift	vorschrift	compliance	vorschrift	compliance
104	datenanbieter	datenanbieter	datenanbieter	datenanbieter	datenanbieter	datenanbieter
105	release	veröffentlichung	release	veröffentlichung	release	freigabe
106	▔ertrat<sos>	erstellen	▔ertrat<sos>	erstellen	▔ertrat<sos>	erstellen
107	berechtigungstypen	klauselart	berechtigungstypen	art	berechtigungstypen	art
108	cloud	connector	cloud	anschluss	cloud	▁34
109	raum	raum	raum	raum	raum	space
110	zeitplan	zeitplan	zeitplan	zeitplan	zeitplan	zeitplan
111	änderung	änderung	änderung	änderung	änderung	änderung
112	ergebniskategorie	ergebniskategorie	ergebniskategorie	ergebniskategorie	ergebniskategorie	▁24
113	dienstleistung	dienstleistung	dienstleistung	dienst	dienstleistung	dienst
114	datenanbieter	datenanbieter	datenanbieter	datenanbieter	datenanbieter	datenanbieter
115	zuwiesen	zuordnen	zuwiesen	zuordnen	zuwiesen	zuweisen
116	speicherplatz	raum	speicherplatz	raum	speicherplatz	space
117	geschäftskenntnissen	geschäftskenntnissen	geschäftskenntnissen	geschäftsanalysen	geschäftskenntnissen	▁63
118	erstellen	erstellen	erstellen	erstellen	erstellen	erstellen
119	bereich	raum	bereich	raum	bereich	space
120	speicheinheinhen	speicherressourcen	speicheinheinhen	speicheinheinhen	speicheinheinhen	▁119
121	teilen	teil|teilen	teilen	teilen	teilen	teilen
122	veröffentlichung	veröffentlichung	veröffentlichung	veröffentlichung	veröffentlichung	freigabe
123	datenzugriffssteuern	datenzugriffskontrollen	datenzugriffssteuern	datenzugriffssteuern	datenzugriffssteuern	▁6
124	datenbeschränkung	datenbeschränkung	datenbeschränkung	einschränkung	datenbeschränkung	einschränkung
125	snapshot	snapshot	snapshot	snapshot	snapshot	snapshot
126	schnittstelle	schnittstelle	schnittstelle	schnittstelle	schnittstelle	schnittstelle
127	nachricht	meldung	nachricht	nachricht	nachricht	nachricht
128	bereitstellung	bereitstellung	bereitstellung	bereitstellung	bereitstellung	▁40
129	datenanbieter	datenanbieter	datenanbieter	datenanbieter	datenanbieter	datenanbieter
130	referenzdaten	referenzdaten	referenzdaten	referenzdaten	referenzdaten	▁95
131	umstellung	bereitstellung	umstellung	bereitstellung	umstellung	▁40
132	freigabe	veröffentlichung	freigabe	veröffentlichung	freigabe	freigabe
133	datenanbieter	datenanbieter	datenanbieter	datenanbieter	datenanbieter	datenanbieter
134	bereitstellung	bereitstellung	bereitstellung	bereitstellung	bereitstellung	▁40
135	datum	datum	datum	datum	datum	▁133
136	fähigkeit	qualifikation	fähigkeit	fähigkeit	fähigkeit	qualifikation
137	feedback	feedback	feedback	feedback	feedback	feedback
138	datenanbieter	datenanbieter	datenanbieter	datenanbieter	datenanbieter	datenanbieter
139	einfügen	einfügen	einfügen	einfügen	einfügen	einfügen
140	tischmonitor	tischmonitor	tischmonitor	spaltentabellen	tischmonitor	▁3
141	geschäftsanalysen	geschäftskenntnissen	geschäftsanalysen	geschäftsanalysen	geschäftsanalysen	▁63
142	bereitstellungsstatusen	bereitstellung	bereitstellungsstatusen	bereitstellung	bereitstellungsstatusen	▁40
143	raum	raum	raum	raum	raum	space
144	personenbezogen datum	personenbezogen datum	personenbezogen datum	persönlich datum	personenbezogen datum	personenbezogen datum
145	arbeitsplatz	arbeitszentrumsen	arbeitsplatz	arbeitsplatz	arbeitsplatz	arbeitsplatz
146	erstellen	erstellen	erstellen	erstellen	erstellen	erstellen
147	pressemitteilung	veröffentlichung	pressemitteilung	veröffentlichung	pressemitteilung	freigabe
148	raum	raum	raum	raum	raum	space
149	geschäftlichen	geschäftlichen	geschäftlichen	geschäftlichen	geschäftlichen	▁21
150	verbrauchsmodell	verbrauchsmodell	verbrauchsmodell	verbrauchsmodell	verbrauchsmodell	verbrauchsmodell
151	problem	problem	problem	problem	problem	problem
152	verbrauchsmodell	verbrauchsmodell	verbrauchsmodell	verbrauchsmodell	verbrauchsmodell	verbrauchsmodell
153	pezugsbeginnen	startdatum	pezugsbeginnen	pezugsbeginnen	pezugsbeginnen	▁117
154	trigger	trigger	trigger	trigger	trigger	▁75
155	bereitstellung	bereitstellung	bereitstellung	bereitstellung	bereitstellung	▁40
156	job	job	job	job	job	job
157	platz	raum	platz	raum	platz	space
158	raumdaten	raum	raumdaten	raum	raumdaten	space
159	verfügbaren kapazität	verfügbaren kapazität	verfügbaren kapazität	verfügbaren kapazität	verfügbaren kapazität	▁19
160	vertrag	vertrag	vertrag	vertrag	vertrag	vertrag
161	verlängerungsen	verlängerungsen	verlängerungsen	verlängerungsen	verlängerungsen	▁97
162	datenanbieter	datenanbieter	datenanbieter	datenanbieter	datenanbieter	datenanbieter
163	space	raum	space	raum	space	space
164	speicherplatz	raum	speicherplatz	raum	speicherplatz	space
165	herstellen	erstellen	herstellen	erstellen	herstellen	erstellen
166	datenbeschränken	datenbeschränkung	datenbeschränken	einschränkung	datenbeschränken	einschränkung
167	übertragen	übertragen	übertragen	übertragung	übertragen	übertragen
168	verlängerungsen	verlängerungsen	verlängerungsen	verlängerungsen	verlängerungsen	▁97
169	verbrauchsmodellen	verbrauchsmodell	verbrauchsmodellen	verbrauchsmodell	verbrauchsmodellen	verbrauchsmodell
170	raum	raum	raum	raum	raum	space
171	tabellendienst	tabellendienst	tabellendienst	tabellendienst	tabellendienst	▁2
172	dienst	dienstleistung	dienst	dienst	dienst	dienst
173	verweisen	referenzdaten	verweisen	referenzdaten	verweisen	▁95
174	implementierungselemen	element	implementierungselemen	artikel	implementierungselemen	artikel
175	space	raum	space	raum	space	space
176	endbenutzer	endbenutzer	endbenutzer	endbenutzer	endbenutzer	endbenutzer
177	creator	creator	creator	creator	creator	creator
178	grafischen ansicht	grafischen ansicht	grafischen ansicht	grafischen ansicht	grafischen ansicht	▁56
179	problem	problem	problem	problem	problem	problem
180	bereich	bereich	bereich	bereich	bereich	▁80
181	zeitraum	zeitraum	zeitraum	zeitraum	zeitraum	▁20
182	sqlscript	sqlscript	sqlscript	sqlscript	sqlscript	▁110
183	update	datum	update	datum	update	▁133
184	nachricht	meldung	nachricht	nachricht	nachricht	nachricht
185	bereich	raum	bereich	raum	bereich	space
186	trigger	trigger	trigger	trigger	trigger	auslöser
187	seitenabschneiden	seitenleisten	seitenabschneiden	seitenbereich	seitenabschneiden	seitenbereich
188	erstellen	erstellen	erstellen	erstellen	erstellen	erstellen
189	vertragsart	klauselart	vertragsart	art	vertragsart	art
190	nachricht	meldung	nachricht	nachricht	nachricht	nachricht
191	bestellung	auftrag	bestellung	auftrag	bestellung	auftrag
192	vorfall	vorfall	vorfall	vorfall	vorfall	▁60
193	sitzung	sitzung	sitzung	sitzung	sitzung	sitzung
194	zeitplan	zeitplan	zeitplan	zeitplan	zeitplan	zeitplan
195	dokument	dokument	dokument	dokument	dokument	beleg
196	zeitplan	zeitplan	zeitplan	zeitplan	zeitplan	zeitplan
197	diagramm	diagramm	diagramm	diagramm	diagramm	diagramm
198	hinweis	veröffentlichung	hinweis	veröffentlichung	hinweis	freigabe
199	statisch	klauselart	statisch	art	statisch	art
200	beleg	dokument	beleg	dokument	beleg	beleg
201	revision	revision	revision	revision	revision	▁103
202	datenanbieter	datenanbieter	datenanbieter	datenanbieter	datenanbieter	datenanbieter
203	benachrichtigung	benachrichtigung	benachrichtigung	benachrichtigung	benachrichtigung	benachrichtigung
204	übertragung	übertragen	übertragung	übertragung	übertragung	übertragen
205	erstellen	erstellen	erstellen	erstellen	erstellen	erstellen
206	homepage	homepage	homepage	homepage	homepage	▁79
207	einschränkung	datenbeschränkung	einschränkung	einschränkung	einschränkung	einschränkung
208	genehmigungsprozen	genehmigungsprozen	genehmigungsprozen	genehmigungsprozen	genehmigungsprozen	▁4
209	compliance	vorschrift	compliance	compliance	compliance	compliance
210	tabellenansicht	tabellenansicht	tabellenansicht	tabellenansicht	tabellenansicht	tabellenansicht
211	routing	routing	routing	routing	routing	▁105
212	speichertyp	speichertyp	speichertyp	speichertyp	speichertyp	speichertyp
213	client	kunde	client	client	client	client
214	überprüfung	überprüfung	überprüfung	überprüfung	überprüfung	▁27
215	verbrauchsmodell	verbrauchsmodell	verbrauchsmodell	verbrauchsmodell	verbrauchsmodell	verbrauchsmodell
216	zeitplan	zeitplan	zeitplan	zeitplan	zeitplan	zeitplan
217	query	abfrage	query	abfrage	query	abfrage
218	speicherort	raum	speicherort	raum	speicherort	space
219	aufgabe	aufgabe	aufgabe	aufgabe	aufgabe	▁14
220	warteschlangenordnehnen	warteschlangenordnehnen	warteschlangenordnehnen	warteschlangenordnehnen	warteschlangenordnehnen	▁93
221	umrecenuhunus	umrecenuhunus	umrecenuhunus	umrecenuhunus	umrecenuhunus	▁90
222	arbeitspaket	arbeitspaket	arbeitspaket	arbeitspaket	arbeitspaket	▁138
223	art	klauselart	art	art	art	art
224	element	element	element	artikel	element	artikel
225	schnellaktion	aktion	schnellaktion	aktion	schnellaktion	aktion
226	schnellaktion	aktion	schnellaktion	aktion	schnellaktion	aktion
227	liste	zeitplan	liste	zeitplan	liste	zeitplan
228	erstellen	erstellen	erstellen	erstellen	erstellen	erstellen
229	intercompanyen	intercompanyen	intercompanyen	intercompanyen	intercompanyen	▁64
230	nutzung	nutzung	nutzung	nutzung	nutzung	nutzung
231	produktionsauftragen	produktionsauftragen	produktionsauftragen	produktionsauftragen	produktionsauftragen	produktionsauftragen
232	produktionsauftragen	produktionsauftragen	produktionsauftragen	produktionsauftragen	produktionsauftragen	produktionsauftragen
233	dokumentstatusen	dokumentstatusen	dokumentstatusen	dokumentstatusen	dokumentstatusen	dokumentstatusen
234	termin	termin	termin	termin	termin	▁11
235	raum	raum	raum	raum	raum	space
236	übertragungsarten	klauselart	übertragungsarten	art	übertragungsarten	art
237	position	position	position	position	position	▁86
238	hochbelasten	hochbelasten	hochbelasten	datei	hochbelasten	▁70
239	fehlerbehebung	fehlerbehebung	fehlerbehebung	fehlerbehebung	fehlerbehebung	fehlerbehebung
240	datenzugriffssteuern	datenzugriffskontrollen	datenzugriffssteuern	datenzugriffssteuern	datenzugriffssteuern	▁6
241	zurücksetzen	zurücksetzen	zurücksetzen	zurücksetzen	zurücksetzen	▁100
242	echtzeit	echtzeit	echtzeit	echtzeit	echtzeit	▁81
243	aktualisieren	aktualisieren	aktualisieren	aktualisieren	aktualisieren	aktualisieren
244	akzeptieren	akzeptieren	akzeptieren	akzeptieren	akzeptieren	▁5
245	artikel	element	artikel	artikel	artikel	artikel
246	offenlegeng	offenlegeng	offenlegeng	offenlegeng	offenlegeng	▁43
247	anbieter	anbieter	anbieter	anbieter	anbieter	anbieter
248	aufgabe	aufgabe	aufgabe	aufgabe	aufgabe	aufgabe
249	verarbeitung	verarbeitung	verarbeitung	abwicklung	verarbeitung	verarbeitung
250	tollensammlung	tollensammlung	tollensammlung	tollensammlung	tollensammlung	▁30
251	symbol	symbol	symbol	symbol	symbol	symbol
252	standardmäßig	standardmäßig	standardmäßig	standardmäßig	standardmäßig	▁37
253	verkauf	verkauf	verkauf	verkauf	verkauf	verkauf
254	verkauf	verkauf	verkauf	verkauf	verkauf	verkauf
255	einfugen	aufgabe	einfugen	aufgabe	einfugen	▁14
256	fi-ca	dokument	fi-ca	dokument	fi-ca	beleg
257	zahlungsmetheden	zahlungsmetheden	zahlungsmetheden	zahlungsmetheden	zahlungsmetheden	▁83
258	aufteilungskriteriumen	aufteilungskriteriumen	aufteilungskriteriumen	aufteilungskriteriumen	aufteilungskriteriumen	▁115
259	materialgruppe	materialgruppe	materialgruppe	materialgruppe	materialgruppe	materialgruppe
260	persönlich datum	personenbezogen datum	persönlich datum	persönlich datum	persönlich datum	personenbezogen datum
261	bericht	berichtszeitraum	bericht	bericht	bericht	bericht
262	wählen	überprüfung	wählen	überprüfung	wählen	▁27
263	anforderung	vorschrift	anforderung	compliance	anforderung	compliance
264	punktzahlart	punktzahlart	punktzahlart	punktzahlart	punktzahlart	▁109
265	sequenz	sequenz	sequenz	reihenfolge	sequenz	▁112
266	erstellen	erstellen	erstellen	erstellen	erstellen	erstellen
267	stornieren	stornieren	stornieren	stornieren	stornieren	▁23
268	unterschied	unterschied	unterschied	unterschied	unterschied	▁42
269	routing	routing	routing	routing	routing	▁105
270	mitteilung	benachrichtigung	mitteilung	benachrichtigung	mitteilung	benachrichtigung
271	überprüfung	überprüfung	überprüfung	überprüfung	überprüfung	▁137
272	folgend	folgend	folgend	folgend	folgend	▁53
273	aktion	aktion	aktion	aktion	aktion	aktion
274	aktion	aktion	aktion	aktion	aktion	aktion
275	feld	feld	feld	feld	feld	▁134
276	instandhaltungsplaner	instandhaltungsplaner	instandhaltungsplaner	instandhaltungsplaner	instandhaltungsplaner	▁72
277	zeitplan	zeitplan	zeitplan	zeitplan	zeitplan	zeitplan
278	teilen	teil|teilen	teilen	teilen	teilen	teilen
279	verfügbarkeitsübereinstimmun	verfügbarkeitsübereinstimmun	verfügbarkeitsübereinstimmun	rbereinstimmungsprozentsatzen	verfügbarkeitsübereinstimmun	▁84
280	zuweisen	zuordnen	zuweisen	zuordnen	zuweisen	zuweisen
281	konformitätsanfordern	vorschrift	konformitätsanfordern	compliance	konformitätsanfordern	compliance
282	merkmal	merkmal	merkmal	merkmal	merkmal	▁135
283	erstellen	erstellen	erstellen	erstellen	erstellen	erstellen
284	verlaufsdaten	veröffentlichungshistoren	verlaufsdaten	verlauf	verlaufsdaten	verlauf
285	aufbewahrungsfrist	aufbewahrungsfrist	aufbewahrungsfrist	aufbewahrungseinheit	aufbewahrungsfrist	▁102
286	▔ertrat<sos>	element	▔ertrat<sos>	artikel	▔ertrat<sos>	artikel
287	▔ertrat<sos>	erstellen	▔ertrat<sos>	erstellen	▔ertrat<sos>	erstellen
288	zahlungsavise	zahlungsavise	zahlungsavise	zahlungsavise	zahlungsavise	▁82
289	folgend	folgend	folgend	folgend	folgend	▁53
290	dialogtex	dialogtex	dialogtex	dialogtex	dialogtex	▁41
291	vertrag	vertrag	vertrag	vertrag	vertrag	vertrag
292	bericht	berichtszeitraum	bericht	bericht	bericht	bericht
293	datenpunkten	datenpunkten	datenpunkten	datenpunkten	datenpunkten	▁35
294	seitenbereich	seitenleisten	seitenbereich	seitenbereich	seitenbereich	seitenbereich
295	bereich	raum	bereich	raum	bereich	space
296	anforderungszeitrehmen	anforderungszeitrehmen	anforderungszeitrehmen	anforderungszeitrehmen	anforderungszeitrehmen	▁55
297	store	store	store	store	store	▁120
298	bereitstellung	bereitstellung	bereitstellung	bereitstellung	bereitstellung	▁40
299	erstellen	erstellen	erstellen	erstellen	erstellen	erstellen
300	testplantyp	klauselart	testplantyp	art	testplantyp	art
301	räumlichkeit	raum	räumlichkeit	raum	räumlichkeit	space
302	verknüpfung	verknüpfung	verknüpfung	verbindung	verknüpfung	▁15
303	platz	raum	platz	raum	platz	space
304	erstellen	erstellen	erstellen	erstellen	erstellen	erstellen
305	vermögenswert	vermögenswert	vermögenswert	vermögenswert	vermögenswert	vermögenswert
306	bereinigungsvorgehen	bereinigungsvorgehen	bereinigungsvorgehen	bereinigungsvorgehen	bereinigungsvorgehen	▁28
307	vorschrift	vorschrift	vorschrift	vorschrift	vorschrift	vorschrift
308	änderungsdokumenttypen	änderungsdokumenttypen	änderungsdokumenttypen	änderungsdokumenttypen	änderungsdokumenttypen	▁25
309	änderungsdokumenttypen	klauselart	änderungsdokumenttypen	art	änderungsdokumenttypen	art
310	erstellen	erstellen	erstellen	erstellen	erstellen	erstellen
311	compliance	vorschrift	compliance	compliance	compliance	compliance
312	kategorie	ergebniskategorie	kategorie	ergebniskategorie	kategorie	▁24
313	datenzugriffssteuern	datenzugriffskontrollen	datenzugriffssteuern	datenzugriffssteuern	datenzugriffssteuern	▁6
314	benachrichtigung	benachrichtigung	benachrichtigung	benachrichtigung	benachrichtigung	benachrichtigung
315	erstellen	erstellen	erstellen	erstellen	erstellen	erstellen
316	platz	raum	platz	raum	platz	space
317	beleg	dokument	beleg	dokument	beleg	beleg
318	anfrage	anfrage	anfrage	anfrage	anfrage	▁98
319	grupperungsregeln	grupperungsregeln	grupperungsregeln	grupperungsregeln	grupperungsregeln	▁58
320	vornehmen	vornehmen	vornehmen	vornehmen	vornehmen	▁49
321	vermögenswert	vermögenswert	vermögenswert	vermögenswert	vermögenswert	vermögenswert
322	zuweisunänderungen	aufgabe	zuweisunänderungen	aufgabe	zuweisunänderungen	▁14
323	anforderung	anforderung	anforderung	anforderung	anforderung	anforderung
324	dateikommentierung	dateikommentierung	dateikommentierung	dateikommentierung	dateikommentierung	▁31
325	verfahren	verfahren	verfahren	verfahren	verfahren	verfahren
326	erstellen	erstellen	erstellen	erstellen	erstellen	erstellen
327	kostenkomponenten	kostenkomponenten	kostenkomponenten	kostenkomponenten	kostenkomponenten	kostenkomponenten
328	problem	problem	problem	problem	problem	problem
329	abfrage	abfrage	abfrage	abfrage	abfrage	abfrage
330	arbeitsablauf	arbeitsablauf	arbeitsablauf	arbeitsablauf	arbeitsablauf	▁139
331	arbeitsablauf	erstellen	arbeitsablauf	erstellen	arbeitsablauf	erstellen
332	geltungsbereich	geltungsbereich	geltungsbereich	funktionsumfang	geltungsbereich	▁108
333	platz	raum	platz	raum	platz	space
334	tenant	tenant	tenant	tenant	tenant	▁127
335	status	status	status	status	status	status
336	abschnitt	abschnitt	abschnitt	abschnitt	abschnitt	abschnitt
337	▔ertrat<sos>	▔ertrat<sos>	▔ertrat<sos>	▔ertrat<sos>	▔ertrat<sos>	▁114
338	verpackungsebene	verpackungsebene	verpackungsebene	ebene	verpackungsebene	▁68
339	erstellen	erstellen	erstellen	erstellen	erstellen	erstellen
340	mapping	mapping	mapping	mapping	mapping	zuordnung
341	speicherorten	speicherorten	speicherorten	speicherorten	speicherorten	standort
342	klassifizierung	klassifizierung	klassifizierung	klassifizierung	klassifizierung	klassifizierung
343	dokumententyp	dokumententyp	dokumententyp	dokumententyp	dokumententyp	▁46
344	begriff	begriff	begriff	begriff	begriff	▁128
345	erstellen	erstellen	erstellen	erstellen	erstellen	erstellen
346	zeitplan	zeitplan	zeitplan	zeitplan	zeitplan	zeitplan
347	veröffentlichung	veröffentlichung	veröffentlichung	veröffentlichung	veröffentlichung	freigabe
348	limit	limit	limit	limit	limit	▁69
349	group	group	group	group	group	group
350	group	group	group	group	group	▁57
351	einkommen	einkommen	einkommen	einkommen	einkommen	▁61
352	datenzugriffssteuern	datenzugriffskontrollen	datenzugriffssteuern	datenzugriffssteuern	datenzugriffssteuern	▁6
353	bereich	raum	bereich	raum	bereich	space
354	einschränkung	datenbeschränkung	einschränkung	einschränkung	einschränkung	einschränkung
355	artikel	element	artikel	artikel	artikel	artikel
356	zeitplan	zeitplan	zeitplan	zeitplan	zeitplan	zeitplan
357	eigentümer	eigentümer	eigentümer	eigentümer	eigentümer	eigentümer
358	reihenfolge	sequenz	reihenfolge	reihenfolge	reihenfolge	▁112
359	joint venturen	joint venturen	joint venturen	joint venturen	joint venturen	▁66
360	kostenträger	kostenträger	kostenträger	kostenträger	kostenträger	▁0
361	datei	hochbelasten	datei	datei	datei	▁70
362	equipmentvorlage	equipmentvorlage	equipmentvorlage	equipmentvorlage	equipmentvorlage	▁126
363	batch	batch	batch	batch	batch	batch
364	call	call	call	call	call	call
365	profiltypen	klauselart	profiltypen	art	profiltypen	art
366	projektmanager	projektmanager	projektmanager	projektmanager	projektmanager	▁91
367	anfordern	anfordern	anfordern	anfordern	anfordern	▁99
368	dokumentklasse	dokumentklasse	dokumentklasse	dokumentklasse	dokumentklasse	▁45
369	auswählen	auswählen	auswählen	auswählen	auswählen	auswählen
370	schnellaktion	aktion	schnellaktion	aktion	schnellaktion	aktion
371	schnellaktion	aktion	schnellaktion	aktion	schnellaktion	aktion
372	veraltet	veraltet	veraltet	veraltet	veraltet	▁76
373	release	veröffentlichung	release	veröffentlichung	release	freigabe
374	prüfprotokollen	prüfprotokollen	prüfprotokollen	prüfprotokollen	prüfprotokollen	▁18
375	▔ertrat<sos>	▔ertrat<sos>	▔ertrat<sos>	▔ertrat<sos>	▔ertrat<sos>	▁131
376	anwenden	anwenden	anwenden	anwenden	anwenden	anwenden
377	bereich	raum	bereich	raum	bereich	space
378	▔ertrat<sos>	abgleich	▔ertrat<sos>	abgleich	▔ertrat<sos>	▁111
379	operation	operation	operation	operation	operation	▁78
380	vorlagenname	equipmentvorlage	vorlagenname	equipmentvorlage	vorlagenname	▁126
381	kontaktkennzeichen	kontaktkennzeichen	kontaktkennzeichen	kontaktkennzeichen	kontaktkennzeichen	▁88
382	nachricht	meldung	nachricht	nachricht	nachricht	nachricht
383	übertragung	übertragen	übertragung	übertragung	übertragung	übertragen
384	überprüfung	überprüfung	überprüfung	überprüfung	überprüfung	▁27
385	compliance	vorschrift	compliance	compliance	compliance	compliance
386	▔ertrat<sos>	▔ertrat<sos>	▔ertrat<sos>	▔ertrat<sos>	▔ertrat<sos>	▁106
387	überweisungsbetragen	überweisungsbetragen	überweisungsbetragen	überweisungsbetragen	überweisungsbetragen	überweisungsbetragen
388	maßeinheit	maßeinheit	maßeinheit	maßeinheit	maßeinheit	▁132
389	projektmanager	projektmanager	projektmanager	projektmanager	projektmanager	▁91
390	anfordern	anfordern	anfordern	anfordern	anfordern	▁99
391	besetzen	besetzen	besetzen	besetzen	besetzen	▁116
392	konnektivität	konnektivität	konnektivität	konnektivität	konnektivität	konnektivität
393	öffnen	öffnen	öffnen	öffnen	öffnen	▁77
394	erstellen	erstellen	erstellen	erstellen	erstellen	erstellen
395	space	raum	space	raum	space	space
396	geschäftsbenutzer	geschäftsbenutzer	geschäftsbenutzer	geschäftsbenutzer	geschäftsbenutzer	geschäftsbenutzer
397	standort	speicherorten	standort	speicherorten	standort	standort
398	zahlungsdetails	zahlungsdetails	zahlungsdetails	zahlungsdetails	zahlungsdetails	zahlungsdetails
399	verbrauchsmodellen	verbrauchsmodell	verbrauchsmodellen	verbrauchsmodell	verbrauchsmodellen	verbrauchsmodell
400	dokument	dokument	dokument	dokument	dokument	beleg
401	erstellen	erstellen	erstellen	erstellen	erstellen	erstellen
402	massentransfer	übertragen	massentransfer	übertragung	massentransfer	übertragen
403	scopen	geltungsbereich	scopen	funktionsumfang	scopen	▁108
404	datumstyp	klauselart	datumstyp	art	datumstyp	art
405	eigentumsinformation	eigentumsinformation	eigentumsinformation	eigentumsinformation	eigentumsinformation	▁92
406	zeitplan	zeitplan	zeitplan	zeitplan	zeitplan	zeitplan
407	abfrage	abfrage	abfrage	abfrage	abfrage	abfrage
408	verbindung	verknüpfung	verbindung	verbindung	verbindung	▁15
409	sammelbuchungen	batch	sammelbuchungen	batch	sammelbuchungen	batch
410	verlauf	veröffentlichungshistoren	verlauf	verlauf	verlauf	verlauf
411	berichtsvorgeben	berichtszeitraum	berichtsvorgeben	bericht	berichtsvorgeben	bericht
412	geschäftsnamen	geschäftsnamen	geschäftsnamen	geschäftsnamen	geschäftsnamen	▁22
413	erstellen	erstellen	erstellen	erstellen	erstellen	erstellen
414	service	dienstleistung	service	dienst	service	dienst
415	audit	audit	audit	audit	audit	audit
416	szenarienen	szenarienen	szenarienen	szenarienen	szenarienen	▁107
417	element	element	element	artikel	element	artikel
418	anzeigen	anzeigen	anzeigen	anzeigen	anzeigen	▁44
419	dokumenttyp	dokumententyp	dokumenttyp	dokumententyp	dokumenttyp	▁46
420	bericht	berichtszeitraum	bericht	bericht	bericht	bericht
421	paket	paket	paket	paket	paket	paket
422	zugriff	zugriff	zugriff	zugriff	zugriff	zugriff
423	ursprung	ursprung	ursprung	ursprung	ursprung	ursprung
424	prognose	prognose	prognose	prognose	prognose	▁54
425	assen	vermögenswert	assen	vermögenswert	assen	vermögenswert
426	beschäftigungsindikatoren	hauptindikator	beschäftigungsindikatoren	beschäftigungsindikatoren	beschäftigungsindikatoren	▁62
427	referenzmerkmale	referenzmerkmale	referenzmerkmale	referenzmerkmale	referenzmerkmale	▁96
428	dokument	dokument	dokument	dokument	dokument	beleg
429	arbeitspaket	arbeitspaket	arbeitspaket	arbeitspaket	arbeitspaket	▁138
430	erstellen	erstellen	erstellen	erstellen	erstellen	erstellen
431	artikel	element	artikel	artikel	artikel	artikel
432	zeitrahmen	zeitrahmen	zeitrahmen	zeitrahmen	zeitrahmen	▁130
433	fenster	bereich	fenster	bereich	fenster	▁80
434	einrichtung	einrichtung	einrichtung	einrichtung	einrichtung	▁50
435	attributtyp	attributtyp	attributtyp	attributtyp	attributtyp	▁17
436	berechtigung	berechtigung	berechtigung	berechtigung	berechtigung	▁47
437	schicht	datenschichtobjeken	schicht	datenschichtobjeken	schicht	▁67
438	▔ertrat<sos>	element	▔ertrat<sos>	artikel	▔ertrat<sos>	artikel
439	anschluss	connector	anschluss	anschluss	anschluss	▁34
440	paket	paket	paket	paket	paket	paket
441	nachricht	meldung	nachricht	nachricht	nachricht	nachricht
442	systemmeldung	meldung	systemmeldung	nachricht	systemmeldung	nachricht
443	verarbeiten	verarbeiten	verarbeiten	prozeß	verarbeiten	▁89
444	auftrag	auftrag	auftrag	auftrag	auftrag	auftrag
445	kberwachungsliste	kberwachungsliste	kberwachungsliste	kberwachungsliste	kberwachungsliste	▁74
446	beschränkung	datenbeschränkung	beschränkung	einschränkung	beschränkung	einschränkung
447	erstellen	erstellen	erstellen	erstellen	erstellen	erstellen
448	art	klauselart	art	art	art	art
449	markieren	markieren	markieren	markieren	markieren	markieren
450	rohstoff	rohstoff	rohstoff	rohstoff	rohstoff	▁94
451	konformitätsbewertun	konformitätsbewertun	konformitätsbewertun	konformitätsbewertun	konformitätsbewertun	▁13
452	konformitätsbewertun	konformitätsbewertun	konformitätsbewertun	konformitätsbewertun	konformitätsbewertun	▁33
453	abwicklung	verarbeitung	abwicklung	abwicklung	abwicklung	verarbeitung
454	kontakt	kontakt	kontakt	kontakt	kontakt	kontakt
455	freigabe	veröffentlichung	freigabe	veröffentlichung	freigabe	freigabe
456	▔ertrat<sos>	▔ertrat<sos>	▔ertrat<sos>	▔ertrat<sos>	▔ertrat<sos>	▁136
457	intercompanyen	intercompanyen	intercompanyen	intercompanyen	intercompanyen	▁64
458	erstellen	erstellen	erstellen	erstellen	erstellen	erstellen
459	persönlich datum	personenbezogen datum	persönlich datum	persönlich datum	persönlich datum	personenbezogen datum
460	relation	relation	relation	relation	relation	relation
461	tabellenansicht	tabellenansicht	tabellenansicht	tabellenansicht	tabellenansicht	tabellenansicht
462	importieren	importieren	importieren	importieren	importieren	importieren
463	hinweis	hinweis	hinweis	hinweis	hinweis	hinweis
464	anwenden	anwenden	anwenden	anwenden	anwenden	anwenden
465	agent	agent	agent	agent	agent	agent
466	aussetzungen	aussetzungen	aussetzungen	aussetzungen	aussetzungen	▁125
467	zuweisungsschreiten	speicherzuordnungen	zuweisungsschreiten	speicherzuordnungen	zuweisungsschreiten	▁9
468	befestigungstyp	befestigungstyp	befestigungstyp	anhang	befestigungstyp	▁16
469	auftragskarte	auftrag	auftragskarte	auftrag	auftragskarte	auftrag
470	abonnement	abonnement	abonnement	abonnement	abonnement	▁121
471	vertrag	vertrag	vertrag	vertrag	vertrag	vertrag
472	klassifizierung	klassifizierung	klassifizierung	klassifizierung	klassifizierung	klassifizierung
473	customer	debitor	customer	customer	customer	customer
474	eigenschaft	eigenschaft	eigenschaft	eigenschaft	eigenschaft	▁26
475	beend	beend	beend	beend	beend	▁129
476	ebene	verpackungsebene	ebene	ebene	ebene	▁68
477	platz	raum	platz	raum	platz	space
478	typ	klauselart	typ	art	typ	art
479	zeitplan	zeitplan	zeitplan	zeitplan	zeitplan	zeitplan
480	formatzuordnehen	mapping	formatzuordnehen	mapping	formatzuordnehen	zuordnung
481	betrieb	betrieb	betrieb	betrieb	betrieb	betrieb
482	lieferant	bereich	lieferant	bereich	lieferant	▁80
483	aufbewahrungseinheit	aufbewahrungsfrist	aufbewahrungseinheit	aufbewahrungseinheit	aufbewahrungseinheit	▁102
484	zuordnung	mapping	zuordnung	mapping	zuordnung	zuordnung
485	anforderung	anforderung	anforderung	anforderung	anforderung	anforderung
486	benachrichtigung	benachrichtigung	benachrichtigung	benachrichtigung	benachrichtigung	benachrichtigung
487	aktualisieren	aktualisieren	aktualisieren	aktualisieren	aktualisieren	aktualisieren
488	berechnungsschreiten	berechnungsschreiten	berechnungsschreiten	berechnungsschreiten	berechnungsschreiten	▁118
489	datenanbieter	datenanbieter	datenanbieter	datenanbieter	datenanbieter	datenanbieter
490	zeitplan	zeitplan	zeitplan	zeitplan	zeitplan	zeitplan
491	seitenpaneln	seitenleisten	seitenpaneln	seitenbereich	seitenpaneln	seitenbereich
492	regeltyp	klauselart	regeltyp	art	regeltyp	art
493	unternehmensübergreifen	intercompanyen	unternehmensübergreifen	intercompanyen	unternehmensübergreifen	▁64
494	bewertungsarten	bewertungsarten	bewertungsarten	bewertungsarten	bewertungsarten	▁48
495	festbestellung	auftrag	festbestellung	auftrag	festbestellung	auftrag
496	festbestellung	festbestellung	festbestellung	festbestellung	festbestellung	▁52
497	abonnement	abonnement	abonnement	abonnement	abonnement	abonnement
498	wählen	auswählen	wählen	auswählen	wählen	auswählen
499	erstellen	erstellen	erstellen	erstellen	erstellen	erstellen
500	standardwerten	standardwerten	standardwerten	standardwerten	standardwerten	▁38
501	artikel	element	artikel	artikel	artikel	artikel
502	bericht	berichtszeitraum	bericht	bericht	bericht	bericht
503	verfahren	verfahren	verfahren	verfahren	verfahren	verfahren
504	aufgabe	aufgabe	aufgabe	aufgabe	aufgabe	aufgabe
505	mapping	mapping	mapping	mapping	mapping	zuordnung
506	funktionsumfang	geltungsbereich	funktionsumfang	funktionsumfang	funktionsumfang	▁108
507	zuordnung	aufgabe	zuordnung	aufgabe	zuordnung	▁14
508	prozeß	verarbeiten	prozeß	prozeß	prozeß	▁89
509	funktionsumfangsbeschreiben	geltungsbereich	funktionsumfangsbeschreiben	funktionsumfang	funktionsumfangsbeschreiben	▁108
510	verbrauchsmodellen	verbrauchsmodell	verbrauchsmodellen	verbrauchsmodell	verbrauchsmodellen	verbrauchsmodell
511	antrag	anfrage	antrag	anfrage	antrag	▁98
512	ersatz	ersatz	ersatz	ersatz	ersatz	▁122
513	compliance	vorschrift	compliance	compliance	compliance	compliance
514	finanzbericht	finanzbericht	finanzbericht	finanzbericht	finanzbericht	▁51
515	rechnungszusammenfassun	zusammenfassung	rechnungszusammenfassun	rechnungszusammenfassun	rechnungszusammenfassun	▁123
516	zeichensatzname	zeichensatzname	zeichensatzname	zeichensatzname	zeichensatzname	▁113
517	werkersetzungen	ersatz	werkersetzungen	ersatz	werkersetzungen	▁122
518	bericht	berichtszeitraum	bericht	bericht	bericht	bericht
519	erstellen	erstellen	erstellen	erstellen	erstellen	erstellen
520	substitution	ersatz	substitution	ersatz	substitution	▁122
521	alarmberichten	berichtszeitraum	alarmberichten	bericht	alarmberichten	bericht
522	alarmberichten	alarmberichten	alarmberichten	alarmberichten	alarmberichten	▁8
523	anhang	befestigungstyp	anhang	anhang	anhang	▁16
524	kunde	debitor	kunde	customer	kunde	customer
525	tasks	aufgabe	tasks	aufgabe	tasks	aufgabe
526	abfrage	abfrage	abfrage	abfrage	abfrage	abfrage
527	bestellauftragen	auftrag	bestellauftragen	auftrag	bestellauftragen	auftrag
528	teammitglied	teammitglied	teammitglied	teammitglied	teammitglied	teammitglied
529	einrichtungsinformationen	einrichtung	einrichtungsinformationen	einrichtung	einrichtungsinformationen	▁50
530	änderungsprotokoll	änderungsprotokoll	änderungsprotokoll	änderungsprotokoll	änderungsprotokoll	▁71
531	nachrichtenänderungslüg	meldung	nachrichtenänderungslüg	nachricht	nachrichtenänderungslüg	nachricht
532	level	verpackungsebene	level	ebene	level	▁68
533	nachricht	meldung	nachricht	nachricht	nachricht	nachricht
534	abbildung	mapping	abbildung	mapping	abbildung	zuordnung
535	completed	completed	completed	completed	completed	▁32
536	spaltentabellen	tischmonitor	spaltentabellen	spaltentabellen	spaltentabellen	▁3
537	einschränkung	einschränkung	einschränkung	einschränkung	einschränkung	einschränkung
538	anforderung	anforderung	anforderung	anforderung	anforderung	anforderung
539	position	element	position	artikel	position	artikel
540	administration	administration	administration	administration	administration	▁7
541	rbereinstimmungsprozentsatzen	verfügbarkeitsübereinstimmun	rbereinstimmungsprozentsatzen	rbereinstimmungsprozentsatzen	rbereinstimmungsprozentsatzen	▁84
542	frachtlaborationsoptionen	frachtlaborationsoptionen	frachtlaborationsoptionen	frachtlaborationsoptionen	frachtlaborationsoptionen	▁29
