	tgt	pseudoref_first	tgt	pseudoref_frequent	tgt	pseudoref_predefined
0	область	область	область	область	область	область
1	контракт	контракт	контракт	контракт	контракт	договор
2	вид	вид	вид	тип	вид	вид
3	выручка	выручка	выручка	выручка	выручка	выручка
4	обновить	обновить	обновить	обновить	обновить	обновить
5	интервал	интервал	интервал	интервал	интервал	интервал
6	провайдер	провайдер	провайдер	провайдер	провайдер	поставщик
7	провайдер	провайдер	провайдер	провайдер	провайдер	поставщик
8	переход	переход	переход	переход	переход	▁3
9	вид	вид	вид	тип	вид	вид
10	вводить	вводить	вводить	ввод	вводить	ввод
11	▔	вид	▔	тип	▔	вид
12	вид	вид	вид	тип	вид	вид
13	цель	цель	цель	назначение	цель	назначение
14	тип	вид	тип	тип	тип	вид
15	тип	вид	тип	тип	тип	вид
16	общедоступный	общедоступный	общедоступный	общедоступный	общедоступный	общедоступный
17	провайдер	провайдер	провайдер	провайдер	провайдер	поставщик
18	ввод	вводить	ввод	ввод	ввод	ввод
19	тип	вид	тип	тип	тип	вид
20	отсрочить	отсрочить	отсрочить	отсрочить	отсрочить	отсрочить
21	провайдер	провайдер	провайдер	провайдер	провайдер	поставщик
22	предписание	предписание	предписание	предписание	предписание	предписание
23	провайдер	провайдер	провайдер	провайдер	провайдер	поставщик
24	ввод	вводить	ввод	ввод	ввод	ввод
25	вывод	вывод	вывод	вывод	вывод	вывод
26	▔	▁1	▔	фактурирование	▔	фактурирование
27	explosion	explosion	explosion	explosion	explosion	▁7
28	связь	связь	связь	связь	связь	связь
29	group	group	group	group	group	▁11
30	вид	вид	вид	тип	вид	вид
31	договор	контракт	договор	контракт	договор	договор
32	объём	объём	объём	объём	объём	объём
33	дополнение	дополнение	дополнение	дополнение	дополнение	дополнение
34	сопоставление	сопоставление	сопоставление	сопоставление	сопоставление	мэппинг
35	сводка	сводка	сводка	сводка	сводка	резюме
36	валюта отчётность	валюта отчётность	валюта отчётность	валюта отчётность	валюта отчётность	валюта отчётность
37	пространство	пространство	пространство	пространство	пространство	пространство
38	редактировать	редактировать	редактировать	редактировать	редактировать	редактировать
39	пространство	пространство	пространство	пространство	пространство	пространство
40	планирование	планирование	планирование	планирование	планирование	запланировать
41	ввод	вводить	ввод	ввод	ввод	ввод
42	ведомость учёт услуга	ведомость учёт услуга	ведомость учёт услуга	ведомость учёт услуга	ведомость учёт услуга	ведомость учёт услуга
43	провайдер	провайдер	провайдер	провайдер	провайдер	поставщик
44	провайдер	провайдер	провайдер	провайдер	провайдер	поставщик
45	интервал	интервал	интервал	интервал	интервал	интервал
46	вводить	вводить	вводить	ввод	вводить	ввод
47	вид	вид	вид	тип	вид	вид
48	планирование	планирование	планирование	планирование	планирование	запланировать
49	провайдер данные	провайдер данные	провайдер данные	провайдер данные	провайдер данные	провайдер данные
50	период активный хранение	период активный хранение	период активный хранение	период активный хранение	период активный хранение	период активный хранение
51	приостановление	приостановление	приостановление	приостановление	приостановление	приостановление
52	тип проект	тип проект	тип проект	тип проект	тип проект	тип проект
53	ассистент	ассистент	ассистент	ассистент	ассистент	ассистент
54	поток	поток	поток	поток	поток	поток
55	сопоставление	сопоставление	сопоставление	сопоставление	сопоставление	мэппинг
56	дата исполнение	дата исполнение	дата исполнение	дата исполнение	дата исполнение	дата исполнение
57	отметить	отметить	отметить	отметить	отметить	отметить
58	провайдер	провайдер	провайдер	провайдер	провайдер	поставщик
59	транзакция	транзакция	транзакция	движение	транзакция	движение
60	пользовательский поле	пользовательский поле	пользовательский поле	пользовательский поле	пользовательский поле	пользовательский поле
61	область	область	область	область	область	область
62	период активный хранение	период активный хранение	период активный хранение	период активный хранение	период активный хранение	период активный хранение
63	деталь	деталь	деталь	деталь	деталь	деталь
64	интервал	интервал	интервал	интервал	интервал	интервал
65	поставщик	провайдер	поставщик	провайдер	поставщик	поставщик
66	баланс	баланс	баланс	баланс	баланс	баланс
67	скопировать	скопировать	скопировать	скопировать	скопировать	скопировать
68	разграничение	разграничение	разграничение	разграничение	разграничение	разграничение
69	вид	вид	вид	тип	вид	вид
70	использовать	использовать	использовать	использовать	использовать	использование
71	тип	вид	тип	тип	тип	вид
72	планирование	планирование	планирование	планирование	планирование	запланировать
73	тип	вид	тип	тип	тип	вид
74	▔	вывод	▔	вывод	▔	вывод
75	ввод	вводить	ввод	ввод	ввод	ввод
76	вид	вид	вид	тип	вид	вид
77	перерасчёт	перерасчёт	перерасчёт	перерасчёт	перерасчёт	перерасчёт
78	договор	контракт	договор	контракт	договор	договор
79	редактировать	редактировать	редактировать	редактировать	редактировать	редактировать
80	на основа потребность	на основа потребность	на основа потребность	на основа потребность	на основа потребность	на основа потребность
81	ввод	вводить	ввод	ввод	ввод	ввод
82	соединение	соединение	соединение	соединение	соединение	соединение
83	пространство	пространство	пространство	пространство	пространство	пространство
84	разграничение	разграничение	разграничение	разграничение	разграничение	разграничение
85	период активный хранение	период активный хранение	период активный хранение	период активный хранение	период активный хранение	период активный хранение
86	контракт	контракт	контракт	контракт	контракт	договор
87	сборка	сборка	сборка	сборка	сборка	сборка
88	скопировать	скопировать	скопировать	скопировать	скопировать	скопировать
89	планирование	планирование	планирование	планирование	планирование	запланировать
90	разграничение	разграничение	разграничение	разграничение	разграничение	разграничение
91	провайдер	провайдер	провайдер	провайдер	провайдер	поставщик
92	ведомость учёт услуга	ведомость учёт услуга	ведомость учёт услуга	ведомость учёт услуга	ведомость учёт услуга	ведомость учёт услуга
93	тип	вид	тип	тип	тип	вид
94	изменить	изменить	изменить	изменить	изменить	изменение
95	планирование	планирование	планирование	планирование	планирование	запланировать
96	отмена	отмена	отмена	отмена	отмена	отмена
97	приостановить	приостановить	приостановить	приостановить	приостановить	приостановка
98	контент	контент	контент	контент	контент	контент
99	настройка	настройка	настройка	настроить	настройка	настроить
100	тред	тред	тред	тред	тред	тред
101	личный данные	личный данные	личный данные	личный данные	личный данные	▁0
102	личный данные	личный данные	личный данные	личный данные	личный данные	▁15
103	поставщик	провайдер	поставщик	провайдер	поставщик	поставщик
104	тип	вид	тип	тип	тип	вид
105	вложение	вложение	вложение	вложение	вложение	вложение
106	активация	активация	активация	активировать	активация	активация
107	провайдер данные	провайдер данные	провайдер данные	провайдер данные	провайдер данные	провайдер данные
108	отчёт	отчёт	отчёт	отчёт	отчёт	отчёт
109	категория	категория	категория	категория	категория	категория
110	▔	вид	▔	тип	▔	вид
111	клиент	клиент	клиент	клиент	клиент	клиент
112	тип	вид	тип	тип	тип	вид
113	изменить	изменить	изменить	изменить	изменить	изменение
114	поставщик	провайдер	поставщик	провайдер	поставщик	поставщик
115	планирование	планирование	планирование	планирование	планирование	запланировать
116	провайдер	провайдер	провайдер	провайдер	провайдер	поставщик
117	курс	курс	курс	курс	курс	курс
118	ассистент	ассистент	ассистент	ассистент	ассистент	ассистент
119	шаблон	шаблон	шаблон	шаблон	шаблон	шаблон
120	тип	вид	тип	тип	тип	вид
121	провайдер	провайдер	провайдер	провайдер	провайдер	поставщик
122	неактивно	неактивно	неактивно	неактивно	неактивно	неактивно
123	редактировать	редактировать	редактировать	редактировать	редактировать	редактировать
124	поставщик	провайдер	поставщик	провайдер	поставщик	поставщик
125	планирование	планирование	планирование	планирование	планирование	запланировать
126	скопировать	скопировать	скопировать	скопировать	скопировать	скопировать
127	редактировать	редактировать	редактировать	редактировать	редактировать	редактировать
128	вкладка	вкладка	вкладка	вкладка	вкладка	вкладка
129	провайдер	провайдер	провайдер	провайдер	провайдер	поставщик
130	тип	вид	тип	тип	тип	вид
131	планирование	планирование	планирование	планирование	планирование	запланировать
132	объём	объём	объём	объём	объём	объём
133	договор	контракт	договор	контракт	договор	договор
134	срок хранение	срок хранение	срок хранение	период хранение	срок хранение	период хранение
135	журнал	журнал	журнал	журнал	журнал	журнал
136	пространство	пространство	пространство	пространство	пространство	пространство
137	▔	курс	▔	курс	▔	курс
138	вкладка	вкладка	вкладка	вкладка	вкладка	вкладка
139	вид	вид	вид	тип	вид	вид
140	пространство	пространство	пространство	пространство	пространство	пространство
141	перенести	перенести	перенести	перенести	перенести	▁20
142	тип	вид	тип	тип	тип	вид
143	инстанция	инстанция	инстанция	инстанция	инстанция	инстанция
144	открыто	открыто	открыто	открыто	открыто	открыто
145	тип	вид	тип	тип	тип	вид
146	ассистент	ассистент	ассистент	ассистент	ассистент	ассистент
147	вид	вид	вид	тип	вид	вид
148	вкладка	вкладка	вкладка	вкладка	вкладка	вкладка
149	вид	вид	вид	тип	вид	вид
150	планирование	планирование	планирование	планирование	планирование	запланировать
151	ассистент	ассистент	ассистент	ассистент	ассистент	ассистент
152	заявка	заявка	заявка	заявка	заявка	заявка
153	изменить	изменить	изменить	изменить	изменить	изменение
154	вкладка	вкладка	вкладка	вкладка	вкладка	вкладка
155	перезапустить	перезапустить	перезапустить	перезапустить	перезапустить	▁18
156	приостановить	приостановить	приостановить	приостановить	приостановить	приостановка
157	связь	связь	связь	связь	связь	связь
158	агрегировать	агрегировать	агрегировать	агрегировать	агрегировать	агрегировать
159	договор	контракт	договор	контракт	договор	договор
160	тип	вид	тип	тип	тип	вид
161	элемент	элемент	элемент	позиция	элемент	позиция
162	среда дизайн	среда дизайн	среда дизайн	среда дизайн	среда дизайн	среда дизайн
163	вид	вид	вид	тип	вид	вид
164	расписание	планирование	расписание	планирование	расписание	запланировать
165	вид	вид	вид	тип	вид	вид
166	получить	получить	получить	получить	получить	получить
167	обновление	обновить	обновление	обновить	обновление	обновить
168	выгружать	выгружать	выгружать	выгружать	выгружать	выгружать
169	проверить	проверить	проверить	проверить	проверить	проверить
170	пространство	пространство	пространство	пространство	пространство	пространство
171	вид	вид	вид	тип	вид	вид
172	приостановить	приостановить	приостановить	приостановить	приостановить	приостановка
173	▔	▁3	▔	вид сделка	▔	вид сделка
174	поставщик	провайдер	поставщик	провайдер	поставщик	поставщик
175	ассистент	ассистент	ассистент	ассистент	ассистент	ассистент
176	тип	вид	тип	тип	тип	вид
177	тип	вид	тип	тип	тип	вид
178	провайдер	провайдер	провайдер	провайдер	провайдер	поставщик
179	редактирование	редактировать	редактирование	редактировать	редактирование	редактировать
180	входной	вводить	входной	ввод	входной	ввод
181	перерасчёт	перерасчёт	перерасчёт	перерасчёт	перерасчёт	перерасчёт
182	подтверждение сервис	подтверждение сервис	подтверждение сервис	подтверждение сервис	подтверждение сервис	подтверждение выполнение сервис
183	заявка	заявка	заявка	заявка	заявка	заявка
184	использовать	использовать	использовать	использовать	использовать	использование
185	провайдер	провайдер	провайдер	провайдер	провайдер	поставщик
186	edit	редактировать	edit	редактировать	edit	редактировать
187	пространство	пространство	пространство	пространство	пространство	пространство
188	вид	вид	вид	тип	вид	вид
189	получить	получить	получить	получить	получить	получить
190	заказ на закупка	заказ на закупка	заказ на закупка	заказ на закупка	заказ на закупка	заказ на закупка
191	заказ на закупка	заказ на закупка	заказ на закупка	заказ на закупка	заказ на закупка	заказ на закупка
192	заказ клиент	заказ клиент	заказ клиент	заказ клиент	заказ клиент	заказ клиент
193	вид	вид	вид	тип	вид	вид
194	исключение	исключение	исключение	исключение	исключение	исключение
195	вид	вид	вид	тип	вид	вид
196	категория	категория	категория	категория	категория	категория
197	позиция	элемент	позиция	позиция	позиция	позиция
198	обновить	обновить	обновить	обновить	обновить	обновить
199	тип	вид	тип	тип	тип	вид
200	предписание	предписание	предписание	предписание	предписание	предписание
201	присвоение происхождение	присвоение происхождение	присвоение происхождение	присвоение происхождение	присвоение происхождение	присвоение происхождение
202	▔	▁2	▔	оговорка	▔	оговорка
203	ассистент	ассистент	ассистент	ассистент	ассистент	ассистент
204	провайдер	провайдер	провайдер	провайдер	провайдер	поставщик
205	вкладка	вкладка	вкладка	вкладка	вкладка	вкладка
206	вкладка	вкладка	вкладка	вкладка	вкладка	вкладка
207	тип	вид	тип	тип	тип	вид
208	тип	вид	тип	тип	тип	вид
209	срок хранение	срок хранение	срок хранение	период хранение	срок хранение	период хранение
210	вид сделка	▁3	вид сделка	вид сделка	вид сделка	вид сделка
211	вид	вид	вид	тип	вид	вид
212	подтверждение выполнение сервис	подтверждение сервис	подтверждение выполнение сервис	подтверждение сервис	подтверждение выполнение сервис	подтверждение выполнение сервис
213	начисление процент	начисление процент	начисление процент	начисление процент	начисление процент	начисление процент
214	перерасчётный позиция	перерасчётный позиция	перерасчётный позиция	перерасчётный позиция	перерасчётный позиция	перерасчётный позиция
215	редактировать	редактировать	редактировать	редактировать	редактировать	редактировать
216	редактировать	редактировать	редактировать	редактировать	редактировать	редактировать
217	заказ на закупка	заказ на закупка	заказ на закупка	заказ на закупка	заказ на закупка	заказ на закупка
218	заказ на закупка	заказ на закупка	заказ на закупка	заказ на закупка	заказ на закупка	заказ на закупка
219	объединить	объединить	объединить	объединить	объединить	объединить
220	рабочий пакет	рабочий пакет	рабочий пакет	рабочий пакет	рабочий пакет	рабочий пакет
221	вид	вид	вид	тип	вид	вид
222	планирование	планирование	планирование	планирование	планирование	запланировать
223	приостановить	приостановить	приостановить	приостановить	приостановить	приостановка
224	связь	связь	связь	связь	связь	связь
225	вид	вид	вид	тип	вид	вид
226	обновить	обновить	обновить	обновить	обновить	обновить
227	операция	операция	операция	операция	операция	операция
228	▔	вид	▔	тип	▔	вид
229	использование	использование	использование	использование	использование	▁21
230	записать	записать	записать	записать	записать	▁17
231	ремонт	ремонт	ремонт	ремонт	ремонт	ремонт
232	контракт	контракт	контракт	контракт	контракт	договор
233	управление данные по охрана здоровье и защита окружающий среда	управление данные по охрана здоровье и защита окружающий среда	управление данные по охрана здоровье и защита окружающий среда	управление данные по охрана здоровье и защита окружающий среда	управление данные по охрана здоровье и защита окружающий среда	управление данные по охрана здоровье и защита окружающий среда
234	вид	вид	вид	тип	вид	вид
235	заявка	заявка	заявка	заявка	заявка	заявка
236	агент	агент	агент	агент	агент	агент
237	заявка	заявка	заявка	заявка	заявка	заявка
238	выполнить	выполнить	выполнить	выполнить	выполнить	выполнить
239	подтверждение сервис	подтверждение сервис	подтверждение сервис	подтверждение сервис	подтверждение сервис	подтверждение выполнение сервис
240	поставщик	провайдер	поставщик	провайдер	поставщик	поставщик
241	характеристика	характеристика	характеристика	характеристика	характеристика	характеристика
242	период хранение	срок хранение	период хранение	период хранение	период хранение	период хранение
243	перевозчик	перевозчик	перевозчик	перевозчик	перевозчик	перевозчик
244	подтверждение сервис	подтверждение сервис	подтверждение сервис	подтверждение сервис	подтверждение сервис	подтверждение выполнение сервис
245	использовать	использовать	использовать	использовать	использовать	использование
246	вид транспортировка	вид транспортировка	вид транспортировка	вид транспортировка	вид транспортировка	вид транспортировка
247	тип	вид	тип	тип	тип	вид
248	договор	контракт	договор	контракт	договор	договор
249	заказ клиент	заказ клиент	заказ клиент	заказ клиент	заказ клиент	заказ клиент
250	деблокировать	деблокировать	деблокировать	деблокировать	деблокировать	деблокировать
251	расчётный центр	расчётный центр	расчётный центр	расчётный центр	расчётный центр	расчётный центр
252	расчётный центр	расчётный центр	расчётный центр	расчётный центр	расчётный центр	расчётный центр
253	сводка	сводка	сводка	сводка	сводка	резюме
254	изменение	изменить	изменение	изменить	изменение	изменение
255	открытый	открыто	открытый	открыто	открытый	открыто
256	мониторить	мониторить	мониторить	мониторить	мониторить	▁14
257	вид	вид	вид	тип	вид	вид
258	вид событие	вид событие	вид событие	вид событие	вид событие	вид событие
259	настроить	настройка	настроить	настроить	настроить	настроить
260	тип	вид	тип	тип	тип	вид
261	редактировать	редактировать	редактировать	редактировать	редактировать	редактировать
262	календарный план	планирование	календарный план	планирование	календарный план	запланировать
263	редактировать	редактировать	редактировать	редактировать	редактировать	редактировать
264	тип	вид	тип	тип	тип	вид
265	тип	вид	тип	тип	тип	вид
266	система отчёт	отчёт	система отчёт	отчёт	система отчёт	отчёт
267	редактировать	редактировать	редактировать	редактировать	редактировать	редактировать
268	▔	вид	▔	тип	▔	вид
269	оговорка	▁2	оговорка	оговорка	оговорка	оговорка
270	тип	вид	тип	тип	тип	вид
271	контракт	контракт	контракт	контракт	контракт	договор
272	▔	вид	▔	тип	▔	вид
273	включить	активация	включить	активировать	включить	активация
274	редактировать	редактировать	редактировать	редактировать	редактировать	редактировать
275	пропуск	пропуск	пропуск	пропуск	пропуск	пропуск
276	consumption model	consumption model	consumption model	consumption model	consumption model	▁4
277	планирование	планирование	планирование	планирование	планирование	запланировать
278	проверить	проверить	проверить	проверить	проверить	проверить
279	обновить	обновить	обновить	обновить	обновить	обновить
280	вид	вид	вид	тип	вид	вид
281	оператор	оператор	оператор	оператор	оператор	оператор
282	место хранение	место хранение	место хранение	место хранение	место хранение	место хранение
283	согласие	согласие	согласие	согласие	согласие	согласие
284	использовать	использовать	использовать	использовать	использовать	использование
285	сумма	сумма	сумма	сумма	сумма	сумма
286	▔	провайдер	▔	провайдер	▔	поставщик
287	применить	применить	применить	применить	применить	▁2
288	отмена	отмена	отмена	отмена	отмена	отмена
289	тип	вид	тип	тип	тип	вид
290	получить	получить	получить	получить	получить	получить
291	пакет	пакет	пакет	пакет	пакет	пакет
292	чек	проверить	чек	проверить	чек	проверить
293	тип	вид	тип	тип	тип	вид
294	выполнить	выполнить	выполнить	выполнить	выполнить	выполнить
295	отредактировать	редактировать	отредактировать	редактировать	отредактировать	редактировать
296	изменить	изменить	изменить	изменить	изменить	изменение
297	запись журнал	запись журнал	запись журнал	запись журнал	запись журнал	запись журнал
298	провайдер	провайдер	провайдер	провайдер	провайдер	поставщик
299	клиент	клиент	клиент	клиент	клиент	клиент
300	следующий	следующий	следующий	следующий	следующий	▁9
301	вид	вид	вид	тип	вид	вид
302	следующий	следующий	следующий	следующий	следующий	▁9
303	срок хранение	срок хранение	срок хранение	срок хранение	срок хранение	срок хранение
304	вкладка	вкладка	вкладка	вкладка	вкладка	вкладка
305	изменить	изменить	изменить	изменить	изменить	изменение
306	вид	вид	вид	тип	вид	вид
307	закрыть	закрыть	закрыть	закрыть	закрыть	закрыть
308	налог на источник доход	налог на источник доход	налог на источник доход	налог на источник доход	налог на источник доход	налог на источник доход
309	лимит	лимит	лимит	лимит	лимит	лимит
310	проверка	проверка	проверка	проверка	проверка	проверка
311	вывод	вывод	вывод	вывод	вывод	вывод
312	индикатор блокировка	индикатор блокировка	индикатор блокировка	индикатор блокировка	индикатор блокировка	индикатор блокировка
313	запланировать	планирование	запланировать	планирование	запланировать	запланировать
314	график поставка	график поставка	график поставка	график поставка	график поставка	▁19
315	вкладка	вкладка	вкладка	вкладка	вкладка	вкладка
316	мэппинг	сопоставление	мэппинг	сопоставление	мэппинг	мэппинг
317	редактировать	редактировать	редактировать	редактировать	редактировать	редактировать
318	форма	форма	форма	форма	форма	форма
319	использование	использовать	использование	использовать	использование	использование
320	планирование	планирование	планирование	планирование	планирование	запланировать
321	на стадия подготовка	на стадия подготовка	на стадия подготовка	на стадия подготовка	на стадия подготовка	на стадия подготовка
322	вид	вид	вид	тип	вид	вид
323	match	match	match	match	match	▁13
324	планирование	планирование	планирование	планирование	планирование	запланировать
325	тип	вид	тип	тип	тип	вид
326	копия	скопировать	копия	скопировать	копия	скопировать
327	тип	вид	тип	тип	тип	вид
328	резюме	сводка	резюме	сводка	резюме	резюме
329	подтверждение выполнение сервис	подтверждение сервис	подтверждение выполнение сервис	подтверждение сервис	подтверждение выполнение сервис	подтверждение выполнение сервис
330	уровень проводок	уровень проводок	уровень проводок	уровень проводок	уровень проводок	уровень проводок
331	ввод	вводить	ввод	ввод	ввод	ввод
332	фактурирование	▁1	фактурирование	фактурирование	фактурирование	фактурирование
333	▔	group	▔	group	▔	▁11
334	тип	вид	тип	тип	тип	вид
335	экологический норматив	экологический норматив	экологический норматив	экологический норматив	экологический норматив	экологический норматив
336	повторный представление	повторный представление	повторный представление	повторный представление	повторный представление	повторный представление
337	перезапустить	перезапустить	перезапустить	перезапустить	перезапустить	▁18
338	персональный дать	персональный дать	персональный дать	личный информация	персональный дать	личный информация
339	период хранение	срок хранение	период хранение	период хранение	период хранение	период хранение
340	тип	вид	тип	тип	тип	вид
341	▔	транзакция	▔	движение	▔	движение
342	тип	вид	тип	тип	тип	вид
343	репликация данные	репликация данные	репликация данные	репликация данные	репликация данные	репликация данные
344	платёж	платёж	платёж	оплата	платёж	оплата
345	сигнал	сигнал	сигнал	сигнал	сигнал	сигнал
346	вид	вид	вид	тип	вид	вид
347	тип	вид	тип	тип	тип	вид
348	истечение	истечение	истечение	истечение	истечение	▁6
349	контракт	контракт	контракт	контракт	контракт	договор
350	начало срок действие	начало срок действие	начало срок действие	начало срок действие	начало срок действие	начало срок действие
351	редактирование	редактировать	редактирование	редактировать	редактирование	редактировать
352	контракт	контракт	контракт	контракт	контракт	договор
353	тип	вид	тип	тип	тип	вид
354	категория использование	категория использование	категория использование	категория использование	категория использование	категория использование
355	операция	операция	операция	действие	операция	действие
356	идентификатор поставщик	идентификатор поставщик	идентификатор поставщик	идентификатор поставщик	идентификатор поставщик	идентификатор поставщик
357	вид	вид	вид	тип	вид	вид
358	тип	вид	тип	тип	тип	вид
359	подтверждение сервис	подтверждение сервис	подтверждение сервис	подтверждение сервис	подтверждение сервис	подтверждение выполнение сервис
360	распределение	перерасчёт	распределение	перерасчёт	распределение	перерасчёт
361	статья	перерасчёт	статья	перерасчёт	статья	перерасчёт
362	get	получить	get	получить	get	получить
363	операция	операция	операция	операция	операция	операция
364	входной	вводить	входной	ввод	входной	ввод
365	скопировать	скопировать	скопировать	скопировать	скопировать	скопировать
366	вид	вид	вид	тип	вид	вид
367	личный информация	персональный дать	личный информация	личный информация	личный информация	личный информация
368	страховой случай	страховой случай	страховой случай	страховой случай	страховой случай	страховой случай
369	контракт	контракт	контракт	контракт	контракт	договор
370	редактировать	редактировать	редактировать	редактировать	редактировать	редактировать
371	провайдер	провайдер	провайдер	провайдер	провайдер	поставщик
372	переходить	переходить	переходить	переходить	переходить	▁10
373	обработка	обработка	обработка	обработать	обработка	обработать
374	оператор	оператор	оператор	оператор	оператор	оператор
375	действие	операция	действие	действие	действие	действие
376	назначение	цель	назначение	назначение	назначение	назначение
377	изменить	изменить	изменить	изменить	изменить	изменение
378	налог на источник доход	налог на источник доход	налог на источник доход	налог на источник доход	налог на источник доход	налог на источник доход
379	назначение	назначение	назначение	назначение	назначение	назначение
380	услуга	услуга	услуга	услуга	услуга	услуга
381	spaces	пространство	spaces	пространство	spaces	пространство
382	операция	операция	операция	операция	операция	операция
383	вложить	вложить	вложить	вложить	вложить	вложить
384	оплата	платёж	оплата	оплата	оплата	оплата
385	вывод	вывод	вывод	вывод	вывод	вывод
386	операция	операция	операция	операция	операция	операция
387	вводить	вводить	вводить	ввод	вводить	ввод
388	ввод	вводить	ввод	ввод	ввод	ввод
389	использование	использовать	использование	использовать	использование	использование
390	изменить	изменить	изменить	изменить	изменить	изменение
391	тип	вид	тип	тип	тип	вид
392	вид	вид	вид	тип	вид	вид
393	изменить	изменить	изменить	изменить	изменить	изменение
394	транспорт	транспорт	транспорт	транспорт	транспорт	транспорт
395	перевозчик	перевозчик	перевозчик	перевозчик	перевозчик	перевозчик
396	подключение	подключение	подключение	подключение	подключение	подключение
397	обработать	обработка	обработать	обработать	обработать	обработать
398	активировать	активация	активировать	активировать	активировать	активация
399	компания-провайдер	провайдер	компания-провайдер	провайдер	компания-провайдер	поставщик
400	сумма	сумма	сумма	сумма	сумма	сумма
401	controller	оператор	controller	оператор	controller	оператор
402	управлять ключ подтверждение	управлять ключ подтверждение	управлять ключ подтверждение	управлять ключ подтверждение	управлять ключ подтверждение	управлять ключ подтверждение
403	выверка	выверка	выверка	выверка	выверка	▁16
404	тип	вид	тип	тип	тип	вид
405	провайдер	провайдер	провайдер	провайдер	провайдер	поставщик
406	тип	вид	тип	тип	тип	вид
407	расход	расход	расход	расход	расход	расход
408	категория	категория	категория	категория	категория	категория
409	приостановка	приостановить	приостановка	приостановить	приостановка	приостановка
410	тип	вид	тип	тип	тип	вид
411	транспортный	транспорт	транспортный	транспорт	транспортный	транспорт
412	вкладка	вкладка	вкладка	вкладка	вкладка	вкладка
413	тип	вид	тип	тип	тип	вид
414	рабочий процесс	рабочий процесс	рабочий процесс	рабочий процесс	рабочий процесс	рабочий процесс
415	коллекторский агентство	коллекторский агентство	коллекторский агентство	коллекторский агентство	коллекторский агентство	коллекторский агентство
416	тип	вид	тип	тип	тип	вид
417	тип	вид	тип	тип	тип	вид
418	клиент	клиент	клиент	клиент	клиент	клиент
419	категория	категория	категория	категория	категория	категория
420	редактировать	редактировать	редактировать	редактировать	редактировать	редактировать
421	характеристика	характеристика	характеристика	характеристика	характеристика	характеристика
422	деблокировать	деблокировать	деблокировать	деблокировать	деблокировать	деблокировать
423	аналитический диаграмма	аналитический диаграмма	аналитический диаграмма	аналитический диаграмма	аналитический диаграмма	аналитический диаграмма
424	поставщик	провайдер	поставщик	провайдер	поставщик	поставщик
425	присвоить	присвоить	присвоить	присвоить	присвоить	присвоить
426	тип прогон	тип прогон	тип прогон	тип прогон	тип прогон	тип прогон
427	выход	выход	выход	выход	выход	выход
428	провайдер данные	провайдер данные	провайдер данные	провайдер данные	провайдер данные	провайдер данные
429	счёт	клиент	счёт	клиент	счёт	клиент
430	проверка	проверить	проверка	проверить	проверка	проверить
431	▔	вид	▔	тип	▔	вид
432	ведение	ведение	ведение	ведение	ведение	▁12
433	структура местоположение	структура местоположение	структура местоположение	структура местоположение	структура местоположение	структура местоположение
434	соответствие	соответствие	соответствие	соответствие	соответствие	соответствие
435	раздел	раздел	раздел	раздел	раздел	раздел
436	возмещение	возмещение	возмещение	возмещение	возмещение	возмещение
437	схема калькуляция	схема калькуляция	схема калькуляция	схема калькуляция	схема калькуляция	схема калькуляция
438	сборка	сборка	сборка	сборка	сборка	сборка
439	вкладка	вкладка	вкладка	вкладка	вкладка	вкладка
440	редактировать	редактировать	редактировать	редактировать	редактировать	редактировать
441	шаблон	шаблон	шаблон	шаблон	шаблон	шаблон
442	тип	вид	тип	тип	тип	вид
443	движение	транзакция	движение	движение	движение	движение
444	остановка	остановка	остановка	остановка	остановка	остановка
445	вкладка	вкладка	вкладка	вкладка	вкладка	вкладка
446	активировать	активация	активировать	активировать	активировать	активация
447	контракт	контракт	контракт	контракт	контракт	договор
448	редактировать	редактировать	редактировать	редактировать	редактировать	редактировать
449	мастер	ассистент	мастер	ассистент	мастер	ассистент
450	тип объект	тип объект	тип объект	тип объект	тип объект	тип объект
451	отменить	отменить	отменить	отменить	отменить	отменить
452	с ограничение	с ограничение	с ограничение	с ограничение	с ограничение	с ограничение
453	актив	актив	актив	актив	актив	актив
454	проверка	проверка	проверка	проверка	проверка	проверка
455	использование	использовать	использование	использовать	использование	использование
456	отчёт	отчёт	отчёт	отчёт	отчёт	отчёт
457	вид классификация	вид классификация	вид классификация	вид классификация	вид классификация	вид классификация
458	в проверка	в проверка	в проверка	в проверка	в проверка	в проверка
459	провайдер	провайдер	провайдер	провайдер	провайдер	поставщик
460	вид	вид	вид	тип	вид	вид
461	вкладка	вкладка	вкладка	вкладка	вкладка	вкладка
462	▔	остановка	▔	остановка	▔	остановка
463	обновление	обновить	обновление	обновить	обновление	обновить
464	порядок	порядок	порядок	порядок	порядок	порядок
465	планирование	планирование	планирование	планирование	планирование	запланировать
466	вкладка	вкладка	вкладка	вкладка	вкладка	вкладка
467	распределение	распределение	распределение	распределение	распределение	▁5
468	записать	записать	записать	записать	записать	▁17
469	▔	▁0	▔	▁	▔	▁1
470	группирование	группирование	группирование	группирование	группирование	группирование
471	документ расчёт	документ расчёт	документ расчёт	документ расчёт	документ расчёт	документ расчёт
472	промежуточный счёт	промежуточный счёт	промежуточный счёт	промежуточный счёт	промежуточный счёт	промежуточный счёт
473	редактировать	редактировать	редактировать	редактировать	редактировать	редактировать
474	использовать	использовать	использовать	использовать	использовать	использование
475	вид	вид	вид	тип	вид	вид
476	транспорт	транспорт	транспорт	транспорт	транспорт	транспорт
477	поставщик	провайдер	поставщик	провайдер	поставщик	поставщик
478	тип	вид	тип	тип	тип	вид
479	распределение поступление	распределение поступление	распределение поступление	распределение поступление	распределение поступление	распределение поступление
480	триггер	триггер	триггер	триггер	триггер	триггер
481	тип	вид	тип	тип	тип	вид
482	номер	номер	номер	номер	номер	▁8
483	вид	вид	вид	тип	вид	вид
484	общий	общедоступный	общий	общедоступный	общий	общедоступный
485	приостановка	приостановить	приостановка	приостановить	приостановка	приостановка
486	контракт	контракт	контракт	контракт	контракт	договор
487	получить	получить	получить	получить	получить	получить
488	договор	контракт	договор	контракт	договор	договор
489	применить	применить	применить	применить	применить	▁2
490	вид процесс	вид процесс	вид процесс	вид процесс	вид процесс	вид процесс
491	контент	контент	контент	контент	контент	контент
492	тип	вид	тип	тип	тип	вид
493	редактировать	редактировать	редактировать	редактировать	редактировать	редактировать
494	прогнозный график поставка	график поставка	прогнозный график поставка	график поставка	прогнозный график поставка	▁19
495	запланировать	планирование	запланировать	планирование	запланировать	запланировать
496	загрузка	загрузка	загрузка	загрузка	загрузка	загрузка
497	изменение	изменить	изменение	изменить	изменение	изменение
498	▔	вид	▔	тип	▔	вид
499	поставщик	провайдер	поставщик	провайдер	поставщик	поставщик
500	вывод	вывод	вывод	вывод	вывод	вывод
501	тип	вид	тип	тип	тип	вид
502	деактивировать	деактивировать	деактивировать	деактивировать	деактивировать	деактивировать
503	числовой	числовой	числовой	числовой	числовой	числовой
504	вид документ	вид документ	вид документ	вид документ	вид документ	вид документ
505	получить	получить	получить	получить	получить	получить
506	▔	категория	▔	категория	▔	категория
507	обновить	обновить	обновить	обновить	обновить	обновить
508	сводка	сводка	сводка	сводка	сводка	резюме
509	биллинговый дать	биллинговый дать	биллинговый дать	биллинговый дать	биллинговый дать	биллинговый дать
510	простой контировка	простой контировка	простой контировка	простой контировка	простой контировка	простой контировка
511	отменить	отменить	отменить	отменить	отменить	отменить
512	мероприятие	мероприятие	мероприятие	мероприятие	мероприятие	мероприятие
513	подвид	подвид	подвид	подвид	подвид	подвид
