	tgt	pseudoref_first	tgt	pseudoref_frequent	tgt	pseudoref_predefined
0	bereich	bereich	bereich	platz	bereich	platz
1	speicherkapazität	speicherkapazität	speicherkapazität	speicherkapazität	speicherkapazität	▁137
2	weitergabe	weitergabe	weitergabe	teilen	weitergabe	teilen
3	beschränkung	beschränkung	beschränkung	beschränkung	beschränkung	▁41
4	anlegen	anlegen	anlegen	erstellen	anlegen	erstellen
5	aufgabenbereich	aufgabenbereich	aufgabenbereich	aufgabenbereich	aufgabenbereich	▁14
6	trigger	trigger	trigger	trigger	trigger	▁150
7	verknüpfung	verknüpfung	verknüpfung	▔ertrat<sos>	verknüpfung	▁40
8	kunde	kunde	kunde	kunde	kunde	▁42
9	lieferant	lieferant	lieferant	lieferant	lieferant	▁142
10	gesteuert	gesteuert	gesteuert	gesteuert	gesteuert	▁45
11	erstellen	anlegen	erstellen	erstellen	erstellen	erstellen
12	▔ertrat<sos>	▔ertrat<sos>	▔ertrat<sos>	seitenfenster	▔ertrat<sos>	▁128
13	hauptindikator	hauptindikator	hauptindikator	busyen	hauptindikator	▁71
14	anfrage	anfrage	anfrage	abfrage	anfrage	abfrage
15	anbieter	anbieter	anbieter	anbieter	anbieter	anbieter
16	bereich	bereich	bereich	platz	bereich	platz
17	intern	intern	intern	intern	intern	▁75
18	veröffentlichungshistoren	veröffentlichungshistoren	veröffentlichungshistoren	aufbewahrungsdauern	veröffentlichungshistoren	▁66
19	veröffentlichungshistoren	veröffentlichungshistoren	veröffentlichungshistoren	release	veröffentlichungshistoren	release
20	datenanbieter	datenanbieter	datenanbieter	datenanbieter	datenanbieter	datenanbieter
21	steuerung datenzugreifen	steuerung datenzugreifen	steuerung datenzugreifen	datenzugriffssteuern	steuerung datenzugreifen	▁9
22	datenanbieter	datenanbieter	datenanbieter	datenanbieter	datenanbieter	datenanbieter
23	abgleichsschwellen	abgleichsschwellen	abgleichsschwellen	abgleichsschwellen	abgleichsschwellen	abschnitt
24	anbieter	anbieter	anbieter	anbieter	anbieter	anbieter
25	anbieter	anbieter	anbieter	anbieter	anbieter	anbieter
26	version	veröffentlichungshistoren	version	release	version	release
27	zuordnen	zuordnen	zuordnen	zuordnen	zuordnen	zuweisen
28	speicherkapazität	speicherkapazität	speicherkapazität	speicherkapazität	speicherkapazität	▁137
29	speicherplatz	bereich	speicherplatz	platz	speicherplatz	platz
30	periode	periode	periode	periode	periode	▁102
31	datenanbieter	datenanbieter	datenanbieter	datenanbieter	datenanbieter	datenanbieter
32	erstellen	anlegen	erstellen	erstellen	erstellen	erstellen
33	provider	datenanbieter	provider	datenanbieter	provider	datenanbieter
34	space	bereich	space	platz	space	platz
35	datenanbieter	datenanbieter	datenanbieter	datenanbieter	datenanbieter	datenanbieter
36	verbrauchsmodell	verbrauchsmodell	verbrauchsmodell	verbrauchsmodell	verbrauchsmodell	verbrauchsmodell
37	referenzmenge	referenzmenge	referenzmenge	referenzmenge	referenzmenge	referenzmenge
38	zeitspanne	periode	zeitspanne	periode	zeitspanne	▁102
39	wurzelpfad	wurzelpfad	wurzelpfad	wurzelpfad	wurzelpfad	▁120
40	klauselart	klauselart	klauselart	typ	klauselart	typ
41	annahme	annahme	annahme	annahme	annahme	▁8
42	raum	bereich	raum	platz	raum	platz
43	revision	revision	revision	revision	revision	▁119
44	datenanbieter	datenanbieter	datenanbieter	datenanbieter	datenanbieter	datenanbieter
45	startzeitpunkt	startzeitpunkt	startzeitpunkt	beginn	startzeitpunkt	▁135
46	datum preisfeststellungen	datum preisfeststellungen	datum preisfeststellungen	datum preisfeststellungen	datum preisfeststellungen	▁104
47	datum	datum	datum	datum	datum	▁81
48	erstellen	anlegen	erstellen	erstellen	erstellen	erstellen
49	raum	bereich	raum	platz	raum	platz
50	skalentyp	klauselart	skalentyp	typ	skalentyp	typ
51	zeitplan	zeitplan	zeitplan	zeitplan	zeitplan	zeitplan
52	zusammenfassung	zusammenfassung	zusammenfassung	zusammenfassung	zusammenfassung	▁141
53	arbeitsbereich	bereich	arbeitsbereich	platz	arbeitsbereich	platz
54	berichtsperioden	berichtsperioden	berichtsperioden	bericht	berichtsperioden	bericht
55	verbrauchsmodell	verbrauchsmodell	verbrauchsmodell	verbrauchsmodell	verbrauchsmodell	verbrauchsmodell
56	trigger	trigger	trigger	trigger	trigger	▁150
57	auftrag	auftrag	auftrag	auftrag	auftrag	auftrag
58	kunde	kunde	kunde	analyseanwendingen	kunde	▁35
59	zeitraum	zeitraum	zeitraum	zeitraum	zeitraum	▁76
60	space	bereich	space	platz	space	platz
61	wählen	anlegen	wählen	erstellen	wählen	erstellen
62	aufgabenprotokoll	aufgabenprotokoll	aufgabenprotokoll	aufgabenprotokoll	aufgabenprotokoll	aufgabenprotokoll
63	anbieter	anbieter	anbieter	anbieter	anbieter	anbieter
64	▔ertrat<sos>	verknüpfung	▔ertrat<sos>	▔ertrat<sos>	▔ertrat<sos>	▁40
65	veröffentlichung	veröffentlichungshistoren	veröffentlichung	release	veröffentlichung	release
66	fähigkeit	fähigkeit	fähigkeit	fähigkeit	fähigkeit	▁129
67	anbieter	anbieter	anbieter	anbieter	anbieter	anbieter
68	datenanbieters	datenanbieter	datenanbieters	datenanbieter	datenanbieters	datenanbieter
69	menüpunken	menüpunken	menüpunken	menüpunken	menüpunken	▁3
70	einteilung	einteilung	einteilung	einteilung	einteilung	▁11
71	datenanbieter	datenanbieter	datenanbieter	datenanbieter	datenanbieter	datenanbieter
72	release	veröffentlichungshistoren	release	release	release	release
73	meldung	meldung	meldung	nachricht	meldung	meldung
74	speicherbereich	bereich	speicherbereich	platz	speicherbereich	platz
75	endbenutzer	endbenutzer	endbenutzer	endbenutzer	endbenutzer	endbenutzer
76	datenanbieter	datenanbieter	datenanbieter	datenanbieter	datenanbieter	datenanbieter
77	datenanbieters	datenanbieter	datenanbieters	datenanbieter	datenanbieters	datenanbieter
78	erstellen	anlegen	erstellen	erstellen	erstellen	erstellen
79	erstellen	anlegen	erstellen	erstellen	erstellen	erstellen
80	priorität	bereich	priorität	platz	priorität	platz
81	navigationsleisten	navigationsleisten	navigationsleisten	navigationsleisten	navigationsleisten	▁23
82	anbieter	anbieter	anbieter	anbieter	anbieter	anbieter
83	ereignis	ereignis	ereignis	ereignis	ereignis	▁69
84	firmenname	firmenname	firmenname	firmenname	firmenname	▁26
85	werkstätte	werkstätte	werkstätte	arbeitsplatzzuweissen	werkstätte	▁157
86	aufenthaltsdauer	aufenthaltsdauer	aufenthaltsdauer	aufenthaltsdauer	aufenthaltsdauer	▁117
87	ablaufschwelle	trigger	ablaufschwelle	trigger	ablaufschwelle	▁150
88	identifikationswerten	identifikationswerten	identifikationswerten	identifikationswerten	identifikationswerten	▁67
89	identifikationswerten	identifikationswerten	identifikationswerten	identifikationswerten	identifikationswerten	▁2
90	▔ertrat<sos>	startzeitpunkt	▔ertrat<sos>	beginn	▔ertrat<sos>	▁135
91	schlüsselabgleichen	schlüsselabgleichen	schlüsselabgleichen	schlüsselabgleichen	schlüsselabgleichen	▁80
92	datenauswahl	datenauswahl	datenauswahl	datenauswahl	datenauswahl	datenauswahl
93	element	element	element	artikel	element	artikel
94	mindestwert	mindestwert	mindestwert	mindestwert	mindestwert	▁87
95	seitenfenster	▔ertrat<sos>	seitenfenster	seitenfenster	seitenfenster	▁128
96	raum	bereich	raum	platz	raum	platz
97	raumfahrtdaten	bereich	raumfahrtdaten	platz	raumfahrtdaten	platz
98	gestatten	gestatten	gestatten	gestatten	gestatten	▁12
99	mindestwert	mindestwert	mindestwert	mindestwert	mindestwert	▁87
100	maßnahme	maßnahme	maßnahme	aktion	maßnahme	aktion
101	▔ertrat<sos>	▔ertrat<sos>	▔ertrat<sos>	aktion	▔ertrat<sos>	aktion
102	bedingung	bedingung	bedingung	bedingung	bedingung	bedingung
103	konformitätsanfordern	konformitätsanfordern	konformitätsanfordern	compliance	konformitätsanfordern	compliance
104	datenanbieter	datenanbieter	datenanbieter	datenanbieter	datenanbieter	datenanbieter
105	release	veröffentlichungshistoren	release	release	release	release
106	release	anlegen	release	erstellen	release	erstellen
107	berechtigungsarten	klauselart	berechtigungsarten	typ	berechtigungsarten	typ
108	▔ertrat<sos>	verknüpfung	▔ertrat<sos>	▔ertrat<sos>	▔ertrat<sos>	▁40
109	speicherplatz	bereich	speicherplatz	platz	speicherplatz	platz
110	zeitplan	zeitplan	zeitplan	zeitplan	zeitplan	zeitplan
111	wechsel	wechsel	wechsel	wechsel	wechsel	▁30
112	ergebniskategorie	ergebniskategorie	ergebniskategorie	ergebniskategorie	ergebniskategorie	▁29
113	service	service	service	service	service	service
114	datenanbieter	datenanbieter	datenanbieter	datenanbieter	datenanbieter	datenanbieter
115	zuwiesen	zuordnen	zuwiesen	zuordnen	zuwiesen	zuweisen
116	speicherplatz	bereich	speicherplatz	platz	speicherplatz	platz
117	erkenntnis	erkenntnis	erkenntnis	erkenntnis	erkenntnis	▁73
118	erstellen	anlegen	erstellen	erstellen	erstellen	erstellen
119	bereich	bereich	bereich	platz	bereich	platz
120	speicherressourcen	speicherkapazität	speicherressourcen	speicherkapazität	speicherressourcen	▁137
121	weitergeben	weitergabe	weitergeben	teilen	weitergeben	teilen
122	veröffentlichung	veröffentlichungshistoren	veröffentlichung	release	veröffentlichung	release
123	datenzugriffssteuern	steuerung datenzugreifen	datenzugriffssteuern	datenzugriffssteuern	datenzugriffssteuern	▁9
124	sperre	sperre	sperre	einschränkung	sperre	einschränkung
125	datum	datum	datum	datum	datum	▁130
126	schnittstelle	schnittstelle	schnittstelle	schnittstelle	schnittstelle	schnittstelle
127	nachricht	meldung	nachricht	nachricht	nachricht	meldung
128	deployment	deployment	deployment	deployment	deployment	▁46
129	datenanbieters	datenanbieter	datenanbieters	datenanbieter	datenanbieters	datenanbieter
130	referenzdaten	referenzdaten	referenzdaten	beziehen	referenzdaten	▁111
131	neuverteilung	deployment	neuverteilung	deployment	neuverteilung	▁46
132	release	veröffentlichungshistoren	release	release	release	release
133	datenanbieter	datenanbieter	datenanbieter	datenanbieter	datenanbieter	datenanbieter
134	hochladen	deployment	hochladen	deployment	hochladen	▁46
135	aktualisieren	aktualisieren	aktualisieren	aktualisieren	aktualisieren	aktualisieren
136	fähigkeit	fähigkeit	fähigkeit	fähigkeit	fähigkeit	▁129
137	feedback	feedback	feedback	feedback	feedback	feedback
138	datenanbieter	datenanbieter	datenanbieter	datenanbieter	datenanbieter	datenanbieter
139	eingabe	eingabe	eingabe	eingabe	eingabe	▁72
140	▔ertrat<sos>	▔ertrat<sos>	▔ertrat<sos>	tabelle	▔ertrat<sos>	tabelle
141	erkenntnis	erkenntnis	erkenntnis	erkenntnis	erkenntnis	▁73
142	▔ertrat<sos>	deployment	▔ertrat<sos>	deployment	▔ertrat<sos>	▁46
143	speicher	bereich	speicher	platz	speicher	platz
144	versönlichen datum	versönlichen datum	versönlichen datum	personenbezogen datum	versönlichen datum	personenbezogen datum
145	arbeitsplatzzuweissen	werkstätte	arbeitsplatzzuweissen	arbeitsplatzzuweissen	arbeitsplatzzuweissen	▁157
146	erstellen	anlegen	erstellen	erstellen	erstellen	erstellen
147	veröffentlichung	veröffentlichungshistoren	veröffentlichung	release	veröffentlichung	release
148	space	bereich	space	platz	space	platz
149	geschäftlichen	geschäftlichen	geschäftlichen	geschäftlichen	geschäftlichen	▁25
150	verbrauchsmodellen	verbrauchsmodell	verbrauchsmodellen	verbrauchsmodell	verbrauchsmodellen	verbrauchsmodell
151	thema	thema	thema	thema	thema	▁77
152	verbrauchsmodell	verbrauchsmodell	verbrauchsmodell	verbrauchsmodell	verbrauchsmodell	verbrauchsmodell
153	beginn	startzeitpunkt	beginn	beginn	beginn	▁135
154	namespacen	namespacen	namespacen	namespacen	namespacen	namespacen
155	deployment	deployment	deployment	deployment	deployment	▁46
156	auftrag	auftrag	auftrag	auftrag	auftrag	▁78
157	platz	bereich	platz	platz	platz	platz
158	raumdaten	bereich	raumdaten	platz	raumdaten	platz
159	verfügbar kapazität	verfügbar kapazität	verfügbar kapazität	verfügbar kapazität	verfügbar kapazität	▁21
160	vertrag	vertrag	vertrag	vertrag	vertrag	vertrag
161	verlängerung	verlängerung	verlängerung	verlängerung	verlängerung	▁114
162	datenanbieter	datenanbieter	datenanbieter	datenanbieter	datenanbieter	datenanbieter
163	space	bereich	space	platz	space	platz
164	platz	bereich	platz	platz	platz	platz
165	herstellen	anlegen	herstellen	erstellen	herstellen	erstellen
166	datenbeschränken	sperre	datenbeschränken	einschränkung	datenbeschränken	einschränkung
167	mitarbeiter	mitarbeiter	mitarbeiter	massenübertragung	mitarbeiter	▁148
168	verlängerungsklauseln	verlängerung	verlängerungsklauseln	verlängerung	verlängerungsklauseln	▁114
169	verbrauchsmodellen	verbrauchsmodell	verbrauchsmodellen	verbrauchsmodell	verbrauchsmodellen	verbrauchsmodell
170	raum	bereich	raum	platz	raum	platz
171	service	service	service	service	service	▁5
172	service	service	service	service	service	service
173	beziehen	referenzdaten	beziehen	beziehen	beziehen	▁111
174	implementierungselemen	element	implementierungselemen	artikel	implementierungselemen	artikel
175	raumdaten	bereich	raumdaten	platz	raumdaten	platz
176	endbenutzer	endbenutzer	endbenutzer	endbenutzer	endbenutzer	endbenutzer
177	creator	creator	creator	creator	creator	creator
178	grafischen ansicht	grafischen ansicht	grafischen ansicht	grafischen ansicht	grafischen ansicht	▁63
179	thema	thema	thema	thema	thema	▁77
180	thema	thema	thema	fenster	thema	▁96
181	buck	buck	buck	buck	buck	▁24
182	skript	skript	skript	skript	skript	skript
183	update	aktualisieren	update	aktualisieren	update	aktualisieren
184	nachricht	meldung	nachricht	nachricht	nachricht	meldung
185	bereich	bereich	bereich	platz	bereich	platz
186	▔ertrat<sos>	trigger	▔ertrat<sos>	trigger	▔ertrat<sos>	▁150
187	seitenspalten	▔ertrat<sos>	seitenspalten	seitenfenster	seitenspalten	▁128
188	erstellen	anlegen	erstellen	erstellen	erstellen	erstellen
189	typ|type|typus	klauselart	typ|type|typus	typ	typ|type|typus	typ
190	nachricht	meldung	nachricht	nachricht	nachricht	meldung
191	auftrag	auftrag	auftrag	auftrag	auftrag	auftrag
192	vorfall	ereignis	vorfall	ereignis	vorfall	▁69
193	sitzung	sitzung	sitzung	sitzung	sitzung	sitzung
194	zeitplan	zeitplan	zeitplan	zeitplan	zeitplan	zeitplan
195	dokument	dokument	dokument	dokument	dokument	▁50
196	berechtigung	zeitplan	berechtigung	zeitplan	berechtigung	zeitplan
197	tabelle	tabelle	tabelle	tabelle	tabelle	▁33
198	fristbezugen	veröffentlichungshistoren	fristbezugen	release	fristbezugen	release
199	datenauswahltyp	klauselart	datenauswahltyp	typ	datenauswahltyp	typ
200	dokument	dokument	dokument	dokument	dokument	▁50
201	revision	revision	revision	revision	revision	▁119
202	datenanbieters	datenanbieter	datenanbieters	datenanbieter	datenanbieters	datenanbieter
203	meldung	meldung	meldung	benachrichtigung	meldung	benachrichtigung
204	übermitteln	mitarbeiter	übermitteln	massenübertragung	übermitteln	▁148
205	erstellen	anlegen	erstellen	erstellen	erstellen	erstellen
206	homepage	homepage	homepage	homepage	homepage	▁95
207	einschränkung	sperre	einschränkung	einschränkung	einschränkung	einschränkung
208	information	information	information	information	information	▁6
209	compliance	konformitätsanfordern	compliance	compliance	compliance	compliance
210	tabellenansicht	tabellenansicht	tabellenansicht	tabelle anzeigen	tabellenansicht	tabellenansicht
211	routing	routing	routing	routing	routing	▁121
212	speichertyp	speichertyp	speichertyp	speichertyp	speichertyp	speichertyp
213	analyseanwendingen	kunde	analyseanwendingen	analyseanwendingen	analyseanwendingen	▁35
214	prüfung	prüfung	prüfung	prüfung	prüfung	prüfung
215	verbrauchsmodell	verbrauchsmodell	verbrauchsmodell	verbrauchsmodell	verbrauchsmodell	verbrauchsmodell
216	zeitplan	zeitplan	zeitplan	zeitplan	zeitplan	zeitplan
217	query	anfrage	query	abfrage	query	abfrage
218	speicherplatz	bereich	speicherplatz	platz	speicherplatz	platz
219	dokument	dokument	dokument	aufgabe	dokument	▁16
220	warteschlange	warteschlange	warteschlange	warteschlange	warteschlange	warteschlange
221	projekt44	projekt44	projekt44	projekt44	projekt44	▁108
222	arbeitspaket	arbeitspaket	arbeitspaket	arbeitspaket	arbeitspaket	▁158
223	arbeitsaufgabentypen	klauselart	arbeitsaufgabentypen	typ	arbeitsaufgabentypen	typ
224	gegenstand	element	gegenstand	artikel	gegenstand	artikel
225	sofortmaßnahmen	maßnahme	sofortmaßnahmen	aktion	sofortmaßnahmen	aktion
226	sofortmaßnahmen	▔ertrat<sos>	sofortmaßnahmen	aktion	sofortmaßnahmen	aktion
227	zeitplan	zeitplan	zeitplan	zeitplan	zeitplan	zeitplan
228	erstellen	anlegen	erstellen	erstellen	erstellen	erstellen
229	unternehmensintern	intern	unternehmensintern	intern	unternehmensintern	▁75
230	nutzung	nutzung	nutzung	nutzung	nutzung	nutzung
231	produktionsauftragen	produktionsauftragen	produktionsauftragen	produktionsauftragen	produktionsauftragen	produktionsauftragen
232	produktionsauftragen	produktionsauftragen	produktionsauftragen	produktionsauftragen	produktionsauftragen	produktionsauftragen
233	status dokument	status dokument	status dokument	status dokument	status dokument	▁52
234	termin	termin	termin	termin	termin	▁13
235	raum	bereich	raum	platz	raum	platz
236	versandarten	klauselart	versandarten	typ	versandarten	typ
237	position	position	position	position	position	▁103
238	hochbelastungsphase	hochbelastungsphase	hochbelastungsphase	hochbelastungsphase	hochbelastungsphase	▁83
239	diagnose	diagnose	diagnose	diagnose	diagnose	▁151
240	datenzugriffssteuern	steuerung datenzugreifen	datenzugriffssteuern	datenzugriffssteuern	datenzugriffssteuern	▁9
241	neuinstallation	neuinstallation	neuinstallation	neuinstallation	neuinstallation	▁116
242	halt	halt	halt	halt	halt	▁97
243	aktualisieren	aktualisieren	aktualisieren	aktualisieren	aktualisieren	aktualisieren
244	akzeptieren	akzeptieren	akzeptieren	akzeptieren	akzeptieren	▁7
245	produkt	element	produkt	artikel	produkt	artikel
246	offenlegeng	offenlegeng	offenlegeng	offenlegeng	offenlegeng	▁48
247	anbieter	anbieter	anbieter	anbieter	anbieter	anbieter
248	aufgabe	aufgabe	aufgabe	aufgabe	aufgabe	aufgabe
249	weiterverarbeitung	weiterverarbeitung	weiterverarbeitung	abwicklung	weiterverarbeitung	▁107
250	sammlung	sammlung	sammlung	sammlung	sammlung	sammlung
251	symbol	symbol	symbol	symbol	symbol	symbol
252	standardmäßig	standardmäßig	standardmäßig	standardmäßig	standardmäßig	▁43
253	verkauf	verkauf	verkauf	verkauf	verkauf	verkauf
254	verkauf	verkauf	verkauf	verkauf	verkauf	verkauf
255	aufgabe	dokument	aufgabe	aufgabe	aufgabe	▁16
256	fina	dokument	fina	dokument	fina	▁50
257	zahlungsmetheden	zahlungsmetheden	zahlungsmetheden	zahlungsmetheden	zahlungsmetheden	▁100
258	aufteilungsmerkmal	aufteilungsmerkmal	aufteilungsmerkmal	aufteilungsmerkmal	aufteilungsmerkmal	▁132
259	materialgruppe	materialgruppe	materialgruppe	materialgruppe	materialgruppe	materialgruppe
260	personenbezogen datum	versönlichen datum	personenbezogen datum	personenbezogen datum	personenbezogen datum	personenbezogen datum
261	bericht	berichtsperioden	bericht	bericht	bericht	bericht
262	überprüfen	prüfung	überprüfen	prüfung	überprüfen	prüfung
263	complianceanfordern	konformitätsanfordern	complianceanfordern	compliance	complianceanfordern	compliance
264	ergebnis	ergebnis	ergebnis	ergebnis	ergebnis	▁125
265	sequenz	sequenz	sequenz	folge	sequenz	▁126
266	erstellen	anlegen	erstellen	erstellen	erstellen	erstellen
267	▔ertrat<sos>	▔ertrat<sos>	▔ertrat<sos>	▔ertrat<sos>	▔ertrat<sos>	▁28
268	abweichung	abweichung	abweichung	abweichung	abweichung	abweichung
269	routing	routing	routing	routing	routing	▁121
270	mitteilung	meldung	mitteilung	benachrichtigung	mitteilung	benachrichtigung
271	überprüfung	überprüfung	überprüfung	überprüfung	überprüfung	▁156
272	folgend	folgend	folgend	folgend	folgend	▁60
273	schritt	maßnahme	schritt	aktion	schritt	aktion
274	schritt	▔ertrat<sos>	schritt	aktion	schritt	aktion
275	feldkraften	feldkraften	feldkraften	feldkraften	feldkraften	▁153
276	wartungsplaner	wartungsplaner	wartungsplaner	wartungsplaner	wartungsplaner	▁85
277	plan	zeitplan	plan	zeitplan	plan	zeitplan
278	teilen	weitergabe	teilen	teilen	teilen	teilen
279	prozentwert	prozentwert	prozentwert	ebereinstimmangen	prozentwert	▁101
280	zuweisen	zuordnen	zuweisen	zuordnen	zuweisen	zuweisen
281	konformitätschriften	konformitätsanfordern	konformitätschriften	compliance	konformitätschriften	compliance
282	eigenschaftswerten	eigenschaftswerten	eigenschaftswerten	eigenschaftswerten	eigenschaftswerten	▁154
283	erstellen	anlegen	erstellen	erstellen	erstellen	erstellen
284	aufbewahrungsdauern	veröffentlichungshistoren	aufbewahrungsdauern	aufbewahrungsdauern	aufbewahrungsdauern	▁66
285	aufbewahrungsdauern	aufbewahrungsdauern	aufbewahrungsdauern	aufbewahrungsdauern	aufbewahrungsdauern	▁118
286	▔ertrat<sos>	element	▔ertrat<sos>	artikel	▔ertrat<sos>	artikel
287	▔ertrat<sos>	anlegen	▔ertrat<sos>	erstellen	▔ertrat<sos>	erstellen
288	zahlungsanweisung	zahlungsanweisung	zahlungsanweisung	zahlungsanweisung	zahlungsanweisung	▁98
289	folgend	folgend	folgend	folgend	folgend	▁60
290	dialogtex	dialogtex	dialogtex	dialogtex	dialogtex	▁47
291	vertrag	vertrag	vertrag	vertrag	vertrag	vertrag
292	bericht	berichtsperioden	bericht	bericht	bericht	bericht
293	datenpunkt	datenpunkt	datenpunkt	datenpunkt	datenpunkt	datenpunkt
294	seitenleisten	▔ertrat<sos>	seitenleisten	seitenfenster	seitenleisten	▁128
295	bereich	bereich	bereich	platz	bereich	platz
296	zeitraum	zeitraum	zeitraum	zeitraum	zeitraum	▁62
297	store	store	store	store	store	▁138
298	einsatz	deployment	einsatz	deployment	einsatz	▁46
299	erstellen	anlegen	erstellen	erstellen	erstellen	erstellen
300	testplan	klauselart	testplan	typ	testplan	typ
301	raum|räumen	bereich	raum|räumen	platz	raum|räumen	platz
302	verband	verband	verband	verband	verband	▁17
303	platz	bereich	platz	platz	platz	platz
304	erstellen	anlegen	erstellen	erstellen	erstellen	erstellen
305	vermögenswert	vermögenswert	vermögenswert	abschreibunwert	vermögenswert	vermögenswert
306	abrechnungseintragen	abrechnungseintragen	abrechnungseintragen	abrechnungseintragen	abrechnungseintragen	▁34
307	vorschrift	vorschrift	vorschrift	vorschrift	vorschrift	vorschrift
308	veränderungsdokumen	veränderungsdokumen	veränderungsdokumen	veränderungsdokumen	veränderungsdokumen	▁31
309	veränderungsdokumen	klauselart	veränderungsdokumen	typ	veränderungsdokumen	typ
310	voraussetzung	anlegen	voraussetzung	erstellen	voraussetzung	erstellen
311	einhaltung anforderung	konformitätsanfordern	einhaltung anforderung	compliance	einhaltung anforderung	compliance
312	kategorie	ergebniskategorie	kategorie	ergebniskategorie	kategorie	▁29
313	datenzugriffssteuern	steuerung datenzugreifen	datenzugriffssteuern	datenzugriffssteuern	datenzugriffssteuern	▁9
314	benachrichtigungslisten	meldung	benachrichtigungslisten	benachrichtigung	benachrichtigungslisten	benachrichtigung
315	erstellen	anlegen	erstellen	erstellen	erstellen	erstellen
316	platz	bereich	platz	platz	platz	platz
317	unterlage	dokument	unterlage	dokument	unterlage	▁50
318	antrag	antrag	antrag	anfrage	antrag	antrag
319	grupperungsregeln	grupperungsregeln	grupperungsregeln	grupperungsregeln	grupperungsregeln	▁65
320	durchfahren|durchführen	durchfahren|durchführen	durchfahren|durchführen	durchfahren|durchführen	durchfahren|durchführen	▁56
321	abschreibunwert	vermögenswert	abschreibunwert	abschreibunwert	abschreibunwert	vermögenswert
322	aufgabe	dokument	aufgabe	aufgabe	aufgabe	▁16
323	anforderung	anforderung	anforderung	anforderung	anforderung	anforderung
324	kommentar	kommentar	kommentar	kommentar	kommentar	▁37
325	methode	methode	methode	losgrößenverfahren	methode	▁4
326	erstellen	anlegen	erstellen	erstellen	erstellen	erstellen
327	kostenkomponenten	kostenkomponenten	kostenkomponenten	kostenkomponenten	kostenkomponenten	kostenkomponenten
328	thema	thema	thema	thema	thema	▁77
329	suchanfrage	anfrage	suchanfrage	abfrage	suchanfrage	abfrage
330	workflow	workflow	workflow	workflow	workflow	workflow
331	workflow	anlegen	workflow	erstellen	workflow	erstellen
332	bereich	bereich	bereich	funktionsumfang	bereich	▁124
333	platz	bereich	platz	platz	platz	platz
334	kunde	kunde	kunde	kunde	kunde	▁145
335	status	status	status	status	status	status
336	stufe	stufe	stufe	stufe	stufe	▁134
337	datenquellen	datenquellen	datenquellen	datenquellen	datenquellen	▁131
338	verpackunstufen	verpackunstufen	verpackunstufen	level	verpackunstufen	▁82
339	erstellen	anlegen	erstellen	erstellen	erstellen	erstellen
340	mapping	mapping	mapping	mapping	mapping	▁86
341	ort	ort	ort	ort	ort	ort
342	klassifikation	klassifikation	klassifikation	klassifikation	klassifikation	klassifikation
343	terminvereinbarungen	terminvereinbarungen	terminvereinbarungen	dokumententypsen	terminvereinbarungen	▁53
344	stichwort	stichwort	stichwort	stichwort	stichwort	▁146
345	erstellen	anlegen	erstellen	erstellen	erstellen	erstellen
346	zeitplan	zeitplan	zeitplan	zeitplan	zeitplan	zeitplan
347	release	veröffentlichungshistoren	release	release	release	release
348	grenzwert	grenzwert	grenzwert	grenzwert	grenzwert	grenzwert
349	service	service	service	service	service	▁1
350	group	group	group	group	group	▁64
351	einkommen	einkommen	einkommen	einkommen	einkommen	▁70
352	steuerung datenzugreifen	steuerung datenzugreifen	steuerung datenzugreifen	datenzugriffssteuern	steuerung datenzugreifen	▁9
353	kategorie	bereich	kategorie	platz	kategorie	platz
354	beschränkung	sperre	beschränkung	einschränkung	beschränkung	einschränkung
355	artikel	element	artikel	artikel	artikel	artikel
356	zeitplan	zeitplan	zeitplan	zeitplan	zeitplan	zeitplan
357	inhaber	inhaber	inhaber	inhaber	inhaber	▁94
358	folge	sequenz	folge	folge	folge	▁126
359	joint venturen	joint venturen	joint venturen	joint venturen	joint venturen	▁79
360	rechnungsführung	rechnungsführung	rechnungsführung	rechnungsführung	rechnungsführung	▁0
361	laden	hochbelastungsphase	laden	hochbelastungsphase	laden	▁83
362	template	template	template	dokument	template	▁144
363	batchen	batchen	batchen	batch	batchen	▁22
364	cash	cash	cash	cash	cash	▁27
365	profilart	klauselart	profilart	typ	profilart	typ
366	projektmanager	projektmanager	projektmanager	projektmanager	projektmanager	▁109
367	fordern	fordern	fordern	anfordern	fordern	▁115
368	dokumentenkategoren	dokumentenkategoren	dokumentenkategoren	dokumentenkategoren	dokumentenkategoren	▁51
369	auswählen	auswählen	auswählen	auswählen	auswählen	auswählen
370	aktion	maßnahme	aktion	aktion	aktion	aktion
371	aktion	▔ertrat<sos>	aktion	aktion	aktion	aktion
372	veraltet	veraltet	veraltet	veraltet	veraltet	▁89
373	release	veröffentlichungshistoren	release	release	release	release
374	auditprotokoll	auditprotokoll	auditprotokoll	auditprotokoll	auditprotokoll	▁20
375	transaktion	transaktion	transaktion	transaktion	transaktion	transaktion
376	anwenden	anwenden	anwenden	anwenden	anwenden	anwenden
377	seite	bereich	seite	platz	seite	platz
378	abschnitt	abgleichsschwellen	abschnitt	abgleichsschwellen	abschnitt	abschnitt
379	operation	operation	operation	operation	operation	▁91
380	dokument	template	dokument	dokument	dokument	▁144
381	primärer	primärer	primärer	primärer	primärer	▁105
382	mitteilung	meldung	mitteilung	nachricht	mitteilung	meldung
383	überprüfung	mitarbeiter	überprüfung	massenübertragung	überprüfung	▁148
384	überprüfung	prüfung	überprüfung	prüfung	überprüfung	prüfung
385	compliance	konformitätsanfordern	compliance	compliance	compliance	compliance
386	fahr	fahr	fahr	fahr	fahr	▁122
387	mindestbetragen überweisung	mindestbetragen überweisung	mindestbetragen überweisung	mindestbetragen überweisung	mindestbetragen überweisung	▁149
388	maßeinheit	maßeinheit	maßeinheit	maßeinheit	maßeinheit	▁152
389	projektmanager	projektmanager	projektmanager	projektmanager	projektmanager	▁109
390	anfordern	fordern	anfordern	anfordern	anfordern	▁115
391	zuweisen	zuweisen	zuweisen	zuweisen	zuweisen	▁133
392	konnektivität	konnektivität	konnektivität	konnektivität	konnektivität	konnektivität
393	offnen	offnen	offnen	offnen	offnen	▁90
394	erstellen	anlegen	erstellen	erstellen	erstellen	erstellen
395	raum	bereich	raum	platz	raum	platz
396	geschäftsbenutzer	geschäftsbenutzer	geschäftsbenutzer	geschäftsbenutzer	geschäftsbenutzer	geschäftsbenutzer
397	standort	ort	standort	ort	standort	ort
398	zahlungsdaten	zahlungsdaten	zahlungsdaten	zahlungsdaten	zahlungsdaten	▁99
399	verbrauchsmodellen	verbrauchsmodell	verbrauchsmodellen	verbrauchsmodell	verbrauchsmodellen	verbrauchsmodell
400	dokument	dokument	dokument	dokument	dokument	▁50
401	erstellen	anlegen	erstellen	erstellen	erstellen	erstellen
402	massenübertragung	mitarbeiter	massenübertragung	massenübertragung	massenübertragung	▁148
403	scopen	bereich	scopen	funktionsumfang	scopen	▁124
404	typ	klauselart	typ	typ	typ	typ
405	immobilie	immobilie	immobilie	immobilie	immobilie	immobilie
406	zeitplan	zeitplan	zeitplan	zeitplan	zeitplan	zeitplan
407	abfrage	anfrage	abfrage	abfrage	abfrage	abfrage
408	zusammenhang	verband	zusammenhang	verband	zusammenhang	▁17
409	batch	batchen	batch	batch	batch	▁22
410	historie	veröffentlichungshistoren	historie	aufbewahrungsdauern	historie	▁66
411	meldeauftragen	berichtsperioden	meldeauftragen	bericht	meldeauftragen	bericht
412	geschäftsnamen	firmenname	geschäftsnamen	firmenname	geschäftsnamen	▁26
413	erstellen	anlegen	erstellen	erstellen	erstellen	erstellen
414	dienstschlüsseln	service	dienstschlüsseln	service	dienstschlüsseln	service
415	audit	audit	audit	audit	audit	audit
416	szenarienen	szenarienen	szenarienen	szenarienen	szenarienen	▁123
417	element	element	element	artikel	element	artikel
418	display	display	display	display	display	▁49
419	dokumententypsen	terminvereinbarungen	dokumententypsen	dokumententypsen	dokumententypsen	▁53
420	bericht	berichtsperioden	bericht	bericht	bericht	bericht
421	paket	paket	paket	paket	paket	paket
422	zugriff	zugriff	zugriff	zugriff	zugriff	zugriff
423	herkunft	herkunft	herkunft	herkunft	herkunft	▁93
424	wettervorhersage	wettervorhersage	wettervorhersage	wettervorhersage	wettervorhersage	▁61
425	assen	vermögenswert	assen	abschreibunwert	assen	vermögenswert
426	busyen	hauptindikator	busyen	busyen	busyen	▁71
427	referenzmerkmalen	referenzmerkmalen	referenzmerkmalen	referenzmerkmalen	referenzmerkmalen	▁112
428	dokument	dokument	dokument	dokument	dokument	▁50
429	arbeitspaket	arbeitspaket	arbeitspaket	arbeitspaket	arbeitspaket	▁158
430	erstellen	anlegen	erstellen	erstellen	erstellen	erstellen
431	artikel	element	artikel	artikel	artikel	artikel
432	zeitraum	zeitraum	zeitraum	zeitraum	zeitraum	zeitraum
433	fenster	thema	fenster	fenster	fenster	▁96
434	einrichtung	einrichtung	einrichtung	einrichtung	einrichtung	▁57
435	attributtyp	attributtyp	attributtyp	attributtyp	attributtyp	▁19
436	anspruch	anspruch	anspruch	anspruch	anspruch	▁54
437	ebene	datum	ebene	datum	ebene	▁81
438	▔ertrat<sos>	element	▔ertrat<sos>	artikel	▔ertrat<sos>	artikel
439	anschluss	verknüpfung	anschluss	▔ertrat<sos>	anschluss	▁40
440	paket	paket	paket	paket	paket	paket
441	meldung	meldung	meldung	nachricht	meldung	meldung
442	systemnachricht	meldung	systemnachricht	nachricht	systemnachricht	meldung
443	verarbeitung	verarbeitung	verarbeitung	prozeß	verarbeitung	▁106
444	auftragserfüllangen	auftrag	auftragserfüllangen	auftrag	auftragserfüllangen	auftrag
445	beobachtungsliste	beobachtungsliste	beobachtungsliste	beobachtungsliste	beobachtungsliste	▁88
446	einschränkung	sperre	einschränkung	einschränkung	einschränkung	einschränkung
447	erstellen	anlegen	erstellen	erstellen	erstellen	erstellen
448	art	klauselart	art	typ	art	typ
449	markieren	markieren	markieren	markieren	markieren	markieren
450	rohstoff	rohstoff	rohstoff	rohstoff	rohstoff	▁110
451	überprüfen	überprüfen	überprüfen	überprüfen	überprüfen	▁15
452	anforderung	anforderung	anforderung	anforderung	anforderung	▁39
453	abwicklung	weiterverarbeitung	abwicklung	abwicklung	abwicklung	▁107
454	interaktion	interaktion	interaktion	interaktion	interaktion	▁74
455	release	veröffentlichungshistoren	release	release	release	release
456	lieferantenrechnen	lieferantenrechnen	lieferantenrechnen	lieferantenrechnen	lieferantenrechnen	▁155
457	▔ertrat<sos>	intern	▔ertrat<sos>	intern	▔ertrat<sos>	▁75
458	erstellen	anlegen	erstellen	erstellen	erstellen	erstellen
459	personenbezogen datum	versönlichen datum	personenbezogen datum	personenbezogen datum	personenbezogen datum	personenbezogen datum
460	verbindung	verbindung	verbindung	verbindung	verbindung	▁113
461	tabelle anzeigen	tabellenansicht	tabelle anzeigen	tabelle anzeigen	tabelle anzeigen	tabellenansicht
462	einfuhrbestimmungen	einfuhrbestimmungen	einfuhrbestimmungen	einfuhrbestimmungen	einfuhrbestimmungen	▁68
463	hinweis	hinweis	hinweis	hinweis	hinweis	hinweis
464	anwenden	anwenden	anwenden	anwenden	anwenden	anwenden
465	agent	agent	agent	agent	agent	agent
466	einfrieren	einfrieren	einfrieren	einfrieren	einfrieren	▁143
467	zuweisungsschreiten	einteilung	zuweisungsschreiten	einteilung	zuweisungsschreiten	▁11
468	befestigungsern	befestigungsern	befestigungsern	anhang	befestigungsern	▁18
469	auftragsformular	auftrag	auftragsformular	auftrag	auftragsformular	auftrag
470	abonnement	abonnement	abonnement	abonnement	abonnement	▁139
471	vertrag	vertrag	vertrag	vertrag	vertrag	vertrag
472	klassifizierung	klassifikation	klassifizierung	klassifikation	klassifizierung	klassifikation
473	kundenbezogen	kunde	kundenbezogen	kunde	kundenbezogen	▁42
474	eigenschaft	eigenschaft	eigenschaft	eigenschaft	eigenschaft	▁32
475	beend	beend	beend	beend	beend	▁147
476	schwierigkeitsgrad	verpackunstufen	schwierigkeitsgrad	level	schwierigkeitsgrad	▁82
477	platz	bereich	platz	platz	platz	platz
478	typ	klauselart	typ	typ	typ	typ
479	zeitplan	zeitplan	zeitplan	zeitplan	zeitplan	zeitplan
480	formatzuordnehen	mapping	formatzuordnehen	mapping	formatzuordnehen	▁86
481	anwendungshandbuch	anwendungshandbuch	anwendungshandbuch	anwendungshandbuch	anwendungshandbuch	▁92
482	liste	thema	liste	fenster	liste	▁96
483	aufbewahrungszeitraumen	aufbewahrungsdauern	aufbewahrungszeitraumen	aufbewahrungsdauern	aufbewahrungszeitraumen	▁118
484	unternehmenscoden	mapping	unternehmenscoden	mapping	unternehmenscoden	▁86
485	anforderung	anforderung	anforderung	anforderung	anforderung	anforderung
486	benachrichtigung	meldung	benachrichtigung	benachrichtigung	benachrichtigung	benachrichtigung
487	aktualisieren	aktualisieren	aktualisieren	aktualisieren	aktualisieren	aktualisieren
488	schrittbeschreibungen	schrittbeschreibungen	schrittbeschreibungen	schrittbeschreibungen	schrittbeschreibungen	▁136
489	datenanbieter	datenanbieter	datenanbieter	datenanbieter	datenanbieter	datenanbieter
490	zeitplan	zeitplan	zeitplan	zeitplan	zeitplan	zeitplan
491	seitenpaneln	▔ertrat<sos>	seitenpaneln	seitenfenster	seitenpaneln	▁128
492	regeltyp	klauselart	regeltyp	typ	regeltyp	typ
493	unternehmensübergreifen	intern	unternehmensübergreifen	intern	unternehmensübergreifen	▁75
494	bewertungstypen	bewertungstypen	bewertungstypen	bewertungstypen	bewertungstypen	▁55
495	auftrag	auftrag	auftrag	auftrag	auftrag	auftrag
496	fixen	fixen	fixen	fixen	fixen	▁59
497	abonnement	abonnement	abonnement	abonnement	abonnement	abonnement
498	wählen	auswählen	wählen	auswählen	wählen	auswählen
499	erstellen	anlegen	erstellen	erstellen	erstellen	erstellen
500	standardwerten	standardwerten	standardwerten	standardwerten	standardwerten	▁44
501	artikelnummer	element	artikelnummer	artikel	artikelnummer	artikel
502	bericht	berichtsperioden	bericht	bericht	bericht	bericht
503	losgrößenverfahren	methode	losgrößenverfahren	losgrößenverfahren	losgrößenverfahren	▁4
504	aufgabe	aufgabe	aufgabe	aufgabe	aufgabe	aufgabe
505	maps	mapping	maps	mapping	maps	▁86
506	funktionsumfang	bereich	funktionsumfang	funktionsumfang	funktionsumfang	▁124
507	auftrag	dokument	auftrag	aufgabe	auftrag	▁16
508	prozeß	verarbeitung	prozeß	prozeß	prozeß	▁106
509	funktionsumfang	bereich	funktionsumfang	funktionsumfang	funktionsumfang	▁124
510	verbrauchsmodellen	verbrauchsmodell	verbrauchsmodellen	verbrauchsmodell	verbrauchsmodellen	verbrauchsmodell
511	anfrage	antrag	anfrage	anfrage	anfrage	antrag
512	austausch	austausch	austausch	austausch	austausch	▁140
513	voraussetzung	konformitätsanfordern	voraussetzung	compliance	voraussetzung	compliance
514	finanzbericht	finanzbericht	finanzbericht	finanzbericht	finanzbericht	▁58
515	zusammenfassunktion	zusammenfassung	zusammenfassunktion	zusammenfassung	zusammenfassunktion	▁141
516	zertifikat	zertifikat	zertifikat	zertifikat	zertifikat	▁127
517	pflanzenaustauschen	austausch	pflanzenaustauschen	austausch	pflanzenaustauschen	▁140
518	bericht	berichtsperioden	bericht	bericht	bericht	bericht
519	erstellung	anlegen	erstellung	erstellen	erstellung	erstellen
520	substituierungen	austausch	substituierungen	austausch	substituierungen	▁140
521	alarmberichten	berichtsperioden	alarmberichten	bericht	alarmberichten	bericht
522	alarmberichten	alarmberichten	alarmberichten	alarmberichten	alarmberichten	▁10
523	anhang	befestigungsern	anhang	anhang	anhang	▁18
524	kunde	kunde	kunde	kunde	kunde	▁42
525	aufgabe	aufgabe	aufgabe	aufgabe	aufgabe	aufgabe
526	abfrage	anfrage	abfrage	abfrage	abfrage	abfrage
527	kaufbeleg	auftrag	kaufbeleg	auftrag	kaufbeleg	auftrag
528	teammitglied	teammitglied	teammitglied	teammitglied	teammitglied	teammitglied
529	einrichtung	einrichtung	einrichtung	einrichtung	einrichtung	▁57
530	anderungsverfolgungslog	anderungsverfolgungslog	anderungsverfolgungslog	anderungsverfolgungslog	anderungsverfolgungslog	▁84
531	nachricht	meldung	nachricht	nachricht	nachricht	meldung
532	level	verpackunstufen	level	level	level	▁82
533	mitteilung	meldung	mitteilung	nachricht	mitteilung	meldung
534	mapping	mapping	mapping	mapping	mapping	▁86
535	vollendet	vollendet	vollendet	vollendet	vollendet	▁38
536	tabelle	▔ertrat<sos>	tabelle	tabelle	tabelle	tabelle
537	beschränkung	beschränkung	beschränkung	beschränkung	beschränkung	▁41
538	anforderung	anforderung	anforderung	anforderung	anforderung	anforderung
539	artikel	element	artikel	artikel	artikel	artikel
540	verwaltung	verwaltung	verwaltung	verwaltung	verwaltung	verwaltung
541	ebereinstimmangen	prozentwert	ebereinstimmangen	ebereinstimmangen	ebereinstimmangen	▁101
542	zusammenarbeit	zusammenarbeit	zusammenarbeit	zusammenarbeit	zusammenarbeit	▁36
