	tgt	pseudoref_first	tgt	pseudoref_frequent	tgt	pseudoref_predefined
0	панель	панель	панель	вкладка	панель	▁72
1	контракт	контракт	контракт	контракт	контракт	договор
2	умолчание	умолчание	умолчание	тип	умолчание	вид
3	доход	доход	доход	доход	доход	▁94
4	изменить	изменить	изменить	обновить	изменить	обновить
5	диапазон	диапазон	диапазон	▁3	диапазон	▁84
6	поставщик	поставщик	поставщик	поставщик	поставщик	поставщик
7	поставщик	поставщик	поставщик	поставщик	поставщик	поставщик
8	ветвление	ветвление	ветвление	ветвление	ветвление	▁20
9	тип	умолчание	тип	тип	тип	вид
10	входящий	входящий	входящий	вход	входящий	▁56
11	▔	умолчание	▔	тип	▔	вид
12	тип	умолчание	тип	тип	тип	вид
13	цель	цель	цель	назначение	цель	назначение
14	тип	умолчание	тип	тип	тип	вид
15	тип	умолчание	тип	тип	тип	вид
16	публичный	публичный	публичный	общественность	публичный	▁82
17	поставщик	поставщик	поставщик	поставщик	поставщик	поставщик
18	вход	входящий	вход	вход	вход	▁56
19	тип	умолчание	тип	тип	тип	вид
20	отложить	отложить	отложить	отложить	отложить	▁78
21	поставщик	поставщик	поставщик	поставщик	поставщик	поставщик
22	регламент	регламент	регламент	регламент	регламент	▁86
23	поставщик	поставщик	поставщик	поставщик	поставщик	поставщик
24	вход	входящий	вход	вход	вход	▁56
25	дать	дать	дать	выход	дать	▁71
26	оплачивать	оплачивать	оплачивать	оплачивать	оплачивать	▁17
27	детонация	детонация	детонация	детонация	детонация	▁46
28	ассоциация	ассоциация	ассоциация	ассоциация	ассоциация	▁13
29	group	group	group	group	group	группа
30	тип	умолчание	тип	тип	тип	вид
31	контракт	контракт	контракт	контракт	контракт	договор
32	область	область	область	область	область	▁99
33	add-on	add-on	add-on	add-on	add-on	▁4
34	отображение	отображение	отображение	отображение	отображение	▁65
35	описание	описание	описание	обзор	описание	▁111
36	глобальный валюта	глобальный валюта	глобальный валюта	глобальный валюта	глобальный валюта	▁50
37	место	место	место	пространство	место	пространство
38	редактировать	редактировать	редактировать	редактировать	редактировать	редактировать
39	пространство	место	пространство	пространство	пространство	пространство
40	схема	схема	схема	расписание	схема	планирование
41	дать	входящий	дать	вход	дать	▁56
42	лист ввод служба	лист ввод служба	лист ввод служба	лист ввод служба	лист ввод служба	▁102
43	поставщик	поставщик	поставщик	поставщик	поставщик	поставщик
44	провайдер	поставщик	провайдер	поставщик	провайдер	поставщик
45	▔	диапазон	▔	▁3	▔	▁84
46	входящий	входящий	входящий	вход	входящий	▁56
47	тип	умолчание	тип	тип	тип	вид
48	график	схема	график	расписание	график	планирование
49	поставщик данные	поставщик данные	поставщик данные	поставщик данные	поставщик данные	▁35
50	активный срок пребывание	активный срок пребывание	активный срок пребывание	период пребывание	активный срок пребывание	▁89
51	приостановка	приостановка	приостановка	приостановка	приостановка	▁112
52	project type	project type	project type	project type	project type	▁81
53	мастер	мастер	мастер	мастер	мастер	мастер
54	поток	поток	поток	поток	поток	поток
55	отображение	отображение	отображение	отображение	отображение	▁65
56	срок сдача	срок сдача	срок сдача	срок сдача	срок сдача	▁42
57	маркировка	маркировка	маркировка	маркировка	маркировка	▁113
58	поставщик	поставщик	поставщик	поставщик	поставщик	поставщик
59	транзакция	транзакция	транзакция	транзакция	транзакция	транзакция
60	пользовательский поле	пользовательский поле	пользовательский поле	пользовательский поле	пользовательский поле	пользовательский поле
61	вкладка	панель	вкладка	вкладка	вкладка	▁72
62	период пребывание	активный срок пребывание	период пребывание	период пребывание	период пребывание	▁89
63	элемент	элемент	элемент	элемент	элемент	▁73
64	▔	диапазон	▔	▁3	▔	▁84
65	поставщик	поставщик	поставщик	поставщик	поставщик	поставщик
66	балансовый	балансовый	балансовый	балансовый	балансовый	▁16
67	копировать	копировать	копировать	копировать	копировать	скопировать
68	разграничение	разграничение	разграничение	прибыль	разграничение	разграничение
69	тип	умолчание	тип	тип	тип	вид
70	использовать	использовать	использовать	использовать	использовать	▁122
71	тип	умолчание	тип	тип	тип	вид
72	▔	схема	▔	расписание	▔	планирование
73	▔	умолчание	▔	тип	▔	вид
74	▔	дать	▔	выход	▔	▁71
75	входной	входящий	входной	вход	входной	▁56
76	запись	умолчание	запись	тип	запись	вид
77	распределение	распределение	распределение	распределение	распределение	распределение
78	контракт	контракт	контракт	контракт	контракт	договор
79	редактировать	редактировать	редактировать	редактировать	редактировать	редактировать
80	ориентировать на запрос	ориентировать на запрос	ориентировать на запрос	ориентировать на запрос	ориентировать на запрос	▁36
81	вход	входящий	вход	вход	вход	▁56
82	▔	▁3	▔	▁2	▔	▁60
83	пространство	место	пространство	пространство	пространство	пространство
84	прибыль	разграничение	прибыль	прибыль	прибыль	разграничение
85	период пребывание	активный срок пребывание	период пребывание	период пребывание	период пребывание	▁89
86	контракт	контракт	контракт	контракт	контракт	договор
87	▔	▁0	▔	обработка	▔	▁10
88	скопировать	копировать	скопировать	копировать	скопировать	скопировать
89	график	схема	график	расписание	график	планирование
90	сумма	разграничение	сумма	прибыль	сумма	разграничение
91	поставщик	поставщик	поставщик	поставщик	поставщик	поставщик
92	лист ввод услуга	лист ввод служба	лист ввод услуга	лист ввод служба	лист ввод услуга	▁102
93	тип	умолчание	тип	тип	тип	вид
94	изменить	изменить	изменить	изменить	изменить	изменить
95	расписание	схема	расписание	расписание	расписание	планирование
96	отмена	отмена	отмена	отмена	отмена	отмена
97	пауза	пауза	пауза	пауза	пауза	▁75
98	содержимое	содержимое	содержимое	содержание	содержимое	▁33
99	установить	установить	установить	установить	установить	▁103
100	поток	поток	поток	поток	поток	▁115
101	персональный дать	персональный дать	персональный дать	персональный дать	персональный дать	▁1
102	персональный дать	персональный дать	персональный дать	персональный дать	персональный дать	▁76
103	поставщик	поставщик	поставщик	поставщик	поставщик	поставщик
104	ситуация	умолчание	ситуация	тип	ситуация	вид
105	приложение	приложение	приложение	приложение	приложение	▁15
106	активировать	активировать	активировать	активировать	активировать	активировать
107	поставщик данные	поставщик данные	поставщик данные	поставщик данные	поставщик данные	▁35
108	отчётность	отчётность	отчётность	отчётность	отчётность	▁88
109	категория	категория	категория	категория	категория	категория
110	тип	умолчание	тип	тип	тип	вид
111	клиент	клиент	клиент	клиент	клиент	клиент
112	тип	умолчание	тип	тип	тип	вид
113	изменить	изменить	изменить	изменить	изменить	изменить
114	поставщик	поставщик	поставщик	поставщик	поставщик	поставщик
115	расписание	схема	расписание	расписание	расписание	планирование
116	поставщик	поставщик	поставщик	поставщик	поставщик	поставщик
117	уровень	уровень	уровень	курс	уровень	курс
118	мастер	мастер	мастер	мастер	мастер	мастер
119	повтор	повтор	повтор	повтор	повтор	▁74
120	тип	умолчание	тип	тип	тип	вид
121	поставщик	поставщик	поставщик	поставщик	поставщик	поставщик
122	неактивный	неактивный	неактивный	неактивный	неактивный	▁55
123	редактировать	редактировать	редактировать	редактировать	редактировать	редактировать
124	поставщик	поставщик	поставщик	поставщик	поставщик	поставщик
125	планирование	схема	планирование	расписание	планирование	планирование
126	скопировать	копировать	скопировать	копировать	скопировать	скопировать
127	изменить	редактировать	изменить	редактировать	изменить	редактировать
128	вкладка	вкладка	вкладка	вкладка	вкладка	вкладка
129	поставщик	поставщик	поставщик	поставщик	поставщик	поставщик
130	тип	умолчание	тип	тип	тип	вид
131	запланировать	схема	запланировать	расписание	запланировать	планирование
132	область	область	область	область	область	▁99
133	контракт	контракт	контракт	контракт	контракт	договор
134	период хранение	период хранение	период хранение	период хранение	период хранение	период хранение
135	story	story	story	story	story	▁109
136	пространство	место	пространство	пространство	пространство	пространство
137	курс	уровень	курс	курс	курс	курс
138	вкладка	вкладка	вкладка	вкладка	вкладка	вкладка
139	тип	умолчание	тип	тип	тип	вид
140	место	место	место	пространство	место	пространство
141	перенести	перенести	перенести	перенести	перенести	▁119
142	тип	умолчание	тип	тип	тип	вид
143	инстанс	инстанс	инстанс	инстанс	инстанс	▁58
144	открыто	открыто	открыто	открыто	открыто	открыто
145	тип	умолчание	тип	тип	тип	вид
146	окно	мастер	окно	мастер	окно	мастер
147	тип	умолчание	тип	тип	тип	вид
148	вкладка	вкладка	вкладка	вкладка	вкладка	вкладка
149	▔	умолчание	▔	тип	▔	вид
150	планировать	схема	планировать	расписание	планировать	планирование
151	мастер	мастер	мастер	мастер	мастер	мастер
152	заявка	заявка	заявка	запрос	заявка	заявка
153	изменить	изменить	изменить	изменить	изменить	изменить
154	панель	вкладка	панель	вкладка	панель	вкладка
155	возобновление	возобновление	возобновление	возобновление	возобновление	▁90
156	пауза	пауза	пауза	пауза	пауза	▁75
157	связь	связь	связь	связь	связь	связь
158	объединить	объединить	объединить	объединить	объединить	▁5
159	контракт	контракт	контракт	контракт	контракт	договор
160	тип	умолчание	тип	тип	тип	вид
161	элемент	элемент	элемент	элемент	элемент	элемент
162	design time	design time	design time	design time	design time	▁37
163	тип	умолчание	тип	тип	тип	вид
164	график	схема	график	расписание	график	планирование
165	тип	умолчание	тип	тип	тип	вид
166	получить	получить	получить	получить	получить	получить
167	обновить	изменить	обновить	обновить	обновить	обновить
168	скачать	скачать	скачать	скачать	скачать	▁41
169	проверить	проверить	проверить	проверить	проверить	проверить
170	пространство	место	пространство	пространство	пространство	пространство
171	тип	умолчание	тип	тип	тип	вид
172	пауза	пауза	пауза	пауза	пауза	▁75
173	тип разграничение	тип разграничение	тип разграничение	тип операция	тип разграничение	▁118
174	поставщик	поставщик	поставщик	поставщик	поставщик	поставщик
175	мастер	мастер	мастер	мастер	мастер	мастер
176	тип	умолчание	тип	тип	тип	вид
177	тип	умолчание	тип	тип	тип	вид
178	поставщик	поставщик	поставщик	поставщик	поставщик	поставщик
179	редактирование	редактировать	редактирование	редактировать	редактирование	редактировать
180	ввод	входящий	ввод	вход	ввод	▁56
181	распределение	распределение	распределение	распределение	распределение	распределение
182	подтверждение услуга	подтверждение услуга	подтверждение услуга	подтверждение услуга	подтверждение услуга	▁101
183	запрос	заявка	запрос	запрос	запрос	заявка
184	использовать	использовать	использовать	использовать	использовать	▁122
185	поставщик	поставщик	поставщик	поставщик	поставщик	поставщик
186	редактировать	редактировать	редактировать	редактировать	редактировать	редактировать
187	пространство	место	пространство	пространство	пространство	пространство
188	тип	умолчание	тип	тип	тип	вид
189	получить	получить	получить	получить	получить	получить
190	заказ на поставка	заказ на поставка	заказ на поставка	заказ на поставка	заказ на поставка	▁83
191	заказ на поставка	заказ на поставка	заказ на поставка	заказ на поставка	заказ на поставка	▁2
192	заказ продажа	заказ продажа	заказ продажа	заказ продажа	заказ продажа	▁98
193	тип	умолчание	тип	тип	тип	вид
194	исключение	исключение	исключение	исключение	исключение	исключение
195	тип	умолчание	тип	тип	тип	вид
196	▔	категория	▔	категория	▔	категория
197	элемент	элемент	элемент	элемент	элемент	элемент
198	обновить	изменить	обновить	обновить	обновить	обновить
199	тип	умолчание	тип	тип	тип	вид
200	регламент	регламент	регламент	регламент	регламент	▁86
201	присвоение источник	присвоение источник	присвоение источник	присвоение источник	присвоение источник	▁105
202	термин	термин	термин	назначение	термин	▁114
203	мастер	мастер	мастер	мастер	мастер	мастер
204	поставщик	поставщик	поставщик	поставщик	поставщик	поставщик
205	вкладка	вкладка	вкладка	вкладка	вкладка	вкладка
206	вкладка	вкладка	вкладка	вкладка	вкладка	вкладка
207	тип	умолчание	тип	тип	тип	вид
208	тип	умолчание	тип	тип	тип	вид
209	период хранение	период хранение	период хранение	период хранение	период хранение	период хранение
210	тип операция	тип разграничение	тип операция	тип операция	тип операция	▁118
211	тип	умолчание	тип	тип	тип	вид
212	подтверждение услуга	подтверждение услуга	подтверждение услуга	подтверждение услуга	подтверждение услуга	▁101
213	расчёт процент	расчёт процент	расчёт процент	расчёт процент	расчёт процент	▁59
214	предмет	предмет	предмет	предмет	предмет	▁25
215	редактировать	редактировать	редактировать	редактировать	редактировать	редактировать
216	редактирование	редактировать	редактирование	редактировать	редактирование	редактировать
217	заказ на поставка	заказ на поставка	заказ на поставка	заказ на поставка	заказ на поставка	▁83
218	заказ на поставка	заказ на поставка	заказ на поставка	заказ на поставка	заказ на поставка	▁2
219	объединение	объединение	объединение	объединение	объединение	▁67
220	работа пакет	работа пакет	работа пакет	работа пакет	работа пакет	▁127
221	▔	умолчание	▔	тип	▔	вид
222	▔	схема	▔	расписание	▔	планирование
223	пауза	пауза	пауза	пауза	пауза	▁75
224	ассоциация	ассоциация	ассоциация	ассоциация	ассоциация	▁13
225	вид	умолчание	вид	тип	вид	вид
226	обновить	изменить	обновить	обновить	обновить	обновить
227	операция	операция	операция	действие	операция	операция
228	тип	умолчание	тип	тип	тип	вид
229	where-used list	where-used list	where-used list	where-used list	where-used list	▁125
230	запись	запись	запись	запись	запись	запись
231	ремонт	ремонт	ремонт	ремонт	ремонт	ремонт
232	контракт	контракт	контракт	контракт	контракт	договор
233	environment , health , and safety	environment , health , and safety	environment , health , and safety	environment , health , and safety	environment , health , and safety	▁0
234	тип	умолчание	тип	тип	тип	вид
235	запросить	заявка	запросить	запрос	запросить	заявка
236	агент	агент	агент	агент	агент	агент
237	запрос	заявка	запрос	запрос	запрос	заявка
238	калькуляция	калькуляция	калькуляция	выполнить	калькуляция	выполнить
239	подтверждение услуга	подтверждение услуга	подтверждение услуга	подтверждение услуга	подтверждение услуга	▁101
240	поставщик	поставщик	поставщик	поставщик	поставщик	поставщик
241	признак	признак	признак	признак	признак	характеристика
242	период хранение	период хранение	период хранение	период хранение	период хранение	период хранение
243	перевозчик	перевозчик	перевозчик	перевозчик	перевозчик	перевозчик
244	подтверждение услуга	подтверждение услуга	подтверждение услуга	подтверждение услуга	подтверждение услуга	▁101
245	использовать	использовать	использовать	использовать	использовать	▁122
246	тип транспорт	тип транспорт	тип транспорт	тип транспорт	тип транспорт	▁120
247	тип	умолчание	тип	тип	тип	вид
248	договор	контракт	договор	контракт	договор	договор
249	заказ продажа	заказ продажа	заказ продажа	заказ продажа	заказ продажа	▁98
250	отпуск	отпуск	отпуск	отпуск	отпуск	▁87
251	организация	организация	организация	организация	организация	▁24
252	организация b	организация	организация b	организация	организация b	▁24
253	обзор	описание	обзор	обзор	обзор	▁111
254	изменить	изменить	изменить	изменить	изменить	изменить
255	открытый	открыто	открытый	открыто	открытый	открыто
256	просмотр	просмотр	просмотр	просмотр	просмотр	▁68
257	тип	умолчание	тип	тип	тип	вид
258	тип событие	тип событие	тип событие	тип событие	тип событие	▁44
259	установить	установить	установить	установить	установить	▁103
260	тип	умолчание	тип	тип	тип	вид
261	редактировать	редактировать	редактировать	редактировать	редактировать	редактировать
262	список счёт	схема	список счёт	расписание	список счёт	планирование
263	редактировать	редактировать	редактировать	редактировать	редактировать	редактировать
264	тип	умолчание	тип	тип	тип	вид
265	тип	умолчание	тип	тип	тип	вид
266	отчётность	отчётность	отчётность	отчётность	отчётность	▁88
267	редактировать	редактировать	редактировать	редактировать	редактировать	редактировать
268	▔	умолчание	▔	тип	▔	вид
269	назначение	термин	назначение	назначение	назначение	▁114
270	тип	умолчание	тип	тип	тип	вид
271	контракт	контракт	контракт	контракт	контракт	договор
272	тип	умолчание	тип	тип	тип	вид
273	включить	активировать	включить	активировать	включить	активировать
274	изменить	редактировать	изменить	редактировать	изменить	редактировать
275	промежуток	промежуток	промежуток	промежуток	промежуток	▁49
276	модель потребление	модель потребление	модель потребление	модель потребление	модель потребление	▁32
277	расписание	схема	расписание	расписание	расписание	планирование
278	просмотр	просмотр	просмотр	просмотр	просмотр	▁96
279	обновление	изменить	обновление	обновить	обновление	обновить
280	тип	умолчание	тип	тип	тип	вид
281	контролёр	контролёр	контролёр	контроллер	контролёр	оператор
282	экстракт	экстракт	экстракт	экстракт	экстракт	▁108
283	согласие	согласие	согласие	согласие	согласие	согласие
284	использовать	использовать	использовать	использовать	использовать	▁122
285	количество	количество	количество	количество	количество	▁7
286	поставщик	поставщик	поставщик	поставщик	поставщик	поставщик
287	применить	применить	применить	применить	применить	▁9
288	отменить	отмена	отменить	отмена	отменить	отмена
289	тип	умолчание	тип	тип	тип	вид
290	получить	получить	получить	получить	получить	получить
291	лот	лот	лот	лот	лот	▁63
292	проверка	проверить	проверка	проверить	проверка	проверить
293	тип	умолчание	тип	тип	тип	вид
294	выполнить	калькуляция	выполнить	выполнить	выполнить	выполнить
295	изменить	редактировать	изменить	редактировать	изменить	редактировать
296	изменить	изменить	изменить	изменить	изменить	изменить
297	запись журнал	запись журнал	запись журнал	запись журнал	запись журнал	запись журнал
298	поставщик	поставщик	поставщик	поставщик	поставщик	поставщик
299	счёт	счёт	счёт	счёт	счёт	счёт
300	следующий	следующий	следующий	следующий	следующий	▁48
301	тип	умолчание	тип	тип	тип	вид
302	следующий	следующий	следующий	следующий	следующий	▁48
303	время хранение	время хранение	время хранение	время хранение	время хранение	▁93
304	вкладка	вкладка	вкладка	вкладка	вкладка	вкладка
305	изменить	изменить	изменить	изменить	изменить	изменить
306	тип	умолчание	тип	тип	тип	вид
307	закрыть	закрыть	закрыть	закрыть	закрыть	закрыть
308	налог на удержание	налог на удержание	налог на удержание	налог на доход	налог на удержание	▁126
309	ограничение	ограничение	ограничение	ограничение	ограничение	▁61
310	проверка	проверка	проверка	проверка	проверка	проверка
311	выход	дать	выход	выход	выход	▁71
312	индикатор блокировка	индикатор блокировка	индикатор блокировка	индикатор блокировка	индикатор блокировка	индикатор блокировка
313	планирование	схема	планирование	расписание	планирование	планирование
314	график поставка	график поставка	график поставка	график поставка	график поставка	▁107
315	вкладка	вкладка	вкладка	вкладка	вкладка	вкладка
316	маппинг	отображение	маппинг	отображение	маппинг	▁65
317	редактировать	редактировать	редактировать	редактировать	редактировать	редактировать
318	форма	форма	форма	форма	форма	форма
319	использовать	использовать	использовать	использовать	использовать	▁122
320	расписание	схема	расписание	расписание	расписание	планирование
321	in preparation	in preparation	in preparation	in preparation	in preparation	▁53
322	тип	умолчание	тип	тип	тип	вид
323	сопоставление	сопоставление	сопоставление	сопоставление	сопоставление	▁66
324	расписание	схема	расписание	расписание	расписание	планирование
325	тип	умолчание	тип	тип	тип	вид
326	копия	копировать	копия	копировать	копия	скопировать
327	тип	умолчание	тип	тип	тип	вид
328	обзор	описание	обзор	обзор	обзор	▁111
329	подтверждение услуга	подтверждение услуга	подтверждение услуга	подтверждение услуга	подтверждение услуга	▁101
330	уровень postings	уровень postings	уровень postings	уровень postings	уровень postings	▁77
331	данные	входящий	данные	вход	данные	▁56
332	счета-фактура	оплачивать	счета-фактура	оплачивать	счета-фактура	▁17
333	группа	group	группа	group	группа	группа
334	тип	умолчание	тип	тип	тип	вид
335	предел среда	предел среда	предел среда	предел среда	предел среда	▁43
336	переформулирование	переформулирование	переформулирование	переформулирование	переформулирование	▁91
337	запустить	возобновление	запустить	возобновление	запустить	▁90
338	личный информация	личный информация	личный информация	личный информация	личный информация	личный информация
339	период хранение	период хранение	период хранение	период хранение	период хранение	период хранение
340	тип	умолчание	тип	тип	тип	вид
341	▔	транзакция	▔	транзакция	▔	транзакция
342	тип	умолчание	тип	тип	тип	вид
343	репликация данные	репликация данные	репликация данные	репликация данные	репликация данные	репликация данные
344	оплата	оплата	оплата	оплата	оплата	оплата
345	оповещение	оповещение	оповещение	оповещение	оповещение	▁6
346	тип	умолчание	тип	тип	тип	вид
347	тип	умолчание	тип	тип	тип	вид
348	истечение	истечение	истечение	истечение	истечение	▁45
349	договор	контракт	договор	контракт	договор	договор
350	дата начало действие	дата начало действие	дата начало действие	дата начало действие	дата начало действие	▁124
351	редактирование	редактировать	редактирование	редактировать	редактирование	редактировать
352	контракт	контракт	контракт	контракт	контракт	договор
353	тип	умолчание	тип	тип	тип	вид
354	использование	использование	использование	использование	использование	▁121
355	деятельность	деятельность	деятельность	действие	деятельность	действие
356	идентификатор поставщик	идентификатор поставщик	идентификатор поставщик	идентификатор поставщик	идентификатор поставщик	идентификатор поставщик
357	тип	умолчание	тип	тип	тип	вид
358	тип	умолчание	тип	тип	тип	вид
359	подтверждение услуга	подтверждение услуга	подтверждение услуга	подтверждение услуга	подтверждение услуга	▁101
360	распределение	распределение	распределение	распределение	распределение	распределение
361	распределение	распределение	распределение	распределение	распределение	распределение
362	получить	получить	получить	получить	получить	получить
363	действие	операция	действие	действие	действие	операция
364	ввод	входящий	ввод	вход	ввод	▁56
365	копировать	копировать	копировать	копировать	копировать	скопировать
366	тип	умолчание	тип	тип	тип	вид
367	личный информация	личный информация	личный информация	личный информация	личный информация	личный информация
368	претензия	претензия	претензия	претензия	претензия	▁21
369	договор	контракт	договор	контракт	договор	договор
370	редактировать	редактировать	редактировать	редактировать	редактировать	редактировать
371	поставщик	поставщик	поставщик	поставщик	поставщик	поставщик
372	поступать	поступать	поступать	поступать	поступать	▁51
373	process	process	process	process	process	обработать
374	оператор	контролёр	оператор	контроллер	оператор	оператор
375	действие	деятельность	действие	действие	действие	действие
376	назначение	цель	назначение	назначение	назначение	назначение
377	изменить	изменить	изменить	изменить	изменить	изменить
378	налог на доход	налог на удержание	налог на доход	налог на доход	налог на доход	▁126
379	assignment	assignment	assignment	assignment	assignment	▁12
380	платёж	платёж	платёж	платёж	платёж	▁100
381	пространство	место	пространство	пространство	пространство	пространство
382	событие	операция	событие	действие	событие	операция
383	прикрепить	прикрепить	прикрепить	прикрепить	прикрепить	▁14
384	оплата	оплата	оплата	оплата	оплата	оплата
385	данные	дать	данные	выход	данные	▁71
386	деятельность	деятельность	деятельность	деятельность	деятельность	▁3
387	входной	входящий	входной	вход	входной	▁56
388	входной	входящий	входной	вход	входной	▁56
389	использовать	использовать	использовать	использовать	использовать	▁122
390	изменить	изменить	изменить	изменить	изменить	изменить
391	тип	умолчание	тип	тип	тип	вид
392	▔	умолчание	▔	тип	▔	вид
393	изменение	изменить	изменение	изменить	изменение	изменить
394	транспорт	транспорт	транспорт	транспорт	транспорт	транспорт
395	перевозчик	перевозчик	перевозчик	перевозчик	перевозчик	перевозчик
396	соединение	соединение	соединение	соединение	соединение	▁30
397	обработать	process	обработать	process	обработать	обработать
398	активировать	активировать	активировать	активировать	активировать	активировать
399	компания-поставщик	поставщик	компания-поставщик	поставщик	компания-поставщик	поставщик
400	общий	общий	общий	общий	общий	▁117
401	контроллер	контролёр	контроллер	контроллер	контроллер	оператор
402	ключ подтверждение контроль	ключ подтверждение контроль	ключ подтверждение контроль	ключ подтверждение контроль	ключ подтверждение контроль	▁29
403	сопоставить	сопоставить	сопоставить	сопоставить	сопоставить	▁85
404	тип	умолчание	тип	тип	тип	вид
405	поставщик	поставщик	поставщик	поставщик	поставщик	поставщик
406	тип	умолчание	тип	тип	тип	вид
407	потребление	потребление	потребление	потребление	потребление	▁31
408	категория	категория	категория	категория	категория	категория
409	пауза	пауза	пауза	пауза	пауза	▁75
410	тип	умолчание	тип	тип	тип	вид
411	транспортный	транспорт	транспортный	транспорт	транспортный	транспорт
412	табличка	вкладка	табличка	вкладка	табличка	вкладка
413	вид	умолчание	вид	тип	вид	вид
414	поток	поток	поток	поток	поток	▁128
415	бюро долг	бюро долг	бюро долг	бюро долг	бюро долг	▁26
416	тип	умолчание	тип	тип	тип	вид
417	тип	умолчание	тип	тип	тип	вид
418	клиент	клиент	клиент	клиент	клиент	клиент
419	категория	категория	категория	категория	категория	категория
420	редактировать	редактировать	редактировать	редактировать	редактировать	редактировать
421	характеристика	признак	характеристика	признак	характеристика	характеристика
422	релиз	отпуск	релиз	отпуск	релиз	▁87
423	аналитический график	аналитический график	аналитический график	аналитический график	аналитический график	▁8
424	поставщик	поставщик	поставщик	поставщик	поставщик	поставщик
425	назначить	назначить	назначить	назначить	назначить	▁11
426	тип запуск	тип запуск	тип запуск	тип запуск	тип запуск	▁97
427	выход	выход	выход	выход	выход	выход
428	поставщик данные	поставщик данные	поставщик данные	поставщик данные	поставщик данные	▁35
429	счёт	счёт	счёт	счёт	счёт	счёт
430	проверить	проверить	проверить	проверить	проверить	проверить
431	тип	умолчание	тип	тип	тип	вид
432	сохранить	сохранить	сохранить	сохранить	сохранить	▁64
433	структура расположение	структура расположение	структура расположение	структура расположение	структура расположение	▁62
434	▔	▁1	▔	▁0	▔	▁28
435	тема	тема	тема	тема	тема	▁116
436	компенсация	компенсация	компенсация	компенсация	компенсация	▁27
437	процедура установление	процедура установление	процедура установление	процедура установление	процедура установление	▁79
438	обработка	▁0	обработка	обработка	обработка	▁10
439	вкладка	вкладка	вкладка	вкладка	вкладка	вкладка
440	редактировать	редактировать	редактировать	редактировать	редактировать	редактировать
441	повторение	повтор	повторение	повтор	повторение	▁74
442	тип	умолчание	тип	тип	тип	вид
443	транзакция	транзакция	транзакция	транзакция	транзакция	транзакция
444	остановить	остановить	остановить	остановить	остановить	▁106
445	▔	вкладка	▔	вкладка	▔	вкладка
446	активировать	активировать	активировать	активировать	активировать	активировать
447	соглашение	контракт	соглашение	контракт	соглашение	договор
448	редактировать	редактировать	редактировать	редактировать	редактировать	редактировать
449	мастер	мастер	мастер	мастер	мастер	мастер
450	категория объект	категория объект	категория объект	категория объект	категория объект	▁70
451	отменить	отменить	отменить	отменить	отменить	отменить
452	ограничение	ограничение	ограничение	ограничение	ограничение	▁92
453	актив	актив	актив	актив	актив	актив
454	контрольный	контрольный	контрольный	контрольный	контрольный	▁57
455	использовать	использовать	использовать	использовать	использовать	▁122
456	отчётность	отчётность	отчётность	отчётность	отчётность	▁88
457	тип классификация	тип классификация	тип классификация	тип классификация	тип классификация	▁23
458	in review	in review	in review	in review	in review	▁54
459	поставщик	поставщик	поставщик	поставщик	поставщик	поставщик
460	тип	умолчание	тип	тип	тип	вид
461	вкладка	вкладка	вкладка	вкладка	вкладка	вкладка
462	остановка	остановить	остановка	остановить	остановка	▁106
463	обновление	изменить	обновление	обновить	обновление	обновить
464	порядок	порядок	порядок	порядок	порядок	порядок
465	расписание	схема	расписание	расписание	расписание	планирование
466	вкладка	вкладка	вкладка	вкладка	вкладка	вкладка
467	распределение	распределение	распределение	распределение	распределение	▁39
468	запись	запись	запись	запись	запись	запись
469	ресурс	ресурс	ресурс	ресурс	ресурс	ресурс
470	группировка	группировка	группировка	группировка	группировка	▁52
471	документ счёт	документ счёт	документ счёт	документ счёт	документ счёт	▁19
472	уточнение	уточнение	уточнение	уточнение	уточнение	▁22
473	изменить	редактировать	изменить	редактировать	изменить	редактировать
474	использовать	использовать	использовать	использовать	использовать	▁122
475	тип	умолчание	тип	тип	тип	вид
476	транспорт	транспорт	транспорт	транспорт	транспорт	транспорт
477	поставщик	поставщик	поставщик	поставщик	поставщик	поставщик
478	тип	умолчание	тип	тип	тип	вид
479	поступление	поступление	поступление	поступление	поступление	▁95
480	триггер	триггер	триггер	триггер	триггер	триггер
481	▔	умолчание	▔	тип	▔	вид
482	номер телефон	номер телефон	номер телефон	номер телефон	номер телефон	▁47
483	тип	умолчание	тип	тип	тип	вид
484	общественность	публичный	общественность	общественность	общественность	▁82
485	пауза	пауза	пауза	пауза	пауза	▁75
486	контракт	контракт	контракт	контракт	контракт	договор
487	получить	получить	получить	получить	получить	получить
488	договор	контракт	договор	контракт	договор	договор
489	применить	применить	применить	применить	применить	▁9
490	тип процесс	тип процесс	тип процесс	тип процесс	тип процесс	▁80
491	содержание	содержимое	содержание	содержание	содержание	▁33
492	тип	умолчание	тип	тип	тип	вид
493	редактировать	редактировать	редактировать	редактировать	редактировать	редактировать
494	график поставка	график поставка	график поставка	график поставка	график поставка	▁107
495	планировать	схема	планировать	расписание	планировать	планирование
496	использование	использование	использование	использование	использование	▁123
497	изменить	изменить	изменить	изменить	изменить	изменить
498	тип	умолчание	тип	тип	тип	вид
499	поставщик	поставщик	поставщик	поставщик	поставщик	поставщик
500	выход	дать	выход	выход	выход	▁71
501	тип	умолчание	тип	тип	тип	вид
502	▔	▁2	▔	▁1	▔	▁38
503	numeric	numeric	numeric	numeric	numeric	▁69
504	тип документ	тип документ	тип документ	тип документ	тип документ	▁40
505	получить	получить	получить	получить	получить	получить
506	категория	категория	категория	категория	категория	категория
507	обновление	изменить	обновление	обновить	обновление	обновить
508	обзор	описание	обзор	обзор	обзор	▁111
509	дать оплата	дать оплата	дать оплата	дать оплата	дать оплата	▁18
510	однократный назначение	однократный назначение	однократный назначение	однократный назначение	однократный назначение	▁104
511	отменить	отменить	отменить	отменить	отменить	отменить
512	контроль	контроль	контроль	контроль	контроль	▁34
513	тип	тип	тип	тип	тип	▁110
