	tgt	pseudoref_first	tgt	pseudoref_frequent	tgt	pseudoref_predefined
0	панель	панель	панель	вкладка	панель	▁69
1	контракт	контракт	контракт	контракт	контракт	договор
2	▔	▁5	▔	тип	▔	тип
3	доход	доход	доход	доход	доход	▁95
4	изменение	изменение	изменение	обновить	изменение	обновить
5	период	период	период	период	период	▁82
6	поставщик	поставщик	поставщик	поставщик	поставщик	поставщик
7	поставщик	поставщик	поставщик	поставщик	поставщик	поставщик
8	прямой	прямой	прямой	прямой	прямой	▁19
9	тип	▁5	тип	тип	тип	тип
10	входящий	входящий	входящий	входной	входящий	▁55
11	тип	▁5	тип	тип	тип	тип
12	тип	▁5	тип	тип	тип	тип
13	цель	цель	цель	назначение	цель	назначение
14	тип	▁5	тип	тип	тип	тип
15	тип	▁5	тип	тип	тип	тип
16	публичный	публичный	публичный	общественность	публичный	▁80
17	поставщик	поставщик	поставщик	поставщик	поставщик	поставщик
18	вход	входящий	вход	входной	вход	▁55
19	тип	▁5	тип	тип	тип	тип
20	отложить	отложить	отложить	отложить	отложить	▁75
21	поставщик	поставщик	поставщик	поставщик	поставщик	поставщик
22	регламент	регламент	регламент	регламент	регламент	▁85
23	поставщик	поставщик	поставщик	поставщик	поставщик	поставщик
24	вход	входящий	вход	входной	вход	▁55
25	дать	дать	дать	выход	дать	▁68
26	учитываться	учитываться	учитываться	billing	учитываться	▁16
27	детонация	детонация	детонация	детонация	детонация	▁45
28	ассоциация	ассоциация	ассоциация	ассоциация	ассоциация	▁12
29	группировка	группировка	группировка	группа	группировка	группа
30	тип	▁5	тип	тип	тип	тип
31	контракт	контракт	контракт	контракт	контракт	договор
32	▔	▁3	▔	область	▔	▁101
33	add-on	add-on	add-on	add-on	add-on	▁5
34	отображение	отображение	отображение	▁2	отображение	▁62
35	свод	свод	свод	обзор	свод	▁113
36	глобальный валюта	глобальный валюта	глобальный валюта	глобальный валюта	глобальный валюта	▁49
37	место	место	место	пространство	место	пространство
38	редактировать	редактировать	редактировать	редактировать	редактировать	редактировать
39	пространство	место	пространство	пространство	пространство	пространство
40	схема	схема	схема	расписание	схема	запланировать
41	▔	входящий	▔	входной	▔	▁55
42	форма служебный запись	форма служебный запись	форма служебный запись	форма ввод	форма служебный запись	▁104
43	поставщик	поставщик	поставщик	поставщик	поставщик	поставщик
44	поставщик	поставщик	поставщик	поставщик	поставщик	поставщик
45	период	период	период	период	период	▁82
46	входной	входящий	входной	входной	входной	▁55
47	тип	▁5	тип	тип	тип	тип
48	расписание	схема	расписание	расписание	расписание	запланировать
49	данные продукт	данные продукт	данные продукт	поставщик данные	данные продукт	▁34
50	периодический пребывание	периодический пребывание	периодический пребывание	период пребывание	периодический пребывание	▁89
51	приостановка	приостановка	приостановка	приостановка	приостановка	▁114
52	▔	▁2	▔	▁3	▔	▁79
53	мастер	мастер	мастер	мастер	мастер	мастер
54	поток	поток	поток	поток	поток	поток
55	▔	отображение	▔	▁2	▔	▁62
56	срок сдача	срок сдача	срок сдача	срок сдача	срок сдача	▁41
57	пометить	пометить	пометить	пометить	пометить	▁115
58	поставщик	поставщик	поставщик	поставщик	поставщик	поставщик
59	транзакция	транзакция	транзакция	транзакция	транзакция	транзакция
60	пользовательский поле	пользовательский поле	пользовательский поле	пользовательский поле	пользовательский поле	пользовательский поле
61	вкладка	панель	вкладка	вкладка	вкладка	▁69
62	период пребывание	периодический пребывание	период пребывание	период пребывание	период пребывание	▁89
63	элемент	элемент	элемент	элемент	элемент	▁70
64	▔	период	▔	период	▔	▁82
65	поставщик	поставщик	поставщик	поставщик	поставщик	поставщик
66	балансовый	балансовый	балансовый	балансовый	балансовый	▁15
67	копировать	копировать	копировать	копия	копировать	скопировать
68	прибытие	прибытие	прибытие	аккумуляция	прибытие	▁3
69	тип	▁5	тип	тип	тип	тип
70	использовать	использовать	использовать	использовать	использовать	▁123
71	тип	▁5	тип	тип	тип	тип
72	расписание	схема	расписание	расписание	расписание	запланировать
73	▔	▁5	▔	тип	▔	тип
74	выходной	дать	выходной	выход	выходной	▁68
75	входной	входящий	входной	входной	входной	▁55
76	тип	▁5	тип	тип	тип	тип
77	распределение	распределение	распределение	распределение	распределение	распределение
78	контракт	контракт	контракт	контракт	контракт	договор
79	редактировать	редактировать	редактировать	редактировать	редактировать	редактировать
80	работать	работать	работать	работать	работать	▁35
81	входной	входящий	входной	входной	входной	▁55
82	соединить	соединить	соединить	соединить	соединить	▁57
83	среда	место	среда	пространство	среда	пространство
84	прибыль	прибытие	прибыль	аккумуляция	прибыль	▁3
85	период пребывание	периодический пребывание	период пребывание	период пребывание	период пребывание	▁89
86	контракт	контракт	контракт	контракт	контракт	договор
87	сборка	сборка	сборка	сборка	сборка	сборка
88	скопировать	копировать	скопировать	копия	скопировать	скопировать
89	график	схема	график	расписание	график	запланировать
90	аккумуляция	прибытие	аккумуляция	аккумуляция	аккумуляция	▁3
91	поставщик	поставщик	поставщик	поставщик	поставщик	поставщик
92	форма ввод	форма служебный запись	форма ввод	форма ввод	форма ввод	▁104
93	тип	▁5	тип	тип	тип	тип
94	изменить	изменить	изменить	изменить	изменить	изменить
95	расписание	схема	расписание	расписание	расписание	запланировать
96	отмена	отмена	отмена	отмена	отмена	отмена
97	пауза	пауза	пауза	пауза	пауза	▁72
98	содержимое	содержимое	содержимое	содержание	содержимое	▁31
99	определение	определение	определение	возможный	определение	▁105
100	поток	поток	поток	поток	поток	▁117
101	персональный дать	персональный дать	персональный дать	персональный дать	персональный дать	▁1
102	персональный дать	персональный дать	персональный дать	персональный дать	персональный дать	▁73
103	поставщик	поставщик	поставщик	поставщик	поставщик	поставщик
104	тип	▁5	тип	тип	тип	тип
105	приложение	приложение	приложение	приложение	приложение	▁14
106	активировать	активировать	активировать	активировать	активировать	активировать
107	поставщик данные	данные продукт	поставщик данные	поставщик данные	поставщик данные	▁34
108	отчитываться	отчитываться	отчитываться	отчётность	отчитываться	▁87
109	категория	категория	категория	категория	категория	категория
110	тип	▁5	тип	тип	тип	тип
111	клиент	клиент	клиент	клиент	клиент	клиент
112	тип	▁5	тип	тип	тип	тип
113	изменить	изменить	изменить	изменить	изменить	изменить
114	поставщик	поставщик	поставщик	поставщик	поставщик	поставщик
115	расписание	схема	расписание	расписание	расписание	запланировать
116	поставщик	поставщик	поставщик	поставщик	поставщик	поставщик
117	показатель	показатель	показатель	показатель	показатель	▁83
118	мастер	мастер	мастер	мастер	мастер	мастер
119	схема	схема	схема	повторение	схема	▁71
120	тип	▁5	тип	тип	тип	тип
121	поставщик	поставщик	поставщик	поставщик	поставщик	поставщик
122	неактивный	неактивный	неактивный	неактивный	неактивный	▁54
123	редактировать	редактировать	редактировать	редактировать	редактировать	редактировать
124	поставщик	поставщик	поставщик	поставщик	поставщик	поставщик
125	планирование	схема	планирование	расписание	планирование	запланировать
126	скопировать	копировать	скопировать	копия	скопировать	скопировать
127	редактировать	редактировать	редактировать	редактировать	редактировать	редактировать
128	▔	▁4	▔	вкладка	▔	вкладка
129	поставщик	поставщик	поставщик	поставщик	поставщик	поставщик
130	тип	▁5	тип	тип	тип	тип
131	запланировать	схема	запланировать	расписание	запланировать	запланировать
132	область	▁3	область	область	область	▁101
133	контракт	контракт	контракт	контракт	контракт	договор
134	период хранение	период хранение	период хранение	период хранение	период хранение	▁93
135	сказание	сказание	сказание	сказание	сказание	▁111
136	пространство	место	пространство	пространство	пространство	пространство
137	▔	показатель	▔	показатель	▔	▁83
138	вкладка	▁4	вкладка	вкладка	вкладка	вкладка
139	▔	▁5	▔	тип	▔	тип
140	место	место	место	пространство	место	пространство
141	перенести	перенести	перенести	перенести	перенести	▁121
142	тип	▁5	тип	тип	тип	тип
143	экземпляр	экземпляр	экземпляр	экземпляр	экземпляр	▁56
144	открыть	открыть	открыть	открытый	открыть	▁67
145	тип	▁5	тип	тип	тип	тип
146	окно	мастер	окно	мастер	окно	мастер
147	тип	▁5	тип	тип	тип	тип
148	вкладка	▁4	вкладка	вкладка	вкладка	вкладка
149	тип	▁5	тип	тип	тип	тип
150	планировать	схема	планировать	расписание	планировать	запланировать
151	волшебник	мастер	волшебник	мастер	волшебник	мастер
152	запрос	запрос	запрос	запрос	запрос	▁88
153	изменить	изменить	изменить	изменить	изменить	изменить
154	панель	▁4	панель	вкладка	панель	вкладка
155	возобновление	возобновление	возобновление	возобновление	возобновление	▁90
156	пауза	пауза	пауза	пауза	пауза	▁72
157	связь	связь	связь	связь	связь	связь
158	объединить	объединить	объединить	объединить	объединить	▁6
159	контракт	контракт	контракт	контракт	контракт	договор
160	тип	▁5	тип	тип	тип	тип
161	элемент	элемент	элемент	элемент	элемент	элемент
162	▔	▁1	▔	▁1	▔	▁36
163	тип	▁5	тип	тип	тип	тип
164	приложение	схема	приложение	расписание	приложение	запланировать
165	тип	▁5	тип	тип	тип	тип
166	получить	получить	получить	получить	получить	получить
167	обновить	изменение	обновить	обновить	обновить	обновить
168	скачать	скачать	скачать	скачать	скачать	▁40
169	проверить	проверить	проверить	проверить	проверить	проверить
170	пространство	место	пространство	пространство	пространство	пространство
171	тип	▁5	тип	тип	тип	тип
172	пауза	пауза	пауза	пауза	пауза	▁72
173	тип поступление	тип поступление	тип поступление	тип операция	тип поступление	▁120
174	поставщик	поставщик	поставщик	поставщик	поставщик	поставщик
175	▔	мастер	▔	мастер	▔	мастер
176	тип	▁5	тип	тип	тип	тип
177	тип	▁5	тип	тип	тип	тип
178	поставщик	поставщик	поставщик	поставщик	поставщик	поставщик
179	редактирование	редактировать	редактирование	редактировать	редактирование	редактировать
180	входной	входящий	входной	входной	входной	▁55
181	распределение	распределение	распределение	распределение	распределение	распределение
182	подтверждение услуга	подтверждение услуга	подтверждение услуга	подтверждение услуга	подтверждение услуга	▁103
183	запрос	запрос	запрос	запрос	запрос	▁88
184	использовать	использовать	использовать	использовать	использовать	▁123
185	поставщик	поставщик	поставщик	поставщик	поставщик	поставщик
186	правка	редактировать	правка	редактировать	правка	редактировать
187	пространство	место	пространство	пространство	пространство	пространство
188	тип	▁5	тип	тип	тип	тип
189	получить	получить	получить	получить	получить	получить
190	заказ на поступление	заказ на поступление	заказ на поступление	заказ на поставка	заказ на поступление	▁81
191	заказ на поступление	заказ на поступление	заказ на поступление	заказ на поставка	заказ на поступление	▁2
192	заказ продажа	заказ продажа	заказ продажа	заказ продажа	заказ продажа	▁100
193	тип	▁5	тип	тип	тип	тип
194	исключение	исключение	исключение	исключение	исключение	исключение
195	тип	▁5	тип	тип	тип	тип
196	категория	категория	категория	категория	категория	категория
197	элемент	элемент	элемент	элемент	элемент	элемент
198	обновить	изменение	обновить	обновить	обновить	обновить
199	тип	▁5	тип	тип	тип	тип
200	регламент	регламент	регламент	регламент	регламент	▁85
201	присвоение источник	присвоение источник	присвоение источник	присвоение источник	присвоение источник	▁107
202	термин	термин	термин	термин	термин	▁116
203	мастер	мастер	мастер	мастер	мастер	мастер
204	поставщик	поставщик	поставщик	поставщик	поставщик	поставщик
205	вкладка	▁4	вкладка	вкладка	вкладка	вкладка
206	вкладка	▁4	вкладка	вкладка	вкладка	вкладка
207	ситуация	▁5	ситуация	тип	ситуация	тип
208	тип	▁5	тип	тип	тип	тип
209	период хранение	период хранение	период хранение	период хранение	период хранение	▁93
210	тип операция	тип поступление	тип операция	тип операция	тип операция	▁120
211	тип	▁5	тип	тип	тип	тип
212	подтверждение услуга	подтверждение услуга	подтверждение услуга	подтверждение услуга	подтверждение услуга	▁103
213	начисление процент	начисление процент	начисление процент	начисление процент	начисление процент	начисление процент
214	предмет	предмет	предмет	предмет	предмет	▁24
215	редактировать	редактировать	редактировать	редактировать	редактировать	редактировать
216	редактирование	редактировать	редактирование	редактировать	редактирование	редактировать
217	заказ на поставка	заказ на поступление	заказ на поставка	заказ на поставка	заказ на поставка	▁81
218	заказ на поставка	заказ на поступление	заказ на поставка	заказ на поставка	заказ на поставка	▁2
219	слияние	слияние	слияние	слияние	слияние	▁64
220	пакет работа	пакет работа	пакет работа	пакет работа	пакет работа	▁128
221	тип	▁5	тип	тип	тип	тип
222	расписание	схема	расписание	расписание	расписание	запланировать
223	пауза	пауза	пауза	пауза	пауза	▁72
224	ассоциация	ассоциация	ассоциация	ассоциация	ассоциация	▁12
225	тип	▁5	тип	тип	тип	тип
226	обновить	изменение	обновить	обновить	обновить	обновить
227	операция	операция	операция	действие	операция	операция
228	тип	▁5	тип	тип	тип	тип
229	список использование	список использование	список использование	список использование	список использование	▁126
230	запись	запись	запись	записать	запись	запись
231	ремонт	ремонт	ремонт	ремонт	ремонт	ремонт
232	контракт	контракт	контракт	контракт	контракт	договор
233	система окружающий среда , здоровье и безопасность	система окружающий среда , здоровье и безопасность	система окружающий среда , здоровье и безопасность	система окружающий среда , здоровье и безопасность	система окружающий среда , здоровье и безопасность	▁0
234	тип	▁5	тип	тип	тип	тип
235	запросить	запрос	запросить	запрос	запросить	▁88
236	агент	агент	агент	агент	агент	агент
237	запрос	запрос	запрос	запрос	запрос	▁88
238	расчёт	расчёт	расчёт	запустить	расчёт	▁98
239	подтверждение услуга	подтверждение услуга	подтверждение услуга	подтверждение услуга	подтверждение услуга	▁103
240	поставщик	поставщик	поставщик	поставщик	поставщик	поставщик
241	признак	признак	признак	признак	признак	характеристика
242	срок хранение	период хранение	срок хранение	период хранение	срок хранение	▁93
243	перевозчик	перевозчик	перевозчик	перевозчик	перевозчик	перевозчик
244	подтверждение услуга	подтверждение услуга	подтверждение услуга	подтверждение услуга	подтверждение услуга	▁103
245	использовать	использовать	использовать	использовать	использовать	▁123
246	тип транспорт	тип транспорт	тип транспорт	тип транспорт	тип транспорт	▁122
247	тип	▁5	тип	тип	тип	тип
248	контракт	контракт	контракт	контракт	контракт	договор
249	заказ продажа	заказ продажа	заказ продажа	заказ продажа	заказ продажа	▁100
250	отправить	отправить	отправить	отправить	отправить	▁86
251	организация	организация	организация	организация	организация	▁23
252	организация	организация	организация	организация	организация	▁23
253	обзор	свод	обзор	обзор	обзор	▁113
254	изменить	изменить	изменить	изменить	изменить	изменить
255	открытый	открыть	открытый	открытый	открытый	▁67
256	просмотр	просмотр	просмотр	просмотр	просмотр	▁65
257	тип	▁5	тип	тип	тип	тип
258	тип событие	тип событие	тип событие	тип событие	тип событие	▁43
259	возможный	определение	возможный	возможный	возможный	▁105
260	тип	▁5	тип	тип	тип	тип
261	редактировать	редактировать	редактировать	редактировать	редактировать	редактировать
262	список счёт	схема	список счёт	расписание	список счёт	запланировать
263	изменить	редактировать	изменить	редактировать	изменить	редактировать
264	тип	▁5	тип	тип	тип	тип
265	тип	▁5	тип	тип	тип	тип
266	отчётность	отчитываться	отчётность	отчётность	отчётность	▁87
267	редактировать	редактировать	редактировать	редактировать	редактировать	редактировать
268	тип	▁5	тип	тип	тип	тип
269	термин	термин	термин	термин	термин	▁116
270	тип	▁5	тип	тип	тип	тип
271	контракт	контракт	контракт	контракт	контракт	договор
272	▔	▁5	▔	тип	▔	тип
273	включить	активировать	включить	активировать	включить	активировать
274	редактирование	редактировать	редактирование	редактировать	редактирование	редактировать
275	промежуток	промежуток	промежуток	промежуток	промежуток	▁48
276	модель потребление	модель потребление	модель потребление	модель потребление	модель потребление	▁30
277	расписание	схема	расписание	расписание	расписание	запланировать
278	просмотр	просмотр	просмотр	просмотр	просмотр	▁97
279	обновление	изменение	обновление	обновить	обновление	обновить
280	тип	▁5	тип	тип	тип	тип
281	контролёр	контролёр	контролёр	контролёр	контролёр	▁33
282	хранение место	хранение место	хранение место	хранение место	хранение место	▁110
283	согласие	согласие	согласие	согласие	согласие	согласие
284	использовать	использовать	использовать	использовать	использовать	▁123
285	количество	количество	количество	количество	количество	▁8
286	поставщик	поставщик	поставщик	поставщик	поставщик	поставщик
287	применить	применить	применить	применить	применить	▁10
288	отменить	отмена	отменить	отмена	отменить	отмена
289	тип	▁5	тип	тип	тип	тип
290	получить	получить	получить	получить	получить	получить
291	лот	лот	лот	лот	лот	▁60
292	проверка	проверить	проверка	проверить	проверка	проверить
293	тип	▁5	тип	тип	тип	тип
294	запустить	расчёт	запустить	запустить	запустить	▁98
295	изменить	редактировать	изменить	редактировать	изменить	редактировать
296	изменить	изменить	изменить	изменить	изменить	изменить
297	запись журнал	запись журнал	запись журнал	запись журнал	запись журнал	запись журнал
298	поставщик	поставщик	поставщик	поставщик	поставщик	поставщик
299	счёт	счёт	счёт	счёт	счёт	счёт
300	следующий	следующий	следующий	следующий	следующий	▁47
301	тип	▁5	тип	тип	тип	тип
302	следующий	следующий	следующий	следующий	следующий	▁47
303	время хранение	время хранение	время хранение	время хранение	время хранение	▁94
304	раздел	▁4	раздел	вкладка	раздел	вкладка
305	изменить	изменить	изменить	изменить	изменить	изменить
306	тип	▁5	тип	тип	тип	тип
307	закрыть	закрыть	закрыть	закрыть	закрыть	закрыть
308	налог на удержание	налог на удержание	налог на удержание	налог на доход	налог на удержание	▁127
309	ограничение	ограничение	ограничение	ограничение	ограничение	▁58
310	проверка	проверка	проверка	проверка	проверка	проверка
311	выход	дать	выход	выход	выход	▁68
312	индикатор блокировка	индикатор блокировка	индикатор блокировка	индикатор блокировка	индикатор блокировка	индикатор блокировка
313	расписание	схема	расписание	расписание	расписание	запланировать
314	график поставка	график поставка	график поставка	график поставка	график поставка	▁109
315	вкладка	▁4	вкладка	вкладка	вкладка	вкладка
316	▔	отображение	▔	▁2	▔	▁62
317	редактировать	редактировать	редактировать	редактировать	редактировать	редактировать
318	форма	форма	форма	форма	форма	форма
319	использовать	использовать	использовать	использовать	использовать	▁123
320	расписание	схема	расписание	расписание	расписание	запланировать
321	в подготовка	в подготовка	в подготовка	в подготовка	в подготовка	▁52
322	тип	▁5	тип	тип	тип	тип
323	список	список	список	список	список	▁63
324	расписание	схема	расписание	расписание	расписание	запланировать
325	тип	▁5	тип	тип	тип	тип
326	копия	копировать	копия	копия	копия	скопировать
327	тип	▁5	тип	тип	тип	тип
328	обзор	свод	обзор	обзор	обзор	▁113
329	подтверждение услуга	подтверждение услуга	подтверждение услуга	подтверждение услуга	подтверждение услуга	▁103
330	уровень публикация	уровень публикация	уровень публикация	уровень публикация	уровень публикация	▁74
331	вход	входящий	вход	входной	вход	▁55
332	billing	учитываться	billing	billing	billing	▁16
333	группа	группировка	группа	группа	группа	группа
334	тип	▁5	тип	тип	тип	тип
335	предел среда	предел среда	предел среда	предел среда	предел среда	▁42
336	пересказ	пересказ	пересказ	пересказ	пересказ	▁91
337	запустить	возобновление	запустить	возобновление	запустить	▁90
338	личный информация	личный информация	личный информация	личный информация	личный информация	личный информация
339	срок хранение	период хранение	срок хранение	период хранение	срок хранение	▁93
340	тип	▁5	тип	тип	тип	тип
341	▔	транзакция	▔	транзакция	▔	транзакция
342	тип	▁5	тип	тип	тип	тип
343	репликация данные	репликация данные	репликация данные	репликация данные	репликация данные	репликация данные
344	оплата	оплата	оплата	оплата	оплата	оплата
345	оповещение	оповещение	оповещение	оповещение	оповещение	▁7
346	тип	▁5	тип	тип	тип	тип
347	тип	▁5	тип	тип	тип	тип
348	истечение	истечение	истечение	истечение	истечение	▁44
349	договор	контракт	договор	контракт	договор	договор
350	дата начало действие	дата начало действие	дата начало действие	дата начало действие	дата начало действие	▁125
351	редактирование	редактировать	редактирование	редактировать	редактирование	редактировать
352	контрактный	контракт	контрактный	контракт	контрактный	договор
353	тип	▁5	тип	тип	тип	тип
354	категория использование	категория использование	категория использование	категория использование	категория использование	категория использование
355	деятельность	деятельность	деятельность	действие	деятельность	действие
356	идентификатор поставщик	идентификатор поставщик	идентификатор поставщик	идентификатор поставщик	идентификатор поставщик	идентификатор поставщик
357	тип	▁5	тип	тип	тип	тип
358	тип	▁5	тип	тип	тип	тип
359	подтверждение услуга	подтверждение услуга	подтверждение услуга	подтверждение услуга	подтверждение услуга	▁103
360	распределение	распределение	распределение	распределение	распределение	распределение
361	распределение	распределение	распределение	распределение	распределение	распределение
362	получить	получить	получить	получить	получить	получить
363	действие	операция	действие	действие	действие	операция
364	входной	входящий	входной	входной	входной	▁55
365	копия	копировать	копия	копия	копия	скопировать
366	тип	▁5	тип	тип	тип	тип
367	личный информация	личный информация	личный информация	личный информация	личный информация	личный информация
368	претензия	претензия	претензия	претензия	претензия	▁20
369	договор	контракт	договор	контракт	договор	договор
370	редактировать	редактировать	редактировать	редактировать	редактировать	редактировать
371	поставщик	поставщик	поставщик	поставщик	поставщик	поставщик
372	переходить в	переходить в	переходить в	переходить в	переходить в	▁50
373	process	process	process	process	process	▁77
374	контролёр	контролёр	контролёр	контролёр	контролёр	▁33
375	действие	деятельность	действие	действие	действие	действие
376	назначение	цель	назначение	назначение	назначение	назначение
377	изменить	изменить	изменить	изменить	изменить	изменить
378	налог на доход	налог на удержание	налог на доход	налог на доход	налог на доход	▁127
379	назначение	назначение	назначение	назначение	назначение	назначение
380	платёж	платёж	платёж	платёж	платёж	▁102
381	пространство	место	пространство	пространство	пространство	пространство
382	действие	операция	действие	действие	действие	операция
383	прикрепить	прикрепить	прикрепить	прикрепить	прикрепить	▁13
384	оплата	оплата	оплата	оплата	оплата	оплата
385	выход	дать	выход	выход	выход	▁68
386	деятельность	деятельность	деятельность	деятельность	деятельность	▁4
387	входной	входящий	входной	входной	входной	▁55
388	входной	входящий	входной	входной	входной	▁55
389	использовать	использовать	использовать	использовать	использовать	▁123
390	изменить	изменить	изменить	изменить	изменить	изменить
391	тип	▁5	тип	тип	тип	тип
392	тип	▁5	тип	тип	тип	тип
393	изменение	изменить	изменение	изменить	изменение	изменить
394	транспорт	транспорт	транспорт	транспорт	транспорт	транспорт
395	перевозчик	перевозчик	перевозчик	перевозчик	перевозчик	перевозчик
396	соединение	соединение	соединение	соединение	соединение	▁29
397	обработка	process	обработка	process	обработка	▁77
398	активировать	активировать	активировать	активировать	активировать	активировать
399	компания-поставщик	поставщик	компания-поставщик	поставщик	компания-поставщик	поставщик
400	общий	общий	общий	общий	общий	▁119
401	контроллер	контролёр	контроллер	контролёр	контроллер	▁33
402	ключ подтверждение	ключ подтверждение	ключ подтверждение	ключ подтверждение	ключ подтверждение	▁28
403	сопоставить	сопоставить	сопоставить	сопоставить	сопоставить	▁84
404	тип	▁5	тип	тип	тип	тип
405	поставщик	поставщик	поставщик	поставщик	поставщик	поставщик
406	тип	▁5	тип	тип	тип	тип
407	расход	расход	расход	расход	расход	расход
408	категория	категория	категория	категория	категория	категория
409	пауза	пауза	пауза	пауза	пауза	▁72
410	тип	▁5	тип	тип	тип	тип
411	транспортировка	транспорт	транспортировка	транспорт	транспортировка	транспорт
412	▔	▁4	▔	вкладка	▔	вкладка
413	вид	▁5	вид	тип	вид	тип
414	поток	поток	поток	поток	поток	▁129
415	бюро долг	бюро долг	бюро долг	бюро долг	бюро долг	▁25
416	тип	▁5	тип	тип	тип	тип
417	тип	▁5	тип	тип	тип	тип
418	клиент	клиент	клиент	клиент	клиент	клиент
419	категория	категория	категория	категория	категория	категория
420	редактировать	редактировать	редактировать	редактировать	редактировать	редактировать
421	характеристика	признак	характеристика	признак	характеристика	характеристика
422	отправить	отправить	отправить	отправить	отправить	▁86
423	аналитика 1	аналитика 1	аналитика 1	аналитика 1	аналитика 1	▁9
424	поставщик	поставщик	поставщик	поставщик	поставщик	поставщик
425	назначить	назначить	назначить	назначить	назначить	▁11
426	типовой запуск	типовой запуск	типовой запуск	типовой запуск	типовой запуск	▁99
427	выход	выход	выход	выход	выход	выход
428	поставщик данные	данные продукт	поставщик данные	поставщик данные	поставщик данные	▁34
429	счёт	счёт	счёт	счёт	счёт	счёт
430	проверить	проверить	проверить	проверить	проверить	проверить
431	тип	▁5	тип	тип	тип	тип
432	сохранять	сохранять	сохранять	сохранять	сохранять	▁61
433	структура расположение	структура расположение	структура расположение	структура расположение	структура расположение	▁59
434	соблюдение	соблюдение	соблюдение	соблюдение	соблюдение	▁27
435	тема	тема	тема	тема	тема	▁118
436	расход	расход	расход	расход	расход	▁26
437	процедура установление	процедура установление	процедура установление	процедура установление	процедура установление	▁76
438	собрание	сборка	собрание	сборка	собрание	сборка
439	вкладка	▁4	вкладка	вкладка	вкладка	вкладка
440	редактировать	редактировать	редактировать	редактировать	редактировать	редактировать
441	повторение	схема	повторение	повторение	повторение	▁71
442	тип	▁5	тип	тип	тип	тип
443	транзакция	транзакция	транзакция	транзакция	транзакция	транзакция
444	остановить	остановить	остановить	остановить	остановить	▁108
445	вкладка	▁4	вкладка	вкладка	вкладка	вкладка
446	активировать	активировать	активировать	активировать	активировать	активировать
447	соглашение	контракт	соглашение	контракт	соглашение	договор
448	редактировать	редактировать	редактировать	редактировать	редактировать	редактировать
449	мастер	мастер	мастер	мастер	мастер	мастер
450	категория объект	категория объект	категория объект	категория объект	категория объект	▁66
451	отменить	отменить	отменить	отменить	отменить	отменить
452	ограничение	ограничение	ограничение	ограничение	ограничение	▁92
453	актив	актив	актив	актив	актив	актив
454	проверка	проверка	проверка	проверка	проверка	проверка
455	использовать	использовать	использовать	использовать	использовать	▁123
456	отчётность	отчитываться	отчётность	отчётность	отчётность	▁87
457	тип классификация	тип классификация	тип классификация	тип классификация	тип классификация	▁22
458	на рассмотрение	на рассмотрение	на рассмотрение	на рассмотрение	на рассмотрение	▁53
459	поставщик	поставщик	поставщик	поставщик	поставщик	поставщик
460	тип	▁5	тип	тип	тип	тип
461	вкладка	▁4	вкладка	вкладка	вкладка	вкладка
462	остановка	остановить	остановка	остановить	остановка	▁108
463	обновить	изменение	обновить	обновить	обновить	обновить
464	порядок	порядок	порядок	порядок	порядок	порядок
465	расписание	схема	расписание	расписание	расписание	запланировать
466	вкладка	▁4	вкладка	вкладка	вкладка	вкладка
467	распределение	распределение	распределение	распределение	распределение	▁38
468	записать	запись	записать	записать	записать	запись
469	ресурс	ресурс	ресурс	ресурс	ресурс	ресурс
470	группировка	группировка	группировка	группировка	группировка	▁51
471	документ счёт	документ счёт	документ счёт	документ счёт	документ счёт	▁18
472	счёт-фактура	счёт-фактура	счёт-фактура	счёт-фактура	счёт-фактура	▁21
473	изменить	редактировать	изменить	редактировать	изменить	редактировать
474	использовать	использовать	использовать	использовать	использовать	▁123
475	тип	▁5	тип	тип	тип	тип
476	транспорт	транспорт	транспорт	транспорт	транспорт	транспорт
477	поставщик	поставщик	поставщик	поставщик	поставщик	поставщик
478	тип	▁5	тип	тип	тип	тип
479	распределение доход	распределение доход	распределение доход	распределение доход	распределение доход	▁96
480	триггер	триггер	триггер	триггер	триггер	триггер
481	вид	▁5	вид	тип	вид	тип
482	номер телефон	номер телефон	номер телефон	номер телефон	номер телефон	▁46
483	тип	▁5	тип	тип	тип	тип
484	общественность	публичный	общественность	общественность	общественность	▁80
485	пауза	пауза	пауза	пауза	пауза	▁72
486	контракт	контракт	контракт	контракт	контракт	договор
487	получить	получить	получить	получить	получить	получить
488	договор	контракт	договор	контракт	договор	договор
489	применить	применить	применить	применить	применить	▁10
490	тип процесс	тип процесс	тип процесс	тип процесс	тип процесс	▁78
491	содержание	содержимое	содержание	содержание	содержание	▁31
492	выпуск	▁5	выпуск	тип	выпуск	тип
493	редактировать	редактировать	редактировать	редактировать	редактировать	редактировать
494	план поставка	график поставка	план поставка	график поставка	план поставка	▁109
495	запланировать	схема	запланировать	расписание	запланировать	запланировать
496	использование	использование	использование	использование	использование	▁124
497	изменить	изменить	изменить	изменить	изменить	изменить
498	▔	▁5	▔	тип	▔	тип
499	поставщик	поставщик	поставщик	поставщик	поставщик	поставщик
500	данные	дать	данные	выход	данные	▁68
501	тип	▁5	тип	тип	тип	тип
502	выключить	выключить	выключить	выключить	выключить	▁37
503	числовой	числовой	числовой	числовой	числовой	числовой
504	тип документ	тип документ	тип документ	тип документ	тип документ	▁39
505	получить	получить	получить	получить	получить	получить
506	категория	категория	категория	категория	категория	категория
507	обновить	изменение	обновить	обновить	обновить	обновить
508	обзор	свод	обзор	обзор	обзор	▁113
509	дать счёт	дать счёт	дать счёт	дать счёт	дать счёт	▁17
510	однократный назначение	однократный назначение	однократный назначение	однократный назначение	однократный назначение	▁106
511	отменить	отменить	отменить	отменить	отменить	отменить
512	▔	▁0	▔	▁0	▔	▁32
513	тип	тип	тип	тип	тип	▁112
