	tgt	pseudoref_first	tgt	pseudoref_frequent	tgt	pseudoref_predefined
0	raum	raum	raum	raum	raum	space
1	speicherressourcen	speicherressourcen	speicherressourcen	speicherressourcen	speicherressourcen	▁121
2	teil|teilen	teil|teilen	teil|teilen	teilen	teil|teilen	teilen
3	einschränkung	einschränkung	einschränkung	constraint	einschränkung	einschränkung
4	erstellen	erstellen	erstellen	erstellen	erstellen	erstellen
5	bereich der verantwortung	bereich der verantwortung	bereich der verantwortung	bereich der verantwortung	bereich der verantwortung	▁11
6	trigger	trigger	trigger	trigger	trigger	▁132
7	connector	connector	connector	▔ertrat<sos>	connector	▁31
8	debitor	debitor	debitor	kunde	debitor	debitor
9	lieferant	lieferant	lieferant	lieferant	lieferant	▁126
10	wählen	wählen	wählen	wählen	wählen	▁37
11	erstellen	erstellen	erstellen	erstellen	erstellen	erstellen
12	seitenleisten	seitenleisten	seitenleisten	seitenleisten	seitenleisten	▁114
13	hauptindikator	hauptindikator	hauptindikator	hauptindikator	hauptindikator	indikator
14	abfrage	abfrage	abfrage	abfrage	abfrage	abfrage
15	anbieter	anbieter	anbieter	anbieter	anbieter	anbieter
16	raum	raum	raum	raum	raum	space
17	intercompansen	intercompansen	intercompansen	intern	intercompansen	▁63
18	geschichte	geschichte	geschichte	geschichte	geschichte	▁56
19	release	release	release	veröffentlichung	release	freigabe
20	datenanbieter	datenanbieter	datenanbieter	datenlieferanen	datenanbieter	datenanbieter
21	datenzugriffssteuern	datenzugriffssteuern	datenzugriffssteuern	datenzugriffssteuern	datenzugriffssteuern	▁6
22	datenprovider	datenanbieter	datenprovider	datenlieferanen	datenprovider	datenanbieter
23	abschnitt	abschnitt	abschnitt	abschnitt	abschnitt	▁111
24	anbieter	anbieter	anbieter	anbieter	anbieter	anbieter
25	anbieter	anbieter	anbieter	anbieter	anbieter	anbieter
26	release	release	release	veröffentlichung	release	freigabe
27	zuweisen	zuweisen	zuweisen	bestätigen	zuweisen	zuweisen
28	speicherplatz	speicherressourcen	speicherplatz	speicherressourcen	speicherplatz	▁121
29	speicherplatz	raum	speicherplatz	raum	speicherplatz	space
30	zeitraum	zeitraum	zeitraum	zeitperiode	zeitraum	zeitraum
31	datenanbieters	datenanbieter	datenanbieters	datenlieferanen	datenanbieters	datenanbieter
32	erstellen	erstellen	erstellen	erstellen	erstellen	erstellen
33	provider	datenanbieter	provider	datenlieferanen	provider	datenanbieter
34	raum	raum	raum	raum	raum	space
35	datenanbieter	datenanbieter	datenanbieter	datenlieferanen	datenanbieter	datenanbieter
36	verbrauchsschemata	verbrauchsschemata	verbrauchsschemata	verbrauchsmodell	verbrauchsschemata	verbrauchsmodell
37	referenzmenge	referenzmenge	referenzmenge	referenzmenge	referenzmenge	referenzmenge
38	zeitperiode	zeitraum	zeitperiode	zeitperiode	zeitperiode	zeitraum
39	wurzelpfad	wurzelpfad	wurzelpfad	wurzelpfad	wurzelpfad	▁103
40	klauselart	klauselart	klauselart	art	klauselart	art
41	annahme	annahme	annahme	annahme	annahme	▁5
42	raum	raum	raum	raum	raum	space
43	revisions	revisions	revisions	revisions	revisions	▁102
44	datenprovidern	datenanbieter	datenprovidern	datenlieferanen	datenprovidern	datenanbieter
45	startdatum	startdatum	startdatum	startdatum	startdatum	▁119
46	preisdatum	preisdatum	preisdatum	preisdatum	preisdatum	▁85
47	schicht	schicht	schicht	schicht	schicht	schicht
48	erstellen	erstellen	erstellen	erstellen	erstellen	erstellen
49	raum	raum	raum	raum	raum	space
50	skalierungstyp	klauselart	skalierungstyp	art	skalierungstyp	art
51	plan	plan	plan	plan	plan	terminplan
52	zusammenfassung	zusammenfassung	zusammenfassung	zusammenfassung	zusammenfassung	zusammenfassung
53	raum	raum	raum	raum	raum	space
54	berichtsperioden	berichtsperioden	berichtsperioden	bericht	berichtsperioden	▁97
55	verbrauchsmodell	verbrauchsschemata	verbrauchsmodell	verbrauchsmodell	verbrauchsmodell	verbrauchsmodell
56	erstellen	trigger	erstellen	trigger	erstellen	▁132
57	auftrag	auftrag	auftrag	auftrag	auftrag	auftrag
58	kunde	kunde	kunde	klient	kunde	▁26
59	zeitraum	zeitraum	zeitraum	zeitraum	zeitraum	▁64
60	speicherplatz	raum	speicherplatz	raum	speicherplatz	space
61	erstellen	erstellen	erstellen	erstellen	erstellen	erstellen
62	aufgabenprotokoll	aufgabenprotokoll	aufgabenprotokoll	aufgabenprotokoll	aufgabenprotokoll	aufgabenprotokoll
63	anbieter	anbieter	anbieter	anbieter	anbieter	anbieter
64	▔ertrat<sos>	connector	▔ertrat<sos>	▔ertrat<sos>	▔ertrat<sos>	▁31
65	veröffentlichung	release	veröffentlichung	veröffentlichung	veröffentlichung	freigabe
66	qualifikation	qualifikation	qualifikation	fähigkeit	qualifikation	qualifikation
67	anbieter	anbieter	anbieter	anbieter	anbieter	anbieter
68	datenlieferanen	datenanbieter	datenlieferanen	datenlieferanen	datenlieferanen	datenanbieter
69	menü	menü	menü	menü	menü	menü
70	speicherweisingen	speicherweisingen	speicherweisingen	speicherweisingen	speicherweisingen	▁8
71	datenlieferanen	datenanbieter	datenlieferanen	datenlieferanen	datenlieferanen	datenanbieter
72	version	release	version	veröffentlichung	version	freigabe
73	nachricht	nachricht	nachricht	nachricht	nachricht	nachricht
74	raum	raum	raum	raum	raum	space
75	endnutzer	endnutzer	endnutzer	endanwenderanwendung	endnutzer	▁44
76	datenlieferanen	datenanbieter	datenlieferanen	datenlieferanen	datenlieferanen	datenanbieter
77	datenanbieters	datenanbieter	datenanbieters	datenlieferanen	datenanbieters	datenanbieter
78	erstellen	erstellen	erstellen	erstellen	erstellen	erstellen
79	erstellen	erstellen	erstellen	erstellen	erstellen	erstellen
80	raum	raum	raum	raum	raum	space
81	klickpfad	klickpfad	klickpfad	klickpfad	klickpfad	klickpfad
82	anbieter	anbieter	anbieter	anbieter	anbieter	anbieter
83	incident	incident	incident	incident	incident	▁58
84	geschäftsnamen	geschäftsnamen	geschäftsnamen	geschäftsname	geschäftsnamen	▁20
85	arbeitseinheit	arbeitseinheit	arbeitseinheit	arbeitseinheit	arbeitseinheit	▁141
86	aufbewahrungszeitraumen	aufbewahrungszeitraumen	aufbewahrungszeitraumen	aufbewahrungszeitraumen	aufbewahrungszeitraumen	▁100
87	trigger	trigger	trigger	trigger	trigger	▁132
88	identifikationswerten	identifikationswerten	identifikationswerten	identifikationswerten	identifikationswerten	▁57
89	ie	ie	ie	ie	ie	ie
90	▔ertrat<sos>	startdatum	▔ertrat<sos>	startdatum	▔ertrat<sos>	▁119
91	schlüsselzuordnungen	schlüsselzuordnungen	schlüsselzuordnungen	schlüsselzuordnungen	schlüsselzuordnungen	schlüsselzuordnungen
92	auswahl	auswahl	auswahl	auswahl	auswahl	▁34
93	element	element	element	item	element	element
94	minimalen wert	minimalen wert	minimalen wert	minimalen wert	minimalen wert	▁72
95	seitenleisten	seitenleisten	seitenleisten	seitenleisten	seitenleisten	▁114
96	raum|räumen	raum	raum|räumen	raum	raum|räumen	space
97	hdiep	raum	hdiep	raum	hdiep	space
98	verbrauchen	verbrauchen	verbrauchen	verbrauchen	verbrauchen	▁9
99	minimalen wert	minimalen wert	minimalen wert	minimalen wert	minimalen wert	▁72
100	aktion	aktion	aktion	aktion	aktion	aktion
101	aktion	aktion	aktion	aktion	aktion	aktion
102	bedingung	bedingung	bedingung	bedingung	bedingung	bedingung
103	einhaltungsvorgeben	einhaltungsvorgeben	einhaltungsvorgeben	anforderung	einhaltungsvorgeben	compliance
104	datenlieferanen	datenanbieter	datenlieferanen	datenlieferanen	datenlieferanen	datenanbieter
105	freigabe	release	freigabe	veröffentlichung	freigabe	freigabe
106	erstellung	erstellen	erstellung	erstellen	erstellung	erstellen
107	privilegtype	klauselart	privilegtype	art	privilegtype	art
108	▔ertrat<sos>	connector	▔ertrat<sos>	▔ertrat<sos>	▔ertrat<sos>	▁31
109	raum	raum	raum	raum	raum	space
110	plan	plan	plan	plan	plan	terminplan
111	änderung	änderung	änderung	änderung	änderung	änderung
112	ergebnis	ergebnis	ergebnis	ergebnis	ergebnis	▁23
113	dienstleistung	dienstleistung	dienstleistung	dienstleistung	dienstleistung	service
114	datenlieferanen	datenanbieter	datenlieferanen	datenlieferanen	datenlieferanen	datenanbieter
115	zuwiesen	zuweisen	zuwiesen	bestätigen	zuwiesen	zuweisen
116	speicherplatz	raum	speicherplatz	raum	speicherplatz	space
117	geschäftsinsights	geschäftsinsights	geschäftsinsights	geschäftsinsights	geschäftsinsights	▁61
118	erstellen	erstellen	erstellen	erstellen	erstellen	erstellen
119	bereich	raum	bereich	raum	bereich	space
120	speicherressourcen	speicherressourcen	speicherressourcen	speicherressourcen	speicherressourcen	▁121
121	weitergeben	teil|teilen	weitergeben	teilen	weitergeben	teilen
122	veröffentlichung	release	veröffentlichung	veröffentlichung	veröffentlichung	freigabe
123	datenzugriffssteuern	datenzugriffssteuern	datenzugriffssteuern	datenzugriffssteuern	datenzugriffssteuern	▁6
124	datenbeschränkung	datenbeschränkung	datenbeschränkung	einschränkung	datenbeschränkung	einschränkung
125	datenschnappschüssen	datenschnappschüssen	datenschnappschüssen	datenschnappschüssen	datenschnappschüssen	▁115
126	schnittstelle	schnittstelle	schnittstelle	schnittstelle	schnittstelle	schnittstelle
127	nachricht	nachricht	nachricht	nachricht	nachricht	nachricht
128	bereitstellung	bereitstellung	bereitstellung	bereitstellung	bereitstellung	▁38
129	datenlieferer	datenanbieter	datenlieferer	datenlieferanen	datenlieferer	datenanbieter
130	referenzdaten	referenzdaten	referenzdaten	faktenspalten	referenzdaten	▁93
131	neubestellung	bereitstellung	neubestellung	bereitstellung	neubestellung	▁38
132	veröffentlichung	release	veröffentlichung	veröffentlichung	veröffentlichung	freigabe
133	datenanbieter	datenanbieter	datenanbieter	datenlieferanen	datenanbieter	datenanbieter
134	bereitstellung	bereitstellung	bereitstellung	bereitstellung	bereitstellung	▁38
135	aktualisierung	aktualisierung	aktualisierung	aktualisierung	aktualisierung	▁135
136	fähigkeit	qualifikation	fähigkeit	fähigkeit	fähigkeit	qualifikation
137	feedback	feedback	feedback	feedback	feedback	feedback
138	datenlieferantum	datenanbieter	datenlieferantum	datenlieferanen	datenlieferantum	datenanbieter
139	einfugen	einfugen	einfugen	einfugen	einfugen	▁60
140	▔ertrat<sos>	▔ertrat<sos>	▔ertrat<sos>	tabelle	▔ertrat<sos>	tabelle
141	insights	geschäftsinsights	insights	geschäftsinsights	insights	▁61
142	bereitstellung	bereitstellung	bereitstellung	bereitstellung	bereitstellung	▁38
143	raum|räumen	raum	raum|räumen	raum	raum|räumen	space
144	versönlichen datum	versönlichen datum	versönlichen datum	versönlichen datum	versönlichen datum	personenbezogen datum
145	arbeitszentrum	arbeitseinheit	arbeitszentrum	arbeitseinheit	arbeitszentrum	▁141
146	erstellen	erstellen	erstellen	erstellen	erstellen	erstellen
147	veröffentlichung	release	veröffentlichung	veröffentlichung	veröffentlichung	freigabe
148	raum	raum	raum	raum	raum	space
149	geschäftsobjeken	geschäftsobjeken	geschäftsobjeken	geschäftsobjeken	geschäftsobjeken	▁19
150	verbrauchsmodell	verbrauchsschemata	verbrauchsmodell	verbrauchsmodell	verbrauchsmodell	verbrauchsmodell
151	thema	thema	thema	problem	thema	problem
152	verbrauchssätze	verbrauchsschemata	verbrauchssätze	verbrauchsmodell	verbrauchssätze	verbrauchsmodell
153	werksbestehen	startdatum	werksbestehen	startdatum	werksbestehen	▁119
154	namespacen	namespacen	namespacen	namespacen	namespacen	namespacen
155	bereitstellung	bereitstellung	bereitstellung	bereitstellung	bereitstellung	▁38
156	auftrag	auftrag	auftrag	auftrag	auftrag	▁65
157	raum	raum	raum	raum	raum	space
158	raumdaten	raum	raumdaten	raum	raumdaten	space
159	verfügbaren kapazität	verfügbaren kapazität	verfügbaren kapazität	verfügbaren kapazität	verfügbaren kapazität	▁16
160	vertrag	vertrag	vertrag	vertrag	vertrag	vertrag
161	verlängerung	verlängerung	verlängerung	verlängerung	verlängerung	▁96
162	datenlieferanen	datenanbieter	datenlieferanen	datenlieferanen	datenlieferanen	datenanbieter
163	space	raum	space	raum	space	space
164	speicherplatz	raum	speicherplatz	raum	speicherplatz	space
165	erstellen	erstellen	erstellen	erstellen	erstellen	erstellen
166	datenbeschränken	datenbeschränkung	datenbeschränken	einschränkung	datenbeschränken	einschränkung
167	personal	personal	personal	massentransfer	personal	übertragen
168	verlängerungen	verlängerung	verlängerungen	verlängerung	verlängerungen	▁96
169	verbrauchsschemata	verbrauchsschemata	verbrauchsschemata	verbrauchsmodell	verbrauchsschemata	verbrauchsmodell
170	raum	raum	raum	raum	raum	space
171	tabelle	tabelle	tabelle	tabelle	tabelle	▁3
172	tabelle	dienstleistung	tabelle	dienstleistung	tabelle	service
173	faktenspalten	referenzdaten	faktenspalten	faktenspalten	faktenspalten	▁93
174	implementierung	element	implementierung	item	implementierung	element
175	raumdaten	raum	raumdaten	raum	raumdaten	space
176	endanwenderanwendung	endnutzer	endanwenderanwendung	endanwenderanwendung	endanwenderanwendung	▁44
177	creator	creator	creator	creator	creator	creator
178	graphicalen view	graphicalen view	graphicalen view	graphicalen view	graphicalen view	▁53
179	problem	thema	problem	problem	problem	problem
180	bereich	bereich	bereich	bereich	bereich	bereich
181	bucket	bucket	bucket	bucket	bucket	▁18
182	scripen	scripen	scripen	scripen	scripen	▁110
183	update	aktualisierung	update	aktualisierung	update	▁135
184	nachricht	nachricht	nachricht	nachricht	nachricht	nachricht
185	space	raum	space	raum	space	space
186	trigger	trigger	trigger	trigger	trigger	▁132
187	seitenleisten	seitenleisten	seitenleisten	seitenleisten	seitenleisten	▁114
188	erstellen	erstellen	erstellen	erstellen	erstellen	erstellen
189	vertragsart	klauselart	vertragsart	art	vertragsart	art
190	nachricht	nachricht	nachricht	nachricht	nachricht	nachricht
191	auftrag	auftrag	auftrag	auftrag	auftrag	auftrag
192	vorfall	incident	vorfall	incident	vorfall	▁58
193	sitzung	sitzung	sitzung	sitzung	sitzung	sitzung
194	planung	plan	planung	plan	planung	terminplan
195	dokument	dokument	dokument	dokument	dokument	beleg
196	teilnehmerplan	plan	teilnehmerplan	plan	teilnehmerplan	terminplan
197	diagramm	diagramm	diagramm	diagramm	diagramm	diagramm
198	hinweis	release	hinweis	veröffentlichung	hinweis	freigabe
199	datumsauswahltyp	klauselart	datumsauswahltyp	art	datumsauswahltyp	art
200	beleg	dokument	beleg	dokument	beleg	beleg
201	revisionsnummern	revisions	revisionsnummern	revisions	revisionsnummern	▁102
202	datenlieferantum	datenanbieter	datenlieferantum	datenlieferanen	datenlieferantum	datenanbieter
203	sendedatum	sendedatum	sendedatum	benachrichtigung	sendedatum	benachrichtigung
204	übertragen	personal	übertragen	massentransfer	übertragen	übertragen
205	erstellen	erstellen	erstellen	erstellen	erstellen	erstellen
206	homepage	homepage	homepage	homepage	homepage	▁79
207	einschränkung	datenbeschränkung	einschränkung	einschränkung	einschränkung	einschränkung
208	über	über	über	über	über	über
209	compliance	einhaltungsvorgeben	compliance	anforderung	compliance	compliance
210	tabelleansicht	tabelleansicht	tabelleansicht	ansicht	tabelleansicht	▁128
211	informationssuchen	informationssuchen	informationssuchen	informationssuchen	informationssuchen	▁104
212	speicherart	speicherart	speicherart	speicherart	speicherart	▁122
213	klient	kunde	klient	klient	klient	▁26
214	prüfung	prüfung	prüfung	prüfung	prüfung	prüfung
215	verbrauchmodell	verbrauchsschemata	verbrauchmodell	verbrauchsmodell	verbrauchmodell	verbrauchsmodell
216	auslastung	plan	auslastung	plan	auslastung	terminplan
217	▔ertrat<sos>	abfrage	▔ertrat<sos>	abfrage	▔ertrat<sos>	abfrage
218	speicherort	raum	speicherort	raum	speicherort	space
219	zuordnung	zuordnung	zuordnung	zuordnung	zuordnung	▁12
220	warteschlange	warteschlange	warteschlange	warteschlange	warteschlange	warteschlange
221	folgend	folgend	folgend	folgend	folgend	▁89
222	arbeitspaket	arbeitspaket	arbeitspaket	arbeitspaket	arbeitspaket	▁142
223	workitem	klauselart	workitem	art	workitem	art
224	item	element	item	item	item	element
225	▔ertrat<sos>	aktion	▔ertrat<sos>	aktion	▔ertrat<sos>	aktion
226	aktion	aktion	aktion	aktion	aktion	aktion
227	anhang	plan	anhang	plan	anhang	terminplan
228	create	erstellen	create	erstellen	create	erstellen
229	intern	intercompansen	intern	intern	intern	▁63
230	verwendungsmessungen	verwendungsmessungen	verwendungsmessungen	verwendungsmessungen	verwendungsmessungen	▁137
231	auftragsstellung	auftragsstellung	auftragsstellung	auftragsstellung	auftragsstellung	▁1
232	auftragsstellung	auftragsstellung	auftragsstellung	auftragsstellung	auftragsstellung	▁88
233	dokumentstatusen	dokumentstatusen	dokumentstatusen	dokumentstatusen	dokumentstatusen	dokumentstatusen
234	ankerung	ankerung	ankerung	ankerung	ankerung	▁10
235	fläche	raum	fläche	raum	fläche	space
236	übertraguntstypen	klauselart	übertraguntstypen	art	übertraguntstypen	art
237	position	position	position	position	position	▁84
238	hochbelasten	hochbelasten	hochbelasten	datei	hochbelasten	▁68
239	troubleshootingen	troubleshootingen	troubleshootingen	troubleshootingen	troubleshootingen	▁133
240	datenzugriffsbeschränken	datenzugriffssteuern	datenzugriffsbeschränken	datenzugriffssteuern	datenzugriffsbeschränken	▁6
241	resen	resen	resen	resen	resen	resen
242	anhalten	anhalten	anhalten	anhalten	anhalten	▁80
243	aktualisieren	aktualisieren	aktualisieren	aktualisieren	aktualisieren	aktualisieren
244	akzeptieren	akzeptieren	akzeptieren	akzeptieren	akzeptieren	▁4
245	verfallsdatum	element	verfallsdatum	item	verfallsdatum	element
246	erklärung	erklärung	erklärung	erklärung	erklärung	▁41
247	anbieter	anbieter	anbieter	anbieter	anbieter	anbieter
248	aufgabe	aufgabe	aufgabe	aufgabe	aufgabe	aufgabe
249	bearbeitung	bearbeitung	bearbeitung	bearbeitung	bearbeitung	verarbeitung
250	sammlung	sammlung	sammlung	sammlung	sammlung	sammlung
251	symbol	symbol	symbol	symbol	symbol	symbol
252	standardmäßig	standardmäßig	standardmäßig	standardmäßig	standardmäßig	▁35
253	vertrieb	vertrieb	vertrieb	vertrieb	vertrieb	▁106
254	vertrieb	vertrieb	vertrieb	vertrieb	vertrieb	▁2
255	▔ertrat<sos>	zuordnung	▔ertrat<sos>	zuordnung	▔ertrat<sos>	▁12
256	dokument	dokument	dokument	dokument	dokument	beleg
257	zahlungsmetheden	zahlungsmetheden	zahlungsmetheden	zahlungsmetheden	zahlungsmetheden	▁82
258	aufteilungskriteriumen	aufteilungskriteriumen	aufteilungskriteriumen	aufteilungskriteriumen	aufteilungskriteriumen	▁117
259	materialgruppe	materialgruppe	materialgruppe	materialgruppe	materialgruppe	materialgruppe
260	versönlichen datum	versönlichen datum	versönlichen datum	versönlichen datum	versönlichen datum	personenbezogen datum
261	datenbericht	berichtsperioden	datenbericht	bericht	datenbericht	▁97
262	checken	prüfung	checken	prüfung	checken	prüfung
263	anforderung	einhaltungsvorgeben	anforderung	anforderung	anforderung	compliance
264	ausgabewerten	ausgabewerten	ausgabewerten	ausgabewerten	ausgabewerten	▁109
265	sequenz	sequenz	sequenz	sequenz	sequenz	▁112
266	erstellen	erstellen	erstellen	erstellen	erstellen	erstellen
267	abbrechen	abbrechen	abbrechen	abbrechen	abbrechen	▁22
268	unterschied	unterschied	unterschied	unterschied	unterschied	▁40
269	routing	informationssuchen	routing	informationssuchen	routing	▁104
270	benachrichtigung	sendedatum	benachrichtigung	benachrichtigung	benachrichtigung	benachrichtigung
271	überprüfung	überprüfung	überprüfung	überprüfung	überprüfung	▁140
272	folgend	folgend	folgend	folgend	folgend	▁50
273	aktion	aktion	aktion	aktion	aktion	aktion
274	aktion	aktion	aktion	aktion	aktion	aktion
275	feld	feld	feld	feld	feld	▁136
276	instandhaltungsplaner	instandhaltungsplaner	instandhaltungsplaner	instandhaltungsplaner	instandhaltungsplaner	▁71
277	termin	plan	termin	plan	termin	terminplan
278	teilen	teil|teilen	teilen	teilen	teilen	teilen
279	ebereinstimmungssatzen	ebereinstimmungssatzen	ebereinstimmungssatzen	ebereinstimmungssatzen	ebereinstimmungssatzen	▁83
280	bestätigen	zuweisen	bestätigen	bestätigen	bestätigen	zuweisen
281	anforderung	einhaltungsvorgeben	anforderung	anforderung	anforderung	compliance
282	merkmalswerten	merkmalswerten	merkmalswerten	merkmalswerten	merkmalswerten	▁138
283	erstellen	erstellen	erstellen	erstellen	erstellen	erstellen
284	historie	geschichte	historie	geschichte	historie	▁56
285	speicherzeien	speicherzeien	speicherzeien	haltungszeit	speicherzeien	▁101
286	▔ertrat<sos>	element	▔ertrat<sos>	item	▔ertrat<sos>	element
287	▔ertrat<sos>	erstellen	▔ertrat<sos>	erstellen	▔ertrat<sos>	erstellen
288	zahlungsavise	zahlungsavise	zahlungsavise	zahlungsavise	zahlungsavise	▁81
289	folgend	folgend	folgend	folgend	folgend	▁50
290	dialogtex	dialogtex	dialogtex	dialogtex	dialogtex	▁39
291	vertrag	vertrag	vertrag	vertrag	vertrag	vertrag
292	bericht	berichtsperioden	bericht	bericht	bericht	▁97
293	punkt	punkt	punkt	punkt	punkt	▁33
294	seitenleisten	seitenleisten	seitenleisten	seitenleisten	seitenleisten	▁114
295	raum	raum	raum	raum	raum	space
296	anfragespann	anfragespann	anfragespann	anfragespann	anfragespann	▁52
297	store	store	store	store	store	▁123
298	auslieferung	bereitstellung	auslieferung	bereitstellung	auslieferung	▁38
299	erstellen	erstellen	erstellen	erstellen	erstellen	erstellen
300	testplan	klauselart	testplan	art	testplan	art
301	space	raum	space	raum	space	space
302	vereinigung	vereinigung	vereinigung	verbindung	vereinigung	▁13
303	raum	raum	raum	raum	raum	space
304	wählen	erstellen	wählen	erstellen	wählen	erstellen
305	vermögenswert	vermögenswert	vermögenswert	vermögenswert	vermögenswert	vermögenswert
306	abrechnungsbeleg	abrechnungsbeleg	abrechnungsbeleg	abrechnungsbeleg	abrechnungsbeleg	▁25
307	regelung	regelung	regelung	regelung	regelung	▁95
308	änderungsantragen	änderungsantragen	änderungsantragen	änderungsantragen	änderungsantragen	▁24
309	art	klauselart	art	art	art	art
310	erstell	erstellen	erstell	erstellen	erstell	erstellen
311	anforderung einhaltung	einhaltungsvorgeben	anforderung einhaltung	anforderung	anforderung einhaltung	compliance
312	kategorie	ergebnis	kategorie	ergebnis	kategorie	▁23
313	datenzugriffssteuern	datenzugriffssteuern	datenzugriffssteuern	datenzugriffssteuern	datenzugriffssteuern	▁6
314	benachrichtigung	sendedatum	benachrichtigung	benachrichtigung	benachrichtigung	benachrichtigung
315	▔ertrat<sos>	erstellen	▔ertrat<sos>	erstellen	▔ertrat<sos>	erstellen
316	raum	raum	raum	raum	raum	space
317	beleg	dokument	beleg	dokument	beleg	beleg
318	▔ertrat<sos>	▔ertrat<sos>	▔ertrat<sos>	anfrage	▔ertrat<sos>	▁98
319	gruppenregeln	gruppenregeln	gruppenregeln	gruppenregeln	gruppenregeln	▁55
320	durchfahren|durchführen	durchfahren|durchführen	durchfahren|durchführen	durchfahren|durchführen	durchfahren|durchführen	▁47
321	vermögenswert	vermögenswert	vermögenswert	vermögenswert	vermögenswert	vermögenswert
322	zuordnung	zuordnung	zuordnung	zuordnung	zuordnung	▁12
323	anforderung	anforderung	anforderung	anforderung	anforderung	anforderung
324	bemerkung	bemerkung	bemerkung	bemerkung	bemerkung	▁28
325	verfahren	verfahren	verfahren	lotgrößenberechnung	verfahren	verfahren
326	erstellen	erstellen	erstellen	erstellen	erstellen	erstellen
327	kostenstücken	kostenstücken	kostenstücken	kostenstücken	kostenstücken	▁32
328	problem	thema	problem	problem	problem	problem
329	abfrage	abfrage	abfrage	abfrage	abfrage	abfrage
330	workflow	workflow	workflow	workflow	workflow	workflow
331	erstellen	erstellen	erstellen	erstellen	erstellen	erstellen
332	sichtweise	sichtweise	sichtweise	bereich	sichtweise	▁108
333	raum	raum	raum	raum	raum	space
334	mandant	mandant	mandant	mandant	mandant	mandant
335	status	status	status	status	status	status
336	abschnitt	abschnitt	abschnitt	abschnitt	abschnitt	abschnitt
337	quelle	quelle	quelle	quelle	quelle	▁116
338	verpackungsebene	verpackungsebene	verpackungsebene	ebene	verpackungsebene	▁66
339	zieltabelle	erstellen	zieltabelle	erstellen	zieltabelle	erstellen
340	abbildung	abbildung	abbildung	abbildung	abbildung	zuordnung
341	speicherorten	speicherorten	speicherorten	position	speicherorten	▁69
342	klassifizierung	klassifizierung	klassifizierung	klassifizierung	klassifizierung	klassifizierung
343	dokumentenaren	dokumentenaren	dokumentenaren	dokumentenaren	dokumentenaren	▁43
344	begriff	begriff	begriff	begriff	begriff	▁130
345	erstellen	erstellen	erstellen	erstellen	erstellen	erstellen
346	terminplan	plan	terminplan	plan	terminplan	terminplan
347	veröffentlichung	release	veröffentlichung	veröffentlichung	veröffentlichung	freigabe
348	grenze	grenze	grenze	grenze	grenze	▁67
349	group	group	group	group	group	group
350	group	group	group	group	group	▁54
351	einkommen	einkommen	einkommen	einkommen	einkommen	▁59
352	zugriffsschutzen	datenzugriffssteuern	zugriffsschutzen	datenzugriffssteuern	zugriffsschutzen	▁6
353	raum	raum	raum	raum	raum	space
354	einschränkung	datenbeschränkung	einschränkung	einschränkung	einschränkung	einschränkung
355	artikel	element	artikel	item	artikel	element
356	tabelle	plan	tabelle	plan	tabelle	terminplan
357	auswählen	auswählen	auswählen	auswählen	auswählen	▁78
358	sequenz	sequenz	sequenz	sequenz	sequenz	▁112
359	joint venturen accounting	joint venturen accounting	joint venturen accounting	joint venturen accounting	joint venturen accounting	joint venturen accounting
360	kostenträger	kostenträger	kostenträger	kostenträger	kostenträger	▁0
361	datei	hochbelasten	datei	datei	datei	▁68
362	vorlage	vorlage	vorlage	vorlage	vorlage	vorlage
363	batchen	batchen	batchen	batch	batchen	▁17
364	cash	cash	cash	cash	cash	▁21
365	typ|type|typus	klauselart	typ|type|typus	art	typ|type|typus	art
366	projektmanager	projektmanager	projektmanager	projektmanager	projektmanager	▁90
367	fordern	fordern	fordern	anfordern	fordern	▁99
368	dokumentenkategoren	dokumentenkategoren	dokumentenkategoren	dokumentenkategoren	dokumentenkategoren	▁42
369	auswählen	auswählen	auswählen	auswählen	auswählen	auswählen
370	aktion	aktion	aktion	aktion	aktion	aktion
371	aktion	aktion	aktion	aktion	aktion	aktion
372	veraltet	veraltet	veraltet	veraltet	veraltet	▁73
373	freigabe	release	freigabe	veröffentlichung	freigabe	freigabe
374	audit	audit	audit	audit	audit	audit
375	transaktion	transaktion	transaktion	transaktion	transaktion	transaktion
376	anwenden	anwenden	anwenden	anwenden	anwenden	anwenden
377	raum	raum	raum	raum	raum	space
378	bereich	abschnitt	bereich	abschnitt	bereich	▁111
379	operation	operation	operation	operation	operation	▁75
380	vorlagenname	vorlage	vorlagenname	vorlage	vorlagenname	vorlage
381	hauptkontakt	hauptkontakt	hauptkontakt	hauptkontakt	hauptkontakt	▁86
382	nachricht	nachricht	nachricht	nachricht	nachricht	nachricht
383	übertragung	personal	übertragung	massentransfer	übertragung	übertragen
384	prüfung	prüfung	prüfung	prüfung	prüfung	prüfung
385	einhaltungspflicht	einhaltungsvorgeben	einhaltungspflicht	anforderung	einhaltungspflicht	compliance
386	simulation	simulation	simulation	simulation	simulation	▁105
387	transferbetrag	transferbetrag	transferbetrag	transferbetrag	transferbetrag	▁131
388	einheit der	einheit der	einheit der	einheit der	einheit der	▁134
389	projektmanager	projektmanager	projektmanager	projektmanager	projektmanager	▁90
390	anfordern	fordern	anfordern	anfordern	anfordern	▁99
391	besetzen	besetzen	besetzen	besetzen	besetzen	▁118
392	verbindlichkeit	verbindlichkeit	verbindlichkeit	verbindlichkeit	verbindlichkeit	▁30
393	öffnen	öffnen	öffnen	öffnen	öffnen	▁74
394	▔ertrat<sos>	erstellen	▔ertrat<sos>	erstellen	▔ertrat<sos>	erstellen
395	raum	raum	raum	raum	raum	space
396	geschäftsbenutzer	geschäftsbenutzer	geschäftsbenutzer	geschäftsbenutzer	geschäftsbenutzer	geschäftsbenutzer
397	position	speicherorten	position	position	position	▁69
398	zahlungsdetails	zahlungsdetails	zahlungsdetails	zahlungsdetails	zahlungsdetails	zahlungsdetails
399	verbrauch modell	verbrauchsschemata	verbrauch modell	verbrauchsmodell	verbrauch modell	verbrauchsmodell
400	dokumentrevision	dokument	dokumentrevision	dokument	dokumentrevision	beleg
401	erstellen	erstellen	erstellen	erstellen	erstellen	erstellen
402	massentransfer	personal	massentransfer	massentransfer	massentransfer	übertragen
403	scopen	sichtweise	scopen	bereich	scopen	▁108
404	datumstyp	klauselart	datumstyp	art	datumstyp	art
405	eigenschaft	eigenschaft	eigenschaft	eigenschaft	eigenschaft	▁91
406	plan	plan	plan	plan	plan	terminplan
407	abfrage	abfrage	abfrage	abfrage	abfrage	abfrage
408	verbindung	vereinigung	verbindung	verbindung	verbindung	▁13
409	batch	batchen	batch	batch	batch	▁17
410	geschichte	geschichte	geschichte	geschichte	geschichte	▁56
411	berichtsaufgaben	berichtsperioden	berichtsaufgaben	bericht	berichtsaufgaben	▁97
412	geschäftsname	geschäftsnamen	geschäftsname	geschäftsname	geschäftsname	▁20
413	erstellen	erstellen	erstellen	erstellen	erstellen	erstellen
414	service	dienstleistung	service	dienstleistung	service	service
415	audit	audit	audit	audit	audit	audit
416	szenarienen	szenarienen	szenarienen	szenarienen	szenarienen	▁107
417	item	element	item	item	item	element
418	anzeige	anzeige	anzeige	anzeige	anzeige	anzeige
419	dokumententyp	dokumentenaren	dokumententyp	dokumentenaren	dokumententyp	▁43
420	bericht	berichtsperioden	bericht	bericht	bericht	▁97
421	paket	paket	paket	lieferumstehen	paket	paket
422	zugriff	zugriff	zugriff	zugriff	zugriff	zugriff
423	herkunft	herkunft	herkunft	herkunft	herkunft	▁77
424	vorhersage	vorhersage	vorhersage	vorhersage	vorhersage	▁51
425	vermögen	vermögenswert	vermögen	vermögenswert	vermögen	vermögenswert
426	indikator	hauptindikator	indikator	hauptindikator	indikator	indikator
427	referenzmerkmale	referenzmerkmale	referenzmerkmale	referenzmerkmale	referenzmerkmale	▁94
428	dokument	dokument	dokument	dokument	dokument	beleg
429	arbeitssatzen	arbeitspaket	arbeitssatzen	arbeitspaket	arbeitssatzen	▁142
430	erstellen	erstellen	erstellen	erstellen	erstellen	erstellen
431	item	element	item	item	item	element
432	zeitraum	zeitraum	zeitraum	zeitraum	zeitraum	zeitraum
433	leiste	bereich	leiste	bereich	leiste	bereich
434	gebäude	gebäude	gebäude	bearbeitungsstelle	gebäude	▁48
435	attributtyp	attributtyp	attributtyp	attributtyp	attributtyp	▁15
436	berechtigung	berechtigung	berechtigung	berechtigung	berechtigung	▁45
437	schicht	schicht	schicht	schicht	schicht	schicht
438	item	element	item	item	item	element
439	anschlußstelle	connector	anschlußstelle	▔ertrat<sos>	anschlußstelle	▁31
440	lieferumstehen	paket	lieferumstehen	lieferumstehen	lieferumstehen	paket
441	erhöhen	nachricht	erhöhen	nachricht	erhöhen	nachricht
442	systemmeldung	nachricht	systemmeldung	nachricht	systemmeldung	nachricht
443	prozeß	prozeß	prozeß	prozeß	prozeß	▁87
444	auftragserfüllangen	auftrag	auftragserfüllangen	auftrag	auftragserfüllangen	auftrag
445	überwachung	überwachung	überwachung	überwachung	überwachung	überwachung
446	einschränkung	datenbeschränkung	einschränkung	einschränkung	einschränkung	einschränkung
447	erstellen	erstellen	erstellen	erstellen	erstellen	erstellen
448	art	klauselart	art	art	art	art
449	markieren	markieren	markieren	markieren	markieren	markieren
450	rohstoff	rohstoff	rohstoff	rohstoff	rohstoff	▁92
451	bewertung	bewertung	bewertung	bewertung	bewertung	bewertung
452	bewertung	bewertung	bewertung	bewertung	bewertung	▁29
453	verarbeitung	bearbeitung	verarbeitung	bearbeitung	verarbeitung	verarbeitung
454	interaktion	interaktion	interaktion	interaktion	interaktion	▁62
455	freigabe	release	freigabe	veröffentlichung	freigabe	freigabe
456	lieferantenrechnen	lieferantenrechnen	lieferantenrechnen	lieferantenrechnen	lieferantenrechnen	▁139
457	intercompanyen	intercompansen	intercompanyen	intern	intercompanyen	▁63
458	erstellen	erstellen	erstellen	erstellen	erstellen	erstellen
459	personenbezogen datum	versönlichen datum	personenbezogen datum	versönlichen datum	personenbezogen datum	personenbezogen datum
460	relation	relation	relation	relation	relation	relation
461	ansicht	tabelleansicht	ansicht	ansicht	ansicht	▁128
462	importieren	importieren	importieren	importieren	importieren	importieren
463	hinweis	hinweis	hinweis	hinweis	hinweis	hinweis
464	wählen	anwenden	wählen	anwenden	wählen	anwenden
465	agent	agent	agent	agent	agent	agent
466	aussetzungen	aussetzungen	aussetzungen	aussetzungen	aussetzungen	▁127
467	zuordnung	speicherweisingen	zuordnung	speicherweisingen	zuordnung	▁8
468	anschluß	anschluß	anschluß	anhang	anschluß	▁14
469	auftragskarte	auftrag	auftragskarte	auftrag	auftragskarte	auftrag
470	abonnement	abonnement	abonnement	abonnement	abonnement	▁124
471	vertrag	vertrag	vertrag	vertrag	vertrag	vertrag
472	klassifizierung	klassifizierung	klassifizierung	klassifizierung	klassifizierung	klassifizierung
473	kunde	debitor	kunde	kunde	kunde	debitor
474	merkmal	merkmal	merkmal	merkmal	merkmal	merkmal
475	beenden	beenden	beenden	beenden	beenden	beenden
476	niveau	verpackungsebene	niveau	ebene	niveau	▁66
477	raum	raum	raum	raum	raum	space
478	typ	klauselart	typ	art	typ	art
479	plan	plan	plan	plan	plan	terminplan
480	formatzuordnehen	abbildung	formatzuordnehen	abbildung	formatzuordnehen	zuordnung
481	betriebsführungen	betriebsführungen	betriebsführungen	betriebsführungen	betriebsführungen	▁76
482	bereich	bereich	bereich	bereich	bereich	bereich
483	haltungszeit	speicherzeien	haltungszeit	haltungszeit	haltungszeit	▁101
484	zuordnung	abbildung	zuordnung	abbildung	zuordnung	zuordnung
485	anforderung	anforderung	anforderung	anforderung	anforderung	anforderung
486	benachrichtigung	sendedatum	benachrichtigung	benachrichtigung	benachrichtigung	benachrichtigung
487	aktualisieren	aktualisieren	aktualisieren	aktualisieren	aktualisieren	aktualisieren
488	berechnungsschreiten	berechnungsschreiten	berechnungsschreiten	berechnungsschreiten	berechnungsschreiten	▁120
489	datenanbieter	datenanbieter	datenanbieter	datenlieferanen	datenanbieter	datenanbieter
490	plan	plan	plan	plan	plan	terminplan
491	seitenleisten	seitenleisten	seitenleisten	seitenleisten	seitenleisten	▁114
492	regelart	klauselart	regelart	art	regelart	art
493	intern	intercompansen	intern	intern	intern	▁63
494	bewertungsarten	bewertungsarten	bewertungsarten	bewertungsarten	bewertungsarten	▁46
495	auftrag	auftrag	auftrag	auftrag	auftrag	auftrag
496	fest	fest	fest	fest	fest	fest
497	abonnement	abonnement	abonnement	abonnement	abonnement	abonnement
498	wählen	auswählen	wählen	auswählen	wählen	auswählen
499	erstellen	erstellen	erstellen	erstellen	erstellen	erstellen
500	standardwerten	standardwerten	standardwerten	standardwerten	standardwerten	▁36
501	gegenstand	element	gegenstand	item	gegenstand	element
502	bericht	berichtsperioden	bericht	bericht	bericht	▁97
503	lotgrößenberechnung	verfahren	lotgrößenberechnung	lotgrößenberechnung	lotgrößenberechnung	verfahren
504	aufgabe	aufgabe	aufgabe	aufgabe	aufgabe	aufgabe
505	zuordnungsdatei	abbildung	zuordnungsdatei	abbildung	zuordnungsdatei	zuordnung
506	funktionsspektrem	sichtweise	funktionsspektrem	bereich	funktionsspektrem	▁108
507	belegung	zuordnung	belegung	zuordnung	belegung	▁12
508	prozeß	prozeß	prozeß	prozeß	prozeß	▁87
509	bereich	sichtweise	bereich	bereich	bereich	▁108
510	verbrauchsmodellen	verbrauchsschemata	verbrauchsmodellen	verbrauchsmodell	verbrauchsmodellen	verbrauchsmodell
511	anfrage	▔ertrat<sos>	anfrage	anfrage	anfrage	▁98
512	verwalten	verwalten	verwalten	ersatzung	verwalten	▁125
513	compliance	einhaltungsvorgeben	compliance	anforderung	compliance	compliance
514	finanzbericht	finanzbericht	finanzbericht	finanzbericht	finanzbericht	▁49
515	zusammenfassung	zusammenfassung	zusammenfassung	zusammenfassung	zusammenfassung	zusammenfassung
516	zertifizierungszeichenmeng	zertifizierungszeichenmeng	zertifizierungszeichenmeng	zertifizierungszeichenmeng	zertifizierungszeichenmeng	▁113
517	werkersetzungen	verwalten	werkersetzungen	ersatzung	werkersetzungen	▁125
518	bericht	berichtsperioden	bericht	bericht	bericht	▁97
519	erstellung	erstellen	erstellung	erstellen	erstellung	erstellen
520	ersatzung	verwalten	ersatzung	ersatzung	ersatzung	▁125
521	report	berichtsperioden	report	bericht	report	▁97
522	alert	alert	alert	alert	alert	▁7
523	anhang	anschluß	anhang	anhang	anhang	▁14
524	kunde	debitor	kunde	kunde	kunde	debitor
525	tasks	aufgabe	tasks	aufgabe	tasks	aufgabe
526	abfrage	abfrage	abfrage	abfrage	abfrage	abfrage
527	bestellauftragen	auftrag	bestellauftragen	auftrag	bestellauftragen	auftrag
528	team members	team members	team members	team members	team members	▁129
529	bearbeitungsstelle	gebäude	bearbeitungsstelle	bearbeitungsstelle	bearbeitungsstelle	▁48
530	änderungsprotokoll	änderungsprotokoll	änderungsprotokoll	änderungsprotokoll	änderungsprotokoll	▁70
531	nachrichtenänderungslüg	nachricht	nachrichtenänderungslüg	nachricht	nachrichtenänderungslüg	nachricht
532	ebene	verpackungsebene	ebene	ebene	ebene	▁66
533	nachricht	nachricht	nachricht	nachricht	nachricht	nachricht
534	abbildung	abbildung	abbildung	abbildung	abbildung	zuordnung
535	abschließen	abschließen	abschließen	abschließen	abschließen	abschließen
536	tabelle	▔ertrat<sos>	tabelle	tabelle	tabelle	tabelle
537	constraint	einschränkung	constraint	constraint	constraint	einschränkung
538	anforderung	anforderung	anforderung	anforderung	anforderung	anforderung
539	position	element	position	item	position	element
540	verwaltung	verwaltung	verwaltung	verwaltung	verwaltung	verwaltung
541	rbereinstimmungsprozentsatzen	ebereinstimmungssatzen	rbereinstimmungsprozentsatzen	ebereinstimmungssatzen	rbereinstimmungsprozentsatzen	▁83
542	collaboration	collaboration	collaboration	collaboration	collaboration	▁27
