	tgt	pseudoref_first	tgt	pseudoref_frequent	tgt	pseudoref_predefined
0	raum	raum	raum	raum	raum	platz
1	▔ertrat<sos>	▔ertrat<sos>	▔ertrat<sos>	speicherplatz	▔ertrat<sos>	▁71
2	teilen	teilen	teilen	teilen	teilen	teilen
3	einschränkung	einschränkung	einschränkung	einschränkung	einschränkung	einschränkung
4	erstellen	erstellen	erstellen	erstellen	erstellen	anlegen
5	zuständigkeitsbereich	zuständigkeitsbereich	zuständigkeitsbereich	zuständigkeitsbereich	zuständigkeitsbereich	zuständigkeitsbereich
6	trigger	trigger	trigger	trigger	trigger	▁77
7	konnektor	konnektor	konnektor	konnektor	konnektor	konnektor
8	kreditor	kreditor	kreditor	kunde	kreditor	▁15
9	kreditor	kreditor	kreditor	kreditor	kreditor	kreditor
10	bedarfsorientieren	bedarfsorientieren	bedarfsorientieren	bedarfsorientieren	bedarfsorientieren	bedarfsorientieren
11	erstellen	erstellen	erstellen	erstellen	erstellen	anlegen
12	seitenbereich	seitenbereich	seitenbereich	seitenbereich	seitenbereich	seitenbereich
13	hauptindikator	hauptindikator	hauptindikator	busyen	hauptindikator	▁31
14	abfrage	abfrage	abfrage	abfrage	abfrage	abfrage
15	provider	provider	provider	provider	provider	anbieter
16	space	raum	space	raum	space	platz
17	buchungskreisübergreifen	buchungskreisübergreifen	buchungskreisübergreifen	intercompanyen	buchungskreisübergreifen	▁35
18	release	release	release	historie	release	verlauf
19	release	release	release	release	release	release
20	datenprovider	datenprovider	datenprovider	datenprovider	datenprovider	datenanbieter
21	zugriffskontrolle	zugriffskontrolle	zugriffskontrolle	zugriffskontrolle	zugriffskontrolle	zugriffskontrolle
22	datenprovider	datenprovider	datenprovider	datenprovider	datenprovider	datenanbieter
23	abschnitt	abschnitt	abschnitt	abschnitt	abschnitt	abschnitt
24	provider	provider	provider	provider	provider	anbieter
25	provider	provider	provider	provider	provider	anbieter
26	release	release	release	release	release	release
27	zuweisen	zuweisen	zuweisen	zuwiesen	zuweisen	zuweisen
28	speicherplatz	▔ertrat<sos>	speicherplatz	speicherplatz	speicherplatz	▁71
29	platz	raum	platz	raum	platz	platz
30	zeitraum	zeitraum	zeitraum	periode	zeitraum	periode
31	datenanbieterprofilsen	datenprovider	datenanbieterprofilsen	datenprovider	datenanbieterprofilsen	datenanbieter
32	erstellen	erstellen	erstellen	erstellen	erstellen	anlegen
33	provider	datenprovider	provider	datenprovider	provider	datenanbieter
34	raum	raum	raum	raum	raum	platz
35	datenprovider	datenprovider	datenprovider	datenprovider	datenprovider	datenanbieter
36	verbrauchsmodell	verbrauchsmodell	verbrauchsmodell	verbrauchsmodell	verbrauchsmodell	verbrauchsmodell
37	referenzmenge	referenzmenge	referenzmenge	referenzmenge	referenzmenge	referenzmenge
38	periode	zeitraum	periode	periode	periode	periode
39	stamm	stamm	stamm	stamm	stamm	stamm
40	klaustyp	klaustyp	klaustyp	typ	klaustyp	art
41	abnahme	abnahme	abnahme	abnahme	abnahme	abnahme
42	space	raum	space	raum	space	platz
43	überarbeitung	überarbeitung	überarbeitung	revisionsnummern	überarbeitung	▁60
44	datenprovider	datenprovider	datenprovider	datenprovider	datenprovider	datenanbieter
45	startdatum	startdatum	startdatum	startdatum	startdatum	▁69
46	preisdatum	preisdatum	preisdatum	preisdatum	preisdatum	▁52
47	schicht	schicht	schicht	schicht	schicht	schicht
48	erstellen	erstellen	erstellen	erstellen	erstellen	anlegen
49	raum	raum	raum	raum	raum	platz
50	skalierungstyp	klaustyp	skalierungstyp	typ	skalierungstyp	art
51	zeitplan	zeitplan	zeitplan	terminplan	zeitplan	dokument
52	übersicht	übersicht	übersicht	zusammenfassung	übersicht	zusammenfassung
53	raum	raum	raum	raum	raum	platz
54	berichtsperioden	berichtsperioden	berichtsperioden	bericht	berichtsperioden	bericht
55	verbrauchsmodell	verbrauchsmodell	verbrauchsmodell	verbrauchsmodell	verbrauchsmodell	verbrauchsmodell
56	trigger	trigger	trigger	trigger	trigger	▁77
57	auftrag	auftrag	auftrag	auftrag	auftrag	auftrag
58	client	client	client	analyse	client	client
59	zeitraum	zeitraum	zeitraum	zeitraum	zeitraum	▁36
60	raum	raum	raum	raum	raum	platz
61	erstellen	erstellen	erstellen	erstellen	erstellen	anlegen
62	aufgabenprotokoll	aufgabenprotokoll	aufgabenprotokoll	aufgabenprotokoll	aufgabenprotokoll	aufgabenprotokoll
63	provider	provider	provider	provider	provider	anbieter
64	▔ertrat<sos>	konnektor	▔ertrat<sos>	konnektor	▔ertrat<sos>	konnektor
65	release	release	release	release	release	release
66	qualifikation	qualifikation	qualifikation	fähigkeit	qualifikation	qualifikation
67	anbieter	provider	anbieter	provider	anbieter	anbieter
68	datenprovider	datenprovider	datenprovider	datenprovider	datenprovider	datenanbieter
69	menü	menü	menü	menü	menü	menü
70	speicherzuordnungen	speicherzuordnungen	speicherzuordnungen	speicherzuordnungen	speicherzuordnungen	▁5
71	datenprovider	datenprovider	datenprovider	datenprovider	datenprovider	datenanbieter
72	release	release	release	release	release	release
73	nachricht	nachricht	nachricht	nachricht	nachricht	meldung
74	platz	raum	platz	raum	platz	platz
75	endbenutzers	endbenutzers	endbenutzers	endbenutzer	endbenutzers	endbenutzer
76	datenprovider	datenprovider	datenprovider	datenprovider	datenprovider	datenanbieter
77	datenprovider	datenprovider	datenprovider	datenprovider	datenprovider	datenanbieter
78	tabelle	erstellen	tabelle	erstellen	tabelle	anlegen
79	erstellen	erstellen	erstellen	erstellen	erstellen	anlegen
80	raum	raum	raum	raum	raum	platz
81	▔ertrat<sos>	▔ertrat<sos>	▔ertrat<sos>	▔ertrat<sos>	▔ertrat<sos>	▁7
82	provider	provider	provider	provider	provider	anbieter
83	meldung	meldung	meldung	meldung	meldung	meldung
84	betriebswirtschaftlich name	betriebswirtschaftlich name	betriebswirtschaftlich name	betriebswirtschaftlich name	betriebswirtschaftlich name	▁9
85	arbeitsplatz	arbeitsplatz	arbeitsplatz	arbeitsplatz	arbeitsplatz	arbeitsplatz
86	residenzzeien	residenzzeien	residenzzeien	residenzzeien	residenzzeien	residenzzeien
87	trigger	trigger	trigger	trigger	trigger	▁77
88	identifikatorwerten	identifikatorwerten	identifikatorwerten	identifikatorwerten	identifikatorwerten	▁29
89	identifikatorwerten	identifikatorwerten	identifikatorwerten	identifikatorwerten	identifikatorwerten	▁1
90	▔ertrat<sos>	startdatum	▔ertrat<sos>	startdatum	▔ertrat<sos>	▁69
91	schlüsselzuordnungen	schlüsselzuordnungen	schlüsselzuordnungen	schlüsselzuordnungen	schlüsselzuordnungen	schlüsselzuordnungen
92	datum	datum	datum	datum	datum	▁16
93	item	item	item	artikel	item	artikel
94	mindest	mindest	mindest	mindest	mindest	mindest
95	seitenbereich	seitenbereich	seitenbereich	seitenbereich	seitenbereich	seitenbereich
96	raum|räumen	raum	raum|räumen	raum	raum|räumen	platz
97	space	raum	space	raum	space	platz
98	erlauben	erlauben	erlauben	erlauben	erlauben	erlauben
99	mindest	mindest	mindest	mindest	mindest	mindest
100	aktion	aktion	aktion	aktion	aktion	aktion
101	aktion	aktion	aktion	aktion	aktion	aktion
102	bedingung	bedingung	bedingung	bedingung	bedingung	bedingung
103	compliance	compliance	compliance	compliance	compliance	compliance
104	datenprovider	datenprovider	datenprovider	datenprovider	datenprovider	datenanbieter
105	freigabe	release	freigabe	release	freigabe	release
106	erstellung	erstellen	erstellung	erstellen	erstellung	anlegen
107	privileg	klaustyp	privileg	typ	privileg	art
108	▔ertrat<sos>	konnektor	▔ertrat<sos>	konnektor	▔ertrat<sos>	konnektor
109	space	raum	space	raum	space	platz
110	zeitplan	zeitplan	zeitplan	terminplan	zeitplan	dokument
111	änderung	änderung	änderung	änderung	änderung	änderung
112	ergebniskategorie	ergebniskategorie	ergebniskategorie	ergebniskategorie	ergebniskategorie	warengruppe
113	dienst	dienst	dienst	dienst	dienst	dienst
114	datenprovider	datenprovider	datenprovider	datenprovider	datenprovider	datenanbieter
115	zuwiesen	zuweisen	zuwiesen	zuwiesen	zuwiesen	zuweisen
116	platz	raum	platz	raum	platz	platz
117	busineß	busineß	busineß	busineß	busineß	▁33
118	anlegen	erstellen	anlegen	erstellen	anlegen	anlegen
119	space	raum	space	raum	space	platz
120	speicherressourcen	▔ertrat<sos>	speicherressourcen	speicherplatz	speicherressourcen	▁71
121	weitergeben	teilen	weitergeben	teilen	weitergeben	teilen
122	release	release	release	release	release	release
123	zugriffskontrolle	zugriffskontrolle	zugriffskontrolle	zugriffskontrolle	zugriffskontrolle	zugriffskontrolle
124	datenbeschränkung	datenbeschränkung	datenbeschränkung	einschränkung	datenbeschränkung	beschränkung
125	datensatz	datensatz	datensatz	datensatz	datensatz	▁66
126	schnittstelle	schnittstelle	schnittstelle	schnittstelle	schnittstelle	schnittstelle
127	nachricht	nachricht	nachricht	nachricht	nachricht	meldung
128	implementierung	implementierung	implementierung	implementierung	implementierung	implementierung
129	datenprovider	datenprovider	datenprovider	datenprovider	datenprovider	datenanbieter
130	referenzdaten	referenzdaten	referenzdaten	referenzdaten	referenzdaten	verweis
131	neuanordnehen	implementierung	neuanordnehen	implementierung	neuanordnehen	implementierung
132	release	release	release	release	release	release
133	datenprovider	datenprovider	datenprovider	datenprovider	datenprovider	datenanbieter
134	implementierung	implementierung	implementierung	implementierung	implementierung	implementierung
135	aktualisierung	aktualisierung	aktualisierung	aktualisierung	aktualisierung	aktualisierung
136	fähigkeit	qualifikation	fähigkeit	fähigkeit	fähigkeit	qualifikation
137	feedback	feedback	feedback	feedback	feedback	feedback
138	datenprovider	datenprovider	datenprovider	datenprovider	datenprovider	datenanbieter
139	einfugen	einfugen	einfugen	einfugen	einfugen	▁32
140	tabelle	tabelle	tabelle	spalte	tabelle	tabelle
141	einsicht	busineß	einsicht	busineß	einsicht	▁33
142	implementierung	implementierung	implementierung	implementierung	implementierung	implementierung
143	raum	raum	raum	raum	raum	platz
144	▔ertrat<sos>	▔ertrat<sos>	▔ertrat<sos>	personenbezogen datum	▔ertrat<sos>	personenbezogen datum
145	arbeitsplatz	arbeitsplatz	arbeitsplatz	arbeitsplatz	arbeitsplatz	arbeitsplatz
146	anlegen	erstellen	anlegen	erstellen	anlegen	anlegen
147	release	release	release	release	release	release
148	raum	raum	raum	raum	raum	platz
149	schäftlichen	schäftlichen	schäftlichen	schäftlichen	schäftlichen	▁8
150	verbrauchsmodell	verbrauchsmodell	verbrauchsmodell	verbrauchsmodell	verbrauchsmodell	verbrauchsmodell
151	problem	problem	problem	problem	problem	problem
152	verbrauchsmodell	verbrauchsmodell	verbrauchsmodell	verbrauchsmodell	verbrauchsmodell	verbrauchsmodell
153	startdatum	startdatum	startdatum	startdatum	startdatum	▁69
154	trigger	trigger	trigger	trigger	trigger	▁42
155	implementierung	implementierung	implementierung	implementierung	implementierung	implementierung
156	job	job	job	job	job	job
157	raum	raum	raum	raum	raum	platz
158	raumdaten	raum	raumdaten	raum	raumdaten	platz
159	kapazitätsangebot	kapazitätsangebot	kapazitätsangebot	kapazitätsangebot	kapazitätsangebot	kapazitätsangebot
160	kontrakt	kontrakt	kontrakt	kontrakt	kontrakt	kontrakt
161	erneuerung	erneuerung	erneuerung	erneuerung	erneuerung	erneuerung
162	datenprovider	datenprovider	datenprovider	datenprovider	datenprovider	datenanbieter
163	space	raum	space	raum	space	platz
164	platz	raum	platz	raum	platz	platz
165	erstellen	erstellen	erstellen	erstellen	erstellen	anlegen
166	beschränkung	datenbeschränkung	beschränkung	einschränkung	beschränkung	beschränkung
167	übertragen	übertragen	übertragen	übertragen	übertragen	übertragen
168	erneuerung	erneuerung	erneuerung	erneuerung	erneuerung	erneuerung
169	verbrauchsmodell	verbrauchsmodell	verbrauchsmodell	verbrauchsmodell	verbrauchsmodell	verbrauchsmodell
170	raum	raum	raum	raum	raum	platz
171	dienst	dienst	dienst	dienst	dienst	dienst
172	dienst	dienst	dienst	dienst	dienst	dienst
173	verweis	referenzdaten	verweis	referenzdaten	verweis	verweis
174	element	item	element	artikel	element	artikel
175	raum	raum	raum	raum	raum	platz
176	endbenutzer	endbenutzers	endbenutzer	endbenutzer	endbenutzer	endbenutzer
177	inhaltsersteller	inhaltsersteller	inhaltsersteller	inhaltsersteller	inhaltsersteller	▁14
178	grafischen ansicht	grafischen ansicht	grafischen ansicht	grafischen ansicht	grafischen ansicht	▁26
179	problem	problem	problem	problem	problem	problem
180	fenster	fenster	fenster	bereich	fenster	bereich
181	periode	periode	periode	periode	periode	periode
182	befehl	befehl	befehl	befehl	befehl	▁64
183	aktualisierung	aktualisierung	aktualisierung	aktualisierung	aktualisierung	aktualisierung
184	nachricht	nachricht	nachricht	nachricht	nachricht	meldung
185	space	raum	space	raum	space	platz
186	trigger	trigger	trigger	trigger	trigger	▁77
187	seitenbereich	seitenbereich	seitenbereich	seitenbereich	seitenbereich	seitenbereich
188	erstellen	erstellen	erstellen	erstellen	erstellen	anlegen
189	art	klaustyp	art	typ	art	art
190	nachricht	nachricht	nachricht	nachricht	nachricht	meldung
191	auftrag	auftrag	auftrag	auftrag	auftrag	auftrag
192	meldung	meldung	meldung	meldung	meldung	meldung
193	sitzung	sitzung	sitzung	sitzung	sitzung	sitzung
194	dokument	zeitplan	dokument	terminplan	dokument	dokument
195	dokument	dokument	dokument	beleg	dokument	beleg
196	teilnehmerplan	zeitplan	teilnehmerplan	terminplan	teilnehmerplan	dokument
197	diagramm	diagramm	diagramm	diagramm	diagramm	diagramm
198	freigabe	release	freigabe	release	freigabe	release
199	datenauswahltyp	klaustyp	datenauswahltyp	typ	datenauswahltyp	art
200	dokument	dokument	dokument	beleg	dokument	beleg
201	revisionsnummern	überarbeitung	revisionsnummern	revisionsnummern	revisionsnummern	▁60
202	▔ertrat<sos>	datenprovider	▔ertrat<sos>	datenprovider	▔ertrat<sos>	datenanbieter
203	benachrichtigung	benachrichtigung	benachrichtigung	benachrichtigung	benachrichtigung	benachrichtigung
204	übertragen	übertragen	übertragen	übertragen	übertragen	übertragen
205	erstellen	erstellen	erstellen	erstellen	erstellen	anlegen
206	startseite	startseite	startseite	startseite	startseite	▁47
207	restriktion	datenbeschränkung	restriktion	einschränkung	restriktion	beschränkung
208	genehmigungsverfahren	genehmigungsverfahren	genehmigungsverfahren	genehmigungsverfahren	genehmigungsverfahren	▁2
209	compliance	compliance	compliance	compliance	compliance	compliance
210	tabellenansicht	tabellenansicht	tabellenansicht	tabelle	tabellenansicht	tabellenansicht
211	routinginformationsermittlung	routinginformationsermittlung	routinginformationsermittlung	routinginformationsermittlung	routinginformationsermittlung	weiterleitung
212	speichertyp	speichertyp	speichertyp	speichertyp	speichertyp	speichertyp
213	analyse	client	analyse	analyse	analyse	client
214	prüfung	prüfung	prüfung	prüfung	prüfung	prüfung
215	verbrauchsmodell	verbrauchsmodell	verbrauchsmodell	verbrauchsmodell	verbrauchsmodell	verbrauchsmodell
216	terminplan	zeitplan	terminplan	terminplan	terminplan	dokument
217	▔ertrat<sos>	abfrage	▔ertrat<sos>	abfrage	▔ertrat<sos>	abfrage
218	raum	raum	raum	raum	raum	platz
219	einsatz	einsatz	einsatz	aufgabe	einsatz	einsatz
220	warteschlange	warteschlange	warteschlange	warteschlange	warteschlange	warteschlange
221	projekt44	projekt44	projekt44	projekt44	projekt44	▁54
222	arbeitspaket	arbeitspaket	arbeitspaket	arbeitspaket	arbeitspaket	▁82
223	arbeitstypen	klaustyp	arbeitstypen	typ	arbeitstypen	art
224	artikel	item	artikel	artikel	artikel	artikel
225	aktion	aktion	aktion	aktion	aktion	aktion
226	aktion	aktion	aktion	aktion	aktion	aktion
227	liste	zeitplan	liste	terminplan	liste	dokument
228	erstellen	erstellen	erstellen	erstellen	erstellen	anlegen
229	intercompanyen	buchungskreisübergreifen	intercompanyen	intercompanyen	intercompanyen	▁35
230	nutzung	nutzung	nutzung	nutzung	nutzung	nutzung
231	produktionsauftragen	produktionsauftragen	produktionsauftragen	produktionsauftragen	produktionsauftragen	produktionsauftragen
232	produktionsauftragen	produktionsauftragen	produktionsauftragen	produktionsauftragen	produktionsauftragen	produktionsauftragen
233	dokumentstatusen	dokumentstatusen	dokumentstatusen	dokumentstatusen	dokumentstatusen	dokumentstatusen
234	belegung	belegung	belegung	belegung	belegung	▁6
235	raum	raum	raum	raum	raum	platz
236	versandtypen	klaustyp	versandtypen	typ	versandtypen	art
237	bestand	bestand	bestand	bestand	bestand	bestand
238	hochbelastungsperioden	hochbelastungsperioden	hochbelastungsperioden	hochbelastungsperioden	hochbelastungsperioden	▁38
239	fehlerbehebunmöglichkeiten	fehlerbehebunmöglichkeiten	fehlerbehebunmöglichkeiten	fehlerbehebunmöglichkeiten	fehlerbehebunmöglichkeiten	▁78
240	zugriffskontrolle	zugriffskontrolle	zugriffskontrolle	zugriffskontrolle	zugriffskontrolle	zugriffskontrolle
241	resen	resen	resen	resen	resen	resen
242	pause	pause	pause	pause	pause	▁48
243	aktualisierung	aktualisierung	aktualisierung	aktualisierung	aktualisierung	regenerieren
244	akzeptieren	akzeptieren	akzeptieren	akzeptieren	akzeptieren	▁3
245	ablaufdatum	item	ablaufdatum	artikel	ablaufdatum	artikel
246	erklärung	erklärung	erklärung	erklärung	erklärung	▁21
247	anbieter	provider	anbieter	provider	anbieter	anbieter
248	tätigkeit	tätigkeit	tätigkeit	aufgabe	tätigkeit	aufgabe
249	bearbeitung	bearbeitung	bearbeitung	bearbeitung	bearbeitung	verarbeitung
250	sammlung	sammlung	sammlung	sammlung	sammlung	sammlung
251	symbol	symbol	symbol	symbol	symbol	symbol
252	standardmäßig	standardmäßig	standardmäßig	standardmäßig	standardmäßig	▁17
253	verkauf	verkauf	verkauf	verkauf	verkauf	verkauf
254	verkauf	verkauf	verkauf	verkauf	verkauf	verkauf
255	zuordnung	einsatz	zuordnung	aufgabe	zuordnung	einsatz
256	beleg	dokument	beleg	beleg	beleg	beleg
257	zahlungsmetheden	zahlungsmetheden	zahlungsmetheden	zahlungsmetheden	zahlungsmetheden	▁50
258	qplitkriteren	qplitkriteren	qplitkriteren	qplitkriteren	qplitkriteren	qplitkriteren
259	materialgruppe	materialgruppe	materialgruppe	materialgruppe	materialgruppe	materialgruppe
260	versönlichen datum	▔ertrat<sos>	versönlichen datum	personenbezogen datum	versönlichen datum	personenbezogen datum
261	bericht	berichtsperioden	bericht	bericht	bericht	bericht
262	prüfen	prüfung	prüfen	prüfung	prüfen	prüfung
263	compliance requirementsen	compliance	compliance requirementsen	compliance	compliance requirementsen	compliance
264	punkt	punkt	punkt	punkt	punkt	▁63
265	reihenfolge	reihenfolge	reihenfolge	reihenfolge	reihenfolge	reihenfolge
266	erstellen	erstellen	erstellen	erstellen	erstellen	anlegen
267	abbrechen	abbrechen	abbrechen	abbrechen	abbrechen	▁10
268	unterschied	unterschied	unterschied	unterschied	unterschied	▁20
269	weiterleitung	routinginformationsermittlung	weiterleitung	routinginformationsermittlung	weiterleitung	weiterleitung
270	benachrichtigung	benachrichtigung	benachrichtigung	benachrichtigung	benachrichtigung	benachrichtigung
271	verifizieren	verifizieren	verifizieren	verifizieren	verifizieren	▁81
272	folgend	folgend	folgend	folgend	folgend	▁24
273	aktion	aktion	aktion	aktion	aktion	aktion
274	aktion	aktion	aktion	aktion	aktion	aktion
275	feld	feld	feld	feld	feld	▁79
276	terminplan	terminplan	terminplan	terminplan	terminplan	▁40
277	terminplan	zeitplan	terminplan	terminplan	terminplan	dokument
278	teilen	teilen	teilen	teilen	teilen	teilen
279	verfügbarkeit	verfügbarkeit	verfügbarkeit	prozentualen	verfügbarkeit	▁51
280	zuwiesen	zuweisen	zuwiesen	zuwiesen	zuwiesen	zuweisen
281	compliance	compliance	compliance	compliance	compliance	compliance
282	standardmerkmalen	standardmerkmalen	standardmerkmalen	standardmerkmalen	standardmerkmalen	▁80
283	erstellen	erstellen	erstellen	erstellen	erstellen	anlegen
284	historie	release	historie	historie	historie	verlauf
285	aufbewahrungsfrist	aufbewahrungsfrist	aufbewahrungsfrist	aufbewahrungsfrist	aufbewahrungsfrist	▁59
286	abschluß	item	abschluß	artikel	abschluß	artikel
287	▔ertrat<sos>	erstellen	▔ertrat<sos>	erstellen	▔ertrat<sos>	anlegen
288	zahlungsanweisung	zahlungsanweisung	zahlungsanweisung	zahlungsanweisung	zahlungsanweisung	▁49
289	folgend	folgend	folgend	folgend	folgend	▁24
290	dialogtex	dialogtex	dialogtex	dialogtex	dialogtex	▁19
291	vertrag	kontrakt	vertrag	kontrakt	vertrag	kontrakt
292	bericht	berichtsperioden	bericht	bericht	bericht	bericht
293	datenpunkt	datenpunkt	datenpunkt	datenpunkt	datenpunkt	datenpunkt
294	seitenbereich	seitenbereich	seitenbereich	seitenbereich	seitenbereich	seitenbereich
295	raum	raum	raum	raum	raum	platz
296	anfragespann	anfragespann	anfragespann	anfragespann	anfragespann	▁25
297	laden	laden	laden	laden	laden	▁72
298	einrichtung	implementierung	einrichtung	implementierung	einrichtung	implementierung
299	erstellen	erstellen	erstellen	erstellen	erstellen	anlegen
300	typ	klaustyp	typ	typ	typ	art
301	raum|räumen	raum	raum|räumen	raum	raum|räumen	platz
302	assoziation	assoziation	assoziation	assoziation	assoziation	assoziation
303	space	raum	space	raum	space	platz
304	erstellen	erstellen	erstellen	erstellen	erstellen	anlegen
305	vermögenswert	vermögenswert	vermögenswert	anlage	vermögenswert	anlage
306	ausgleichsbelegen	ausgleichsbelegen	ausgleichsbelegen	ausgleichsbelegen	ausgleichsbelegen	▁12
307	regelung	regelung	regelung	regelung	regelung	▁57
308	änderungsanlagen	änderungsanlagen	änderungsanlagen	änderungsanlagen	änderungsanlagen	▁11
309	änderungsanlagen	klaustyp	änderungsanlagen	typ	änderungsanlagen	art
310	erstell	erstellen	erstell	erstellen	erstell	anlegen
311	anforderung konformität	compliance	anforderung konformität	compliance	anforderung konformität	compliance
312	warengruppe	ergebniskategorie	warengruppe	ergebniskategorie	warengruppe	warengruppe
313	zugriffskontrolle	zugriffskontrolle	zugriffskontrolle	zugriffskontrolle	zugriffskontrolle	zugriffskontrolle
314	benachrichtigung	benachrichtigung	benachrichtigung	benachrichtigung	benachrichtigung	benachrichtigung
315	▔ertrat<sos>	erstellen	▔ertrat<sos>	erstellen	▔ertrat<sos>	anlegen
316	raum	raum	raum	raum	raum	platz
317	dokument	dokument	dokument	beleg	dokument	beleg
318	antrag	antrag	antrag	anfrage	antrag	antrag
319	grupperungsregeln	grupperungsregeln	grupperungsregeln	grupperungsregeln	grupperungsregeln	▁28
320	ausführen	ausführen	ausführen	ausführen	ausführen	ausführen
321	▔ertrat<sos>	vermögenswert	▔ertrat<sos>	anlage	▔ertrat<sos>	anlage
322	einsatzänderung	einsatz	einsatzänderung	aufgabe	einsatzänderung	einsatz
323	anforderung	anforderung	anforderung	anforderung	anforderung	anforderung
324	comment	comment	comment	comment	comment	comment
325	prozedur	prozedur	prozedur	prozedur	prozedur	verfahren
326	erstellen	erstellen	erstellen	erstellen	erstellen	anlegen
327	kostenkomponenten	kostenkomponenten	kostenkomponenten	kostenkomponenten	kostenkomponenten	kostenkomponenten
328	yssuen	problem	yssuen	problem	yssuen	problem
329	abfrage	abfrage	abfrage	abfrage	abfrage	abfrage
330	workflow	workflow	workflow	workflow	workflow	workflow
331	erstellen	erstellen	erstellen	erstellen	erstellen	anlegen
332	umfang	umfang	umfang	funktion	umfang	umfang
333	space	raum	space	raum	space	platz
334	mandant	mandant	mandant	mandant	mandant	mandant
335	status	status	status	status	status	status
336	stages	stages	stages	stages	stages	▁68
337	datenquellen	datenquellen	datenquellen	datenquellen	datenquellen	▁67
338	verpackunstufen	verpackunstufen	verpackunstufen	stufe	verpackunstufen	stufe
339	▔ertrat<sos>	erstellen	▔ertrat<sos>	erstellen	▔ertrat<sos>	anlegen
340	zuordnung	zuordnung	zuordnung	zuordnung	zuordnung	zuordnung
341	ort	ort	ort	ort	ort	ort
342	klassifizierung	klassifizierung	klassifizierung	klassifizierung	klassifizierung	klassifizierung
343	dokumentart	dokumentart	dokumentart	dokumentart	dokumentart	dokumentart
344	term	term	term	term	term	term
345	▔ertrat<sos>	erstellen	▔ertrat<sos>	erstellen	▔ertrat<sos>	anlegen
346	terminplan	zeitplan	terminplan	terminplan	terminplan	dokument
347	release	release	release	release	release	release
348	grenzwert	grenzwert	grenzwert	grenzwert	grenzwert	grenzwert
349	service	service	service	service	service	▁0
350	gruppe	gruppe	gruppe	gruppe	gruppe	▁27
351	einkommen	einkommen	einkommen	einkommen	einkommen	▁30
352	zugriffskontrolle	zugriffskontrolle	zugriffskontrolle	zugriffskontrolle	zugriffskontrolle	zugriffskontrolle
353	space	raum	space	raum	space	platz
354	einschränkung	datenbeschränkung	einschränkung	einschränkung	einschränkung	beschränkung
355	element	item	element	artikel	element	artikel
356	zeitplan	zeitplan	zeitplan	terminplan	zeitplan	dokument
357	eigentum	eigentum	eigentum	eigentum	eigentum	▁46
358	sequenz	reihenfolge	sequenz	reihenfolge	sequenz	reihenfolge
359	joint venturen	joint venturen	joint venturen	joint venturen	joint venturen	▁37
360	accounting	accounting	accounting	accounting	accounting	accounting
361	laden	hochbelastungsperioden	laden	hochbelastungsperioden	laden	▁38
362	vorlage	vorlage	vorlage	dokumentenvorliegen	vorlage	vorlage
363	batch	batch	batch	batch	batch	batch
364	call	call	call	call	call	call
365	typ|type|typus	klaustyp	typ|type|typus	typ	typ|type|typus	art
366	projektleiter	projektleiter	projektleiter	projektleiter	projektleiter	projektleiter
367	anfragen	anfragen	anfragen	anfragen	anfragen	anfragen
368	belegklassen	belegklassen	belegklassen	belegklassen	belegklassen	belegklassen
369	auswählen	auswählen	auswählen	auswählen	auswählen	auswählen
370	aktion	aktion	aktion	aktion	aktion	aktion
371	aktion	aktion	aktion	aktion	aktion	aktion
372	obsolet	obsolet	obsolet	obsolet	obsolet	obsolet
373	freisetzungsverfahren	release	freisetzungsverfahren	release	freisetzungsverfahren	release
374	audit	audit	audit	audit	audit	audit
375	transaktion	transaktion	transaktion	transaktion	transaktion	transaktion
376	anwenden	anwenden	anwenden	anwenden	anwenden	anwenden
377	raum	raum	raum	raum	raum	platz
378	abschnitt	abschnitt	abschnitt	abschnitt	abschnitt	abschnitt
379	vorgang	vorgang	vorgang	vorgang	vorgang	vorgang
380	dokumentenvorliegen	vorlage	dokumentenvorliegen	dokumentenvorliegen	dokumentenvorliegen	vorlage
381	hauptkontakt	hauptkontakt	hauptkontakt	hauptkontakt	hauptkontakt	▁53
382	nachricht	nachricht	nachricht	nachricht	nachricht	meldung
383	übertragung	übertragen	übertragung	übertragen	übertragung	übertragen
384	prüfung	prüfung	prüfung	prüfung	prüfung	prüfung
385	compliance	compliance	compliance	compliance	compliance	compliance
386	laufen	laufen	laufen	laufen	laufen	▁61
387	mindestüberweisungsbetragen	mindestüberweisungsbetragen	mindestüberweisungsbetragen	mindestüberweisungsbetragen	mindestüberweisungsbetragen	▁76
388	mengeneinheien	mengeneinheien	mengeneinheien	mengeneinheien	mengeneinheien	mengeneinheien
389	projektleiter	projektleiter	projektleiter	projektleiter	projektleiter	projektleiter
390	anfragen	anfragen	anfragen	anfragen	anfragen	anfragen
391	person zuordnen	person zuordnen	person zuordnen	person zuordnen	person zuordnen	person zuordnen
392	verbindlichkeit	verbindlichkeit	verbindlichkeit	verbindlichkeit	verbindlichkeit	▁13
393	offene	offene	offene	offene	offene	▁43
394	erstellen	erstellen	erstellen	erstellen	erstellen	anlegen
395	space	raum	space	raum	space	platz
396	geschäftsbenutzer	geschäftsbenutzer	geschäftsbenutzer	geschäftsbenutzer	geschäftsbenutzer	geschäftsbenutzer
397	standort	ort	standort	ort	standort	ort
398	zahlungsdetails	zahlungsdetails	zahlungsdetails	zahlungsdetails	zahlungsdetails	zahlungsdetails
399	verbrauchsmodell	verbrauchsmodell	verbrauchsmodell	verbrauchsmodell	verbrauchsmodell	verbrauchsmodell
400	beleg	dokument	beleg	beleg	beleg	beleg
401	erstellen	erstellen	erstellen	erstellen	erstellen	anlegen
402	massentransfer	übertragen	massentransfer	übertragen	massentransfer	übertragen
403	scopen	umfang	scopen	funktion	scopen	umfang
404	datentyp	klaustyp	datentyp	typ	datentyp	art
405	eigenschaft	eigenschaft	eigenschaft	eigenschaft	eigenschaft	▁55
406	terminplan	zeitplan	terminplan	terminplan	terminplan	dokument
407	abfrage	abfrage	abfrage	abfrage	abfrage	abfrage
408	verbindung	assoziation	verbindung	assoziation	verbindung	assoziation
409	batch	batch	batch	batch	batch	batch
410	verlauf	release	verlauf	historie	verlauf	verlauf
411	berichtsaufgaben	berichtsperioden	berichtsaufgaben	bericht	berichtsaufgaben	bericht
412	betriebswirtschaftlich name	betriebswirtschaftlich name	betriebswirtschaftlich name	betriebswirtschaftlich name	betriebswirtschaftlich name	▁9
413	erstellen	erstellen	erstellen	erstellen	erstellen	anlegen
414	dienstschlüsseln	dienst	dienstschlüsseln	dienst	dienstschlüsseln	dienst
415	audit	audit	audit	audit	audit	audit
416	szenarienen	szenarienen	szenarienen	szenarienen	szenarienen	▁62
417	element	item	element	artikel	element	artikel
418	anzeige	anzeige	anzeige	anzeige	anzeige	anzeige
419	dokumentenaren	dokumentart	dokumentenaren	dokumentart	dokumentenaren	dokumentart
420	report	berichtsperioden	report	bericht	report	bericht
421	paket	paket	paket	packstückinhalt	paket	paket
422	zugriff	zugriff	zugriff	zugriff	zugriff	zugriff
423	herkunft	herkunft	herkunft	herkunft	herkunft	▁45
424	forecaen	forecaen	forecaen	forecaen	forecaen	forecaen
425	anlage	vermögenswert	anlage	anlage	anlage	anlage
426	busyen	hauptindikator	busyen	busyen	busyen	▁31
427	merkmal	merkmal	merkmal	merkmal	merkmal	▁56
428	beleg	dokument	beleg	beleg	beleg	beleg
429	arbeitssatzen	arbeitspaket	arbeitssatzen	arbeitspaket	arbeitssatzen	▁82
430	erstellen	erstellen	erstellen	erstellen	erstellen	anlegen
431	artikel	item	artikel	artikel	artikel	artikel
432	zeitraum	zeitraum	zeitraum	zeitraum	zeitraum	zeitraum
433	bereich	fenster	bereich	bereich	bereich	bereich
434	objekt	objekt	objekt	objekt	objekt	objekt
435	attributstyp	attributstyp	attributstyp	attributstyp	attributstyp	attributstyp
436	anrecht	anrecht	anrecht	anrecht	anrecht	anrecht
437	schicht	schicht	schicht	schicht	schicht	schicht
438	artikelwert	item	artikelwert	artikel	artikelwert	artikel
439	konnektor	konnektor	konnektor	konnektor	konnektor	konnektor
440	packstückinhalt	paket	packstückinhalt	packstückinhalt	packstückinhalt	paket
441	x	nachricht	x	nachricht	x	meldung
442	meldung	nachricht	meldung	nachricht	meldung	meldung
443	zusätzlich	zusätzlich	zusätzlich	verfahren	zusätzlich	verfahren
444	auftragsabwicklungen	auftrag	auftragsabwicklungen	auftrag	auftragsabwicklungen	auftrag
445	kberwachungsliste	kberwachungsliste	kberwachungsliste	kberwachungsliste	kberwachungsliste	▁41
446	einschränkung	datenbeschränkung	einschränkung	einschränkung	einschränkung	beschränkung
447	erstellen	erstellen	erstellen	erstellen	erstellen	anlegen
448	hierarchietypen	klaustyp	hierarchietypen	typ	hierarchietypen	art
449	markieren	markieren	markieren	markieren	markieren	markieren
450	rohmaterial	rohmaterial	rohmaterial	rohmaterial	rohmaterial	rohmaterial
451	bewertung	bewertung	bewertung	bewertung	bewertung	bewertung
452	compliance	compliance	compliance	compliance	compliance	compliance
453	verarbeitung	bearbeitung	verarbeitung	bearbeitung	verarbeitung	verarbeitung
454	interaktion	interaktion	interaktion	interaktion	interaktion	▁34
455	production	release	production	release	production	release
456	kreditorenrechnehen	kreditorenrechnehen	kreditorenrechnehen	kreditorenrechnehen	kreditorenrechnehen	kreditorenrechnehen
457	intercompanyen	buchungskreisübergreifen	intercompanyen	intercompanyen	intercompanyen	▁35
458	erstellen	erstellen	erstellen	erstellen	erstellen	anlegen
459	personenbezogen datum	▔ertrat<sos>	personenbezogen datum	personenbezogen datum	personenbezogen datum	personenbezogen datum
460	beziehung	beziehung	beziehung	beziehung	beziehung	▁58
461	tabelle	tabellenansicht	tabelle	tabelle	tabelle	tabellenansicht
462	importieren	importieren	importieren	importieren	importieren	importieren
463	hinweis	hinweis	hinweis	hinweis	hinweis	hinweis
464	anwenden	anwenden	anwenden	anwenden	anwenden	anwenden
465	agent	agent	agent	agent	agent	agent
466	aufhebung	aufhebung	aufhebung	aufhebung	aufhebung	▁74
467	verrechnungsschreiten	speicherzuordnungen	verrechnungsschreiten	speicherzuordnungen	verrechnungsschreiten	▁5
468	anhang	anhang	anhang	anhang	anhang	anhang
469	kartennummer	auftrag	kartennummer	auftrag	kartennummer	auftrag
470	abonnementpositionen	abonnementpositionen	abonnementpositionen	abonnementpositionen	abonnementpositionen	▁73
471	kontrakt	kontrakt	kontrakt	kontrakt	kontrakt	kontrakt
472	klassifizierung	klassifizierung	klassifizierung	klassifizierung	klassifizierung	klassifizierung
473	kunde	kreditor	kunde	kunde	kunde	▁15
474	merkmal	merkmal	merkmal	merkmal	merkmal	merkmal
475	beenden	beenden	beenden	beenden	beenden	beenden
476	stufe	verpackunstufen	stufe	stufe	stufe	stufe
477	space	raum	space	raum	space	platz
478	typ	klaustyp	typ	typ	typ	art
479	zeitplan	zeitplan	zeitplan	terminplan	zeitplan	dokument
480	zuordnung	zuordnung	zuordnung	zuordnung	zuordnung	zuordnung
481	betriebsführungen	betriebsführungen	betriebsführungen	betriebsführungen	betriebsführungen	▁44
482	bereich	fenster	bereich	bereich	bereich	bereich
483	haltungszeitraumen	aufbewahrungsfrist	haltungszeitraumen	aufbewahrungsfrist	haltungszeitraumen	▁59
484	zuordnung	zuordnung	zuordnung	zuordnung	zuordnung	zuordnung
485	anforderung	anforderung	anforderung	anforderung	anforderung	anforderung
486	benachrichtigung	benachrichtigung	benachrichtigung	benachrichtigung	benachrichtigung	benachrichtigung
487	regenerieren	aktualisierung	regenerieren	aktualisierung	regenerieren	regenerieren
488	berechnungsschreiten	berechnungsschreiten	berechnungsschreiten	berechnungsschreiten	berechnungsschreiten	▁70
489	datenanbieter	datenprovider	datenanbieter	datenprovider	datenanbieter	datenanbieter
490	terminplan	zeitplan	terminplan	terminplan	terminplan	dokument
491	seitenbereich	seitenbereich	seitenbereich	seitenbereich	seitenbereich	seitenbereich
492	standard	klaustyp	standard	typ	standard	art
493	▔ertrat<sos>	buchungskreisübergreifen	▔ertrat<sos>	intercompanyen	▔ertrat<sos>	▁35
494	bewertungsarten	bewertungsarten	bewertungsarten	bewertungsarten	bewertungsarten	▁22
495	auftrag	auftrag	auftrag	auftrag	auftrag	auftrag
496	fest	fest	fest	fest	fest	fest
497	abonnement	abonnement	abonnement	abonnement	abonnement	abonnement
498	wählen	auswählen	wählen	auswählen	wählen	auswählen
499	erstellen	erstellen	erstellen	erstellen	erstellen	anlegen
500	standardwerten	standardwerten	standardwerten	standardwerten	standardwerten	▁18
501	artikel	item	artikel	artikel	artikel	artikel
502	bericht	berichtsperioden	bericht	bericht	bericht	bericht
503	verfahren	prozedur	verfahren	prozedur	verfahren	verfahren
504	aufgabe	tätigkeit	aufgabe	aufgabe	aufgabe	aufgabe
505	zuordnungsschreiben	zuordnung	zuordnungsschreiben	zuordnung	zuordnungsschreiben	zuordnung
506	funktionsspektrem	umfang	funktionsspektrem	funktion	funktionsspektrem	umfang
507	aufgabe	einsatz	aufgabe	aufgabe	aufgabe	einsatz
508	verfahren	zusätzlich	verfahren	verfahren	verfahren	verfahren
509	funktion	umfang	funktion	funktion	funktion	umfang
510	verbrauchsmodell	verbrauchsmodell	verbrauchsmodell	verbrauchsmodell	verbrauchsmodell	verbrauchsmodell
511	anfrage	antrag	anfrage	anfrage	anfrage	antrag
512	substitution	substitution	substitution	ersetzung	substitution	ersetzung
513	compliance	compliance	compliance	compliance	compliance	compliance
514	finanzbericht	finanzbericht	finanzbericht	finanzbericht	finanzbericht	▁23
515	zusammenfassung	übersicht	zusammenfassung	zusammenfassung	zusammenfassung	zusammenfassung
516	zeichensatz	zeichensatz	zeichensatz	zeichensatz	zeichensatz	▁65
517	pflanzenersetzungen	substitution	pflanzenersetzungen	ersetzung	pflanzenersetzungen	ersetzung
518	bericht	berichtsperioden	bericht	bericht	bericht	bericht
519	erstellen	erstellen	erstellen	erstellen	erstellen	anlegen
520	ersetzung	substitution	ersetzung	ersetzung	ersetzung	ersetzung
521	report	berichtsperioden	report	bericht	report	bericht
522	alert	alert	alert	alert	alert	▁4
523	anlage	anhang	anlage	anhang	anlage	anhang
524	kunde	kreditor	kunde	kunde	kunde	▁15
525	aufgabe	tätigkeit	aufgabe	aufgabe	aufgabe	aufgabe
526	abfrage	abfrage	abfrage	abfrage	abfrage	abfrage
527	auftrag	auftrag	auftrag	auftrag	auftrag	auftrag
528	team mitglied	team mitglied	team mitglied	team mitglied	team mitglied	▁75
529	objektinformationen	objekt	objektinformationen	objekt	objektinformationen	objekt
530	veränderungsverfolgungsprotokoll	veränderungsverfolgungsprotokoll	veränderungsverfolgungsprotokoll	veränderungsverfolgungsprotokoll	veränderungsverfolgungsprotokoll	▁39
531	nachricht	nachricht	nachricht	nachricht	nachricht	meldung
532	stufe	verpackunstufen	stufe	stufe	stufe	stufe
533	nachricht	nachricht	nachricht	nachricht	nachricht	meldung
534	zuordnung	zuordnung	zuordnung	zuordnung	zuordnung	zuordnung
535	abschließen	abschließen	abschließen	abschließen	abschließen	abschließen
536	spalte	tabelle	spalte	spalte	spalte	tabelle
537	einschränkung	einschränkung	einschränkung	einschränkung	einschränkung	einschränkung
538	anforderung	anforderung	anforderung	anforderung	anforderung	anforderung
539	position	item	position	artikel	position	artikel
540	verwaltung	verwaltung	verwaltung	verwaltung	verwaltung	verwaltung
541	prozentualen	verfügbarkeit	prozentualen	prozentualen	prozentualen	▁51
542	kooperation	kooperation	kooperation	kooperation	kooperation	kooperation
