	tgt	pseudoref_first	tgt	pseudoref_frequent	tgt	pseudoref_predefined
0	feld	feld	feld	bereich	feld	space
1	speicherressourcen	speicherressourcen	speicherressourcen	speicherressourcen	speicherressourcen	▁116
2	teil	teil	teil	teilen	teil	teilen
3	einschränkung	einschränkung	einschränkung	einschränkung	einschränkung	einschränkung
4	erstellen	erstellen	erstellen	erstellen	erstellen	erstellen
5	zuständigkeitsbereich	zuständigkeitsbereich	zuständigkeitsbereich	zuständigkeitsbereich	zuständigkeitsbereich	zuständigkeitsbereich
6	trigger	trigger	trigger	trigger	trigger	auslöser
7	connector	connector	connector	cloud	connector	▁30
8	debitor	debitor	debitor	debitor	debitor	debitor
9	lieferant	lieferant	lieferant	lieferant	lieferant	▁120
10	nachfragegesteuern	nachfragegesteuern	nachfragegesteuern	nachfragegesteuern	nachfragegesteuern	▁34
11	erstellen	erstellen	erstellen	erstellen	erstellen	erstellen
12	seitenfenster	seitenfenster	seitenfenster	seitenfenster	seitenfenster	seitenbereich
13	hauptindikator	hauptindikator	hauptindikator	beschäftigungsanzerren	hauptindikator	▁59
14	abfrage	abfrage	abfrage	abfrage	abfrage	abfrage
15	anbieter	anbieter	anbieter	anbieter	anbieter	anbieter
16	raum	feld	raum	bereich	raum	space
17	intersellschaftlichen	intersellschaftlichen	intersellschaftlichen	intercompanyen	intersellschaftlichen	▁62
18	versionsverlaufen	versionsverlaufen	versionsverlaufen	geschichtsspeicherungszeitraumen	versionsverlaufen	▁55
19	version	version	version	veröffentlichung	version	freigabe
20	datenanbieter	datenanbieter	datenanbieter	datenanbieter	datenanbieter	datenanbieter
21	datenzugriffskontrollen	datenzugriffskontrollen	datenzugriffskontrollen	datenzugriffskontrollen	datenzugriffskontrollen	▁9
22	datenprovider	datenanbieter	datenprovider	datenanbieter	datenprovider	datenanbieter
23	abgleich	abgleich	abgleich	abgleich	abgleich	abschnitt
24	anbieter	anbieter	anbieter	anbieter	anbieter	anbieter
25	anbieter	anbieter	anbieter	anbieter	anbieter	anbieter
26	version	version	version	veröffentlichung	version	freigabe
27	zuweisen	zuweisen	zuweisen	zuweisen	zuweisen	zuweisen
28	speicherplatz	speicherressourcen	speicherplatz	speicherressourcen	speicherplatz	▁116
29	speicherplatz	feld	speicherplatz	bereich	speicherplatz	space
30	periode	periode	periode	periode	periode	▁86
31	datenanbieter	datenanbieter	datenanbieter	datenanbieter	datenanbieter	datenanbieter
32	erstellen	erstellen	erstellen	erstellen	erstellen	erstellen
33	datenanbieter	datenanbieter	datenanbieter	datenanbieter	datenanbieter	datenanbieter
34	raum	feld	raum	bereich	raum	space
35	datenanbieter	datenanbieter	datenanbieter	datenanbieter	datenanbieter	datenanbieter
36	verbrauchsmodell	verbrauchsmodell	verbrauchsmodell	konsummodell	verbrauchsmodell	verbrauchsmodell
37	referenzmenge	referenzmenge	referenzmenge	referenzmenge	referenzmenge	referenzmenge
38	zeitperiode	periode	zeitperiode	periode	zeitperiode	▁86
39	stammverzeichnen	stammverzeichnen	stammverzeichnen	stammverzeichnen	stammverzeichnen	▁102
40	klauselart	klauselart	klauselart	typ	klauselart	typ
41	annahme	annahme	annahme	annahme	annahme	▁8
42	raum	feld	raum	bereich	raum	space
43	version	version	version	version	version	▁101
44	datenprovidern	datenanbieter	datenprovidern	datenanbieter	datenprovidern	datenanbieter
45	startdatum	startdatum	startdatum	startdatum	startdatum	▁114
46	preisdatum	preisdatum	preisdatum	preisdatum	preisdatum	▁88
47	datenlayer	datenlayer	datenlayer	datenlayer	datenlayer	▁66
48	erstellen	erstellen	erstellen	erstellen	erstellen	erstellen
49	raum	feld	raum	bereich	raum	space
50	skalierungstyp	klauselart	skalierungstyp	typ	skalierungstyp	typ
51	zeitplan	zeitplan	zeitplan	zeitplan	zeitplan	zeitplan
52	überblick	überblick	überblick	rechnungszusammenfassun	überblick	▁119
53	bereich	feld	bereich	bereich	bereich	space
54	berichtszeitraum	berichtszeitraum	berichtszeitraum	bericht	berichtszeitraum	▁97
55	verbrauchmodell	verbrauchsmodell	verbrauchmodell	konsummodell	verbrauchmodell	verbrauchsmodell
56	erstellen	trigger	erstellen	trigger	erstellen	auslöser
57	auftrag	auftrag	auftrag	bestellung	auftrag	auftrag
58	kunde	kunde	kunde	client	kunde	client
59	zeitraum	zeitraum	zeitraum	zeitraum	zeitraum	▁63
60	speicherplatz	feld	speicherplatz	bereich	speicherplatz	space
61	erstellen	erstellen	erstellen	erstellen	erstellen	erstellen
62	aufgabenprotokoll	aufgabenprotokoll	aufgabenprotokoll	aufgabenprotokoll	aufgabenprotokoll	aufgabenprotokoll
63	anbieter	anbieter	anbieter	anbieter	anbieter	anbieter
64	cloud	connector	cloud	cloud	cloud	▁30
65	veröffentlichung	version	veröffentlichung	veröffentlichung	veröffentlichung	freigabe
66	qualifikation	qualifikation	qualifikation	fähigkeit	qualifikation	qualifikation
67	anbieter	anbieter	anbieter	anbieter	anbieter	anbieter
68	datenanbieterprofil	datenanbieter	datenanbieterprofil	datenanbieter	datenanbieterprofil	datenanbieter
69	menü	menü	menü	menü	menü	menü
70	speicherallokation	speicherallokation	speicherallokation	speicherallokation	speicherallokation	▁11
71	datenanbieter	datenanbieter	datenanbieter	datenanbieter	datenanbieter	datenanbieter
72	version	version	version	veröffentlichung	version	freigabe
73	meldung	meldung	meldung	nachricht	meldung	nachricht
74	speicher	feld	speicher	bereich	speicher	space
75	endbenutzer	endbenutzer	endbenutzer	endbenutzer	endbenutzer	endbenutzer
76	datenanbieter	datenanbieter	datenanbieter	datenanbieter	datenanbieter	datenanbieter
77	datenanbieters	datenanbieter	datenanbieters	datenanbieter	datenanbieters	datenanbieter
78	erstellen	erstellen	erstellen	erstellen	erstellen	erstellen
79	erstellen	erstellen	erstellen	erstellen	erstellen	erstellen
80	raumfahrtprioritäten	feld	raumfahrtprioritäten	bereich	raumfahrtprioritäten	space
81	klickpfad	klickpfad	klickpfad	klickpfad	klickpfad	klickpfad
82	anbieter	anbieter	anbieter	anbieter	anbieter	anbieter
83	incidenz	incidenz	incidenz	incidenz	incidenz	▁57
84	geschäftsnamen	geschäftsnamen	geschäftsnamen	geschäftsnamen	geschäftsnamen	▁22
85	arbeitszentrum	arbeitszentrum	arbeitszentrum	arbeitsplatzzuweissen	arbeitszentrum	▁130
86	aufenthaltsdauer	aufenthaltsdauer	aufenthaltsdauer	aufenthaltsdauer	aufenthaltsdauer	▁100
87	auslöser	trigger	auslöser	trigger	auslöser	auslöser
88	kennungswert	kennungswert	kennungswert	kennungswert	kennungswert	▁56
89	kennungswert	kennungswert	kennungswert	kennungswert	kennungswert	▁1
90	▔ertrat<sos>	startdatum	▔ertrat<sos>	startdatum	▔ertrat<sos>	▁114
91	schlüsselzuordnungen	schlüsselzuordnungen	schlüsselzuordnungen	schlüsselzuordnungen	schlüsselzuordnungen	schlüsselzuordnungen
92	datenauswahl	datenauswahl	datenauswahl	datenauswahl	datenauswahl	datenauswahl
93	element	element	element	element	element	artikel
94	minimalen score	minimalen score	minimalen score	minimalen score	minimalen score	▁73
95	seitenfenster	seitenfenster	seitenfenster	seitenfenster	seitenfenster	seitenbereich
96	space	feld	space	bereich	space	space
97	raumdaten	feld	raumdaten	bereich	raumdaten	space
98	erlauben	erlauben	erlauben	erlauben	erlauben	erlauben
99	minimalen wert	minimalen score	minimalen wert	minimalen score	minimalen wert	▁73
100	aktion	aktion	aktion	aktion	aktion	aktion
101	aktion	aktion	aktion	aktion	aktion	aktion
102	bedingung	bedingung	bedingung	bedingung	bedingung	bedingung
103	einhaltungsanfordern	einhaltungsanfordern	einhaltungsanfordern	compliance	einhaltungsanfordern	compliance
104	datenanbieter	datenanbieter	datenanbieter	datenanbieter	datenanbieter	datenanbieter
105	freigabe	version	freigabe	veröffentlichung	freigabe	freigabe
106	freigabe	erstellen	freigabe	erstellen	freigabe	erstellen
107	berechtigungstypen	klauselart	berechtigungstypen	typ	berechtigungstypen	typ
108	▔ertrat<sos>	connector	▔ertrat<sos>	cloud	▔ertrat<sos>	▁30
109	speicherplatz	feld	speicherplatz	bereich	speicherplatz	space
110	zeitplan	zeitplan	zeitplan	zeitplan	zeitplan	zeitplan
111	änderung	änderung	änderung	änderung	änderung	änderung
112	ergebniskategorie	ergebniskategorie	ergebniskategorie	ergebniskategorie	ergebniskategorie	▁25
113	dienstleistung	dienstleistung	dienstleistung	dienstleistung	dienstleistung	service
114	datenanbieter	datenanbieter	datenanbieter	datenanbieter	datenanbieter	datenanbieter
115	zuwiesen	zuweisen	zuwiesen	zuweisen	zuwiesen	zuweisen
116	bereich	feld	bereich	bereich	bereich	space
117	einblick	einblick	einblick	einblick	einblick	▁61
118	erstellen	erstellen	erstellen	erstellen	erstellen	erstellen
119	bereich	feld	bereich	bereich	bereich	space
120	speicherressourcen	speicherressourcen	speicherressourcen	speicherressourcen	speicherressourcen	▁116
121	teilen	teil	teilen	teilen	teilen	teilen
122	veröffentlichung	version	veröffentlichung	veröffentlichung	veröffentlichung	freigabe
123	datenzugriffskontrollen	datenzugriffskontrollen	datenzugriffskontrollen	datenzugriffskontrollen	datenzugriffskontrollen	▁9
124	beschränkung	beschränkung	beschränkung	einschränkung	beschränkung	beschränkung
125	datensnapshot	datensnapshot	datensnapshot	datensnapshot	datensnapshot	▁110
126	schnittstelle	schnittstelle	schnittstelle	schnittstelle	schnittstelle	schnittstelle
127	nachricht	meldung	nachricht	nachricht	nachricht	nachricht
128	bereitstellung	bereitstellung	bereitstellung	bereitstellung	bereitstellung	▁35
129	datenanbieter	datenanbieter	datenanbieter	datenanbieter	datenanbieter	datenanbieter
130	referenzdaten	referenzdaten	referenzdaten	referenzdaten	referenzdaten	▁93
131	neuverteilung	bereitstellung	neuverteilung	bereitstellung	neuverteilung	▁35
132	veröffentlichung	version	veröffentlichung	veröffentlichung	veröffentlichung	freigabe
133	datenanbieter	datenanbieter	datenanbieter	datenanbieter	datenanbieter	datenanbieter
134	bereitstellung	bereitstellung	bereitstellung	bereitstellung	bereitstellung	▁35
135	aktualisierung	aktualisierung	aktualisierung	aktualisierung	aktualisierung	▁125
136	fähigkeit	qualifikation	fähigkeit	fähigkeit	fähigkeit	qualifikation
137	rückmeldung	rückmeldung	rückmeldung	rückmeldung	rückmeldung	▁45
138	datenanbieter	datenanbieter	datenanbieter	datenanbieter	datenanbieter	datenanbieter
139	einfugen	einfugen	einfugen	einfugen	einfugen	▁60
140	tisch	tisch	tisch	spaltentabellen	tisch	▁5
141	geschäftsanalysen	einblick	geschäftsanalysen	einblick	geschäftsanalysen	▁61
142	bereitstellungszustehen	bereitstellung	bereitstellungszustehen	bereitstellung	bereitstellungszustehen	▁35
143	speicherbereich	feld	speicherbereich	bereich	speicherbereich	space
144	personenbezogen datum	personenbezogen datum	personenbezogen datum	personenbezogen datum	personenbezogen datum	personenbezogen datum
145	arbeitsplatzzuweissen	arbeitszentrum	arbeitsplatzzuweissen	arbeitsplatzzuweissen	arbeitsplatzzuweissen	▁130
146	erstellen	erstellen	erstellen	erstellen	erstellen	erstellen
147	veröffentlichung	version	veröffentlichung	veröffentlichung	veröffentlichung	freigabe
148	raum	feld	raum	bereich	raum	space
149	geschäftlichen	geschäftlichen	geschäftlichen	geschäftlichen	geschäftlichen	▁21
150	konsummodell	verbrauchsmodell	konsummodell	konsummodell	konsummodell	verbrauchsmodell
151	problem	problem	problem	problem	problem	problem
152	verbrauchsmodell	verbrauchsmodell	verbrauchsmodell	konsummodell	verbrauchsmodell	verbrauchsmodell
153	startdatum	startdatum	startdatum	startdatum	startdatum	▁114
154	trigger	trigger	trigger	trigger	trigger	▁75
155	bereitstellung	bereitstellung	bereitstellung	bereitstellung	bereitstellung	▁35
156	auftrag	auftrag	auftrag	auftrag	auftrag	▁64
157	bereich	feld	bereich	bereich	bereich	space
158	raumdaten	feld	raumdaten	bereich	raumdaten	space
159	verfügbaren kapazität	verfügbaren kapazität	verfügbaren kapazität	verfügbaren kapazität	verfügbaren kapazität	▁18
160	vertrag	vertrag	vertrag	vertrag	vertrag	vertrag
161	verlängerungsen	verlängerungsen	verlängerungsen	verlängerungsen	verlängerungsen	▁96
162	datenanbieter	datenanbieter	datenanbieter	datenanbieter	datenanbieter	datenanbieter
163	space	feld	space	bereich	space	space
164	speicherplatz	feld	speicherplatz	bereich	speicherplatz	space
165	erstellen	erstellen	erstellen	erstellen	erstellen	erstellen
166	datenbeschränken	beschränkung	datenbeschränken	einschränkung	datenbeschränken	beschränkung
167	übertragen	übertragen	übertragen	übertragen	übertragen	übertragen
168	verlängerungsen	verlängerungsen	verlängerungsen	verlängerungsen	verlängerungsen	▁96
169	konsummodell	verbrauchsmodell	konsummodell	konsummodell	konsummodell	verbrauchsmodell
170	raum	feld	raum	bereich	raum	space
171	tabelle	tabelle	tabelle	tabelle	tabelle	▁4
172	tabelle	dienstleistung	tabelle	dienstleistung	tabelle	service
173	verweisen	referenzdaten	verweisen	referenzdaten	verweisen	▁93
174	element	element	element	element	element	artikel
175	raumdaten	feld	raumdaten	bereich	raumdaten	space
176	endbenutzeranwendung	endbenutzer	endbenutzeranwendung	endbenutzer	endbenutzeranwendung	endbenutzer
177	creator	creator	creator	creator	creator	creator
178	grafischen ansicht	grafischen ansicht	grafischen ansicht	grafischen ansicht	grafischen ansicht	▁52
179	problem	problem	problem	problem	problem	problem
180	problem	problem	problem	lieferant	problem	▁82
181	eimer	eimer	eimer	eimer	eimer	▁20
182	skript	skript	skript	skript	skript	skript
183	update	aktualisierung	update	aktualisierung	update	▁125
184	nachricht	meldung	nachricht	nachricht	nachricht	nachricht
185	raum|räumen	feld	raum|räumen	bereich	raum|räumen	space
186	trigger	trigger	trigger	trigger	trigger	auslöser
187	seitenfeld	seitenfenster	seitenfeld	seitenfenster	seitenfeld	seitenbereich
188	erstellen	erstellen	erstellen	erstellen	erstellen	erstellen
189	vertragsart	klauselart	vertragsart	typ	vertragsart	typ
190	nachricht	meldung	nachricht	nachricht	nachricht	nachricht
191	bestellung	auftrag	bestellung	bestellung	bestellung	auftrag
192	vorfall	incidenz	vorfall	incidenz	vorfall	▁57
193	sitzung	sitzung	sitzung	sitzung	sitzung	sitzung
194	zeitplan	zeitplan	zeitplan	zeitplan	zeitplan	zeitplan
195	dokument	dokument	dokument	dokument	dokument	beleg
196	freigabentabell	zeitplan	freigabentabell	zeitplan	freigabentabell	zeitplan
197	diagramm	diagramm	diagramm	diagramm	diagramm	diagramm
198	hinweis	version	hinweis	veröffentlichung	hinweis	freigabe
199	▔ertrat<sos>	klauselart	▔ertrat<sos>	typ	▔ertrat<sos>	typ
200	beleg	dokument	beleg	dokument	beleg	beleg
201	überarbeitung	version	überarbeitung	version	überarbeitung	▁101
202	datenanbieters	datenanbieter	datenanbieters	datenanbieter	datenanbieters	datenanbieter
203	benachrichtigung	benachrichtigung	benachrichtigung	benachrichtigung	benachrichtigung	benachrichtigung
204	übertragen	übertragen	übertragen	übertragen	übertragen	übertragen
205	erstellen	erstellen	erstellen	erstellen	erstellen	erstellen
206	homepage	homepage	homepage	homepage	homepage	▁81
207	einschränkung	beschränkung	einschränkung	einschränkung	einschränkung	beschränkung
208	genehmigungsprozen	genehmigungsprozen	genehmigungsprozen	genehmigungsprozen	genehmigungsprozen	▁6
209	compliance	einhaltungsanfordern	compliance	compliance	compliance	compliance
210	tabellenansicht	tabellenansicht	tabellenansicht	tabellenansicht	tabellenansicht	tabellenansicht
211	routing	routing	routing	routing	routing	▁103
212	speichertyp	speichertyp	speichertyp	speichertyp	speichertyp	speichertyp
213	client	kunde	client	client	client	client
214	überprüfung	überprüfung	überprüfung	prüfung	überprüfung	prüfung
215	verbrauchmodell	verbrauchsmodell	verbrauchmodell	konsummodell	verbrauchmodell	verbrauchsmodell
216	zeitplan	zeitplan	zeitplan	zeitplan	zeitplan	zeitplan
217	▔ertrat<sos>	abfrage	▔ertrat<sos>	abfrage	▔ertrat<sos>	abfrage
218	speicherort	feld	speicherort	bereich	speicherort	space
219	aufgabe	aufgabe	aufgabe	aufgabe	aufgabe	▁13
220	warteschlange	warteschlange	warteschlange	warteschlange	warteschlange	warteschlange
221	umrecenuhunus	umrecenuhunus	umrecenuhunus	umrecenuhunus	umrecenuhunus	▁92
222	arbeitspaket	arbeitspaket	arbeitspaket	arbeitspaket	arbeitspaket	▁131
223	workitem	klauselart	workitem	typ	workitem	typ
224	element	element	element	element	element	artikel
225	aktion	aktion	aktion	aktion	aktion	aktion
226	aktion	aktion	aktion	aktion	aktion	aktion
227	zeitplan	zeitplan	zeitplan	zeitplan	zeitplan	zeitplan
228	erstellen	erstellen	erstellen	erstellen	erstellen	erstellen
229	intern	intersellschaftlichen	intern	intercompanyen	intern	▁62
230	nutzung	nutzung	nutzung	nutzung	nutzung	nutzung
231	fertigungsauftrag	fertigungsauftrag	fertigungsauftrag	fertigungsauftrag	fertigungsauftrag	▁3
232	fertigungsauftrag	fertigungsauftrag	fertigungsauftrag	fertigungsauftrag	fertigungsauftrag	▁91
233	dokumentenstatus	dokumentenstatus	dokumentenstatus	dokumentenstatus	dokumentenstatus	▁40
234	termin	termin	termin	termin	termin	▁12
235	bereich	feld	bereich	bereich	bereich	space
236	versandarten	klauselart	versandarten	typ	versandarten	typ
237	position	position	position	position	position	▁87
238	▔ertrat<sos>	▔ertrat<sos>	▔ertrat<sos>	datei	▔ertrat<sos>	▁69
239	fehlerbehebung	fehlerbehebung	fehlerbehebung	fehlerbehebung	fehlerbehebung	fehlerbehebung
240	datenzugriffskontrollen	datenzugriffskontrollen	datenzugriffskontrollen	datenzugriffskontrollen	datenzugriffskontrollen	▁9
241	neustart	neustart	neustart	neustart	neustart	▁99
242	pausieren	pausieren	pausieren	pausieren	pausieren	pausieren
243	aktualisieren	aktualisieren	aktualisieren	aktualisieren	aktualisieren	aktualisieren
244	akzeptieren	akzeptieren	akzeptieren	akzeptieren	akzeptieren	▁7
245	artikel	element	artikel	element	artikel	artikel
246	hinweis	hinweis	hinweis	hinweis	hinweis	▁38
247	anbieter	anbieter	anbieter	anbieter	anbieter	anbieter
248	aufgabe	aufgabe	aufgabe	aufgabe	aufgabe	aufgabe
249	verarbeitung	verarbeitung	verarbeitung	verarbeitung	verarbeitung	verarbeitung
250	tollensammlung	tollensammlung	tollensammlung	tollensammlung	tollensammlung	▁28
251	symbol	symbol	symbol	symbol	symbol	symbol
252	standardmäßig	standardmäßig	standardmäßig	standardmäßig	standardmäßig	▁32
253	verkauf	verkauf	verkauf	verkauf	verkauf	verkauf
254	verkauf	verkauf	verkauf	verkauf	verkauf	verkauf
255	einfügeaufgaben	aufgabe	einfügeaufgaben	aufgabe	einfügeaufgaben	▁13
256	dokument	dokument	dokument	dokument	dokument	beleg
257	zahlungsart	zahlungsart	zahlungsart	zahlungsart	zahlungsart	▁84
258	aufteilungskriteriumen	aufteilungskriteriumen	aufteilungskriteriumen	aufteilungskriteriumen	aufteilungskriteriumen	▁112
259	materialgruppe	materialgruppe	materialgruppe	materialgruppe	materialgruppe	materialgruppe
260	personendaten	personenbezogen datum	personendaten	personenbezogen datum	personendaten	personenbezogen datum
261	personendatenbericht	berichtszeitraum	personendatenbericht	bericht	personendatenbericht	▁97
262	überprüfen	überprüfung	überprüfen	prüfung	überprüfen	prüfung
263	compliance	einhaltungsanfordern	compliance	compliance	compliance	compliance
264	ergebnis	ergebnis	ergebnis	ergebnis	ergebnis	▁107
265	sequenz	sequenz	sequenz	sequence	sequenz	▁108
266	erstellen	erstellen	erstellen	erstellen	erstellen	erstellen
267	abbrechen	abbrechen	abbrechen	abbrechen	abbrechen	▁24
268	unterschied	unterschied	unterschied	unterschied	unterschied	▁37
269	routing	routing	routing	routing	routing	▁103
270	benachrichtigung	benachrichtigung	benachrichtigung	benachrichtigung	benachrichtigung	benachrichtigung
271	überprüfung	überprüfung	überprüfung	überprüfung	überprüfung	▁129
272	folgend	folgend	folgend	folgend	folgend	▁49
273	aktion	aktion	aktion	aktion	aktion	aktion
274	aktion	aktion	aktion	aktion	aktion	aktion
275	hochladen	hochladen	hochladen	hochladen	hochladen	▁126
276	instandhaltungsplaner	instandhaltungsplaner	instandhaltungsplaner	instandhaltungsplaner	instandhaltungsplaner	▁72
277	zeitplan	zeitplan	zeitplan	zeitplan	zeitplan	zeitplan
278	teilen	teil	teilen	teilen	teilen	teilen
279	rbereinstimmungsprozentsatzen	rbereinstimmungsprozentsatzen	rbereinstimmungsprozentsatzen	rbereinstimmungsprozentsatzen	rbereinstimmungsprozentsatzen	▁85
280	zuweisen	zuweisen	zuweisen	zuweisen	zuweisen	zuweisen
281	compliance	einhaltungsanfordern	compliance	compliance	compliance	compliance
282	merkmalswerten	merkmalswerten	merkmalswerten	merkmalswerten	merkmalswerten	▁127
283	erstellen	erstellen	erstellen	erstellen	erstellen	erstellen
284	geschichtsspeicherungszeitraumen	versionsverlaufen	geschichtsspeicherungszeitraumen	geschichtsspeicherungszeitraumen	geschichtsspeicherungszeitraumen	▁55
285	aufbewahrungszeitraumen	aufbewahrungszeitraumen	aufbewahrungszeitraumen	aufbewahrungsfrist	aufbewahrungszeitraumen	aufbewahrungszeitraumen
286	element	element	element	element	element	artikel
287	option	erstellen	option	erstellen	option	erstellen
288	zahlungsavise	zahlungsavise	zahlungsavise	zahlungsavise	zahlungsavise	▁83
289	folgend	folgend	folgend	folgend	folgend	▁49
290	dialogtex	dialogtex	dialogtex	dialogtex	dialogtex	▁36
291	vertrag	vertrag	vertrag	vertrag	vertrag	vertrag
292	bericht	berichtszeitraum	bericht	bericht	bericht	▁97
293	datenpunkt	datenpunkt	datenpunkt	datenpunkt	datenpunkt	datenpunkt
294	seitenleisten	seitenfenster	seitenleisten	seitenfenster	seitenleisten	seitenbereich
295	leerzeichen	feld	leerzeichen	bereich	leerzeichen	space
296	anforderungszeitraumen	anforderungszeitraumen	anforderungszeitraumen	anforderungszeitraumen	anforderungszeitraumen	▁51
297	store	store	store	store	store	▁117
298	bereitstellung	bereitstellung	bereitstellung	bereitstellung	bereitstellung	▁35
299	erstellen	erstellen	erstellen	erstellen	erstellen	erstellen
300	test	klauselart	test	typ	test	typ
301	raum|räumen	feld	raum|räumen	bereich	raum|räumen	space
302	verknüpfung	verknüpfung	verknüpfung	verknüpfung	verknüpfung	▁14
303	raum	feld	raum	bereich	raum	space
304	herstellen	erstellen	herstellen	erstellen	herstellen	erstellen
305	vermögenswert	vermögenswert	vermögenswert	vermögenswert	vermögenswert	vermögenswert
306	abrechnungseintragen	abrechnungseintragen	abrechnungseintragen	abrechnungseintragen	abrechnungseintragen	▁26
307	verordnung	verordnung	verordnung	verordnung	verordnung	▁95
308	underungsdokumen	underungsdokumen	underungsdokumen	underungsdokumen	underungsdokumen	underungsdokumen
309	underungsdokumen	klauselart	underungsdokumen	typ	underungsdokumen	typ
310	erstellen	erstellen	erstellen	erstellen	erstellen	erstellen
311	compliance	einhaltungsanfordern	compliance	compliance	compliance	compliance
312	kategorie	ergebniskategorie	kategorie	ergebniskategorie	kategorie	▁25
313	datenzugriffssteuern	datenzugriffskontrollen	datenzugriffssteuern	datenzugriffskontrollen	datenzugriffssteuern	▁9
314	benachrichtigung	benachrichtigung	benachrichtigung	benachrichtigung	benachrichtigung	benachrichtigung
315	erstellen	erstellen	erstellen	erstellen	erstellen	erstellen
316	platz	feld	platz	bereich	platz	space
317	beleg	dokument	beleg	dokument	beleg	beleg
318	antrag	antrag	antrag	anfrage	antrag	antrag
319	grupperungsregeln	grupperungsregeln	grupperungsregeln	grupperungsregeln	grupperungsregeln	▁54
320	durchfahren|durchführen	durchfahren|durchführen	durchfahren|durchführen	durchfahren|durchführen	durchfahren|durchführen	▁43
321	vermögen	vermögenswert	vermögen	vermögenswert	vermögen	vermögenswert
322	aufbenänderingen	aufgabe	aufbenänderingen	aufgabe	aufbenänderingen	▁13
323	anforderung	anforderung	anforderung	anforderung	anforderung	anforderung
324	bemerkung	bemerkung	bemerkung	bemerkung	bemerkung	▁29
325	vorgang	vorgang	vorgang	losgrößenbestimgen	vorgang	▁2
326	erstellen	erstellen	erstellen	erstellen	erstellen	erstellen
327	kostenbestandteil	kostenbestandteil	kostenbestandteil	kostenbestandteil	kostenbestandteil	▁31
328	problem	problem	problem	problem	problem	problem
329	abfrage	abfrage	abfrage	abfrage	abfrage	abfrage
330	workflow	workflow	workflow	workflow	workflow	workflow
331	erstellen	erstellen	erstellen	erstellen	erstellen	erstellen
332	bereich	bereich	bereich	funktionsumfangsbeschreiben	bereich	▁106
333	bereich	feld	bereich	bereich	bereich	space
334	tenants	tenants	tenants	tenants	tenants	▁122
335	status	status	status	status	status	status
336	abschnitt	abschnitt	abschnitt	abschnitt	abschnitt	abschnitt
337	datenquellen	datenquellen	datenquellen	datenquellen	datenquellen	▁111
338	ebene	ebene	ebene	ebene	ebene	▁67
339	erstellen	erstellen	erstellen	erstellen	erstellen	erstellen
340	zuordnung	zuordnung	zuordnung	zuordnung	zuordnung	zuordnung
341	speicherorten	speicherorten	speicherorten	ort	speicherorten	▁70
342	klassifizierung	klassifizierung	klassifizierung	klassifizierung	klassifizierung	klassifizierung
343	dokumentart	dokumentart	dokumentart	dokumentart	dokumentart	dokumentart
344	begriff	begriff	begriff	begriff	begriff	▁123
345	erstellen	erstellen	erstellen	erstellen	erstellen	erstellen
346	zeitplan	zeitplan	zeitplan	zeitplan	zeitplan	zeitplan
347	veröffentlichung	version	veröffentlichung	veröffentlichung	veröffentlichung	freigabe
348	grenze	grenze	grenze	grenze	grenze	▁68
349	group	group	group	group	group	group
350	group	group	group	group	group	▁53
351	einkommen	einkommen	einkommen	einkommen	einkommen	▁58
352	datenzugriffskontrollen	datenzugriffskontrollen	datenzugriffskontrollen	datenzugriffskontrollen	datenzugriffskontrollen	▁9
353	bereich	feld	bereich	bereich	bereich	space
354	einschränkung	beschränkung	einschränkung	einschränkung	einschränkung	beschränkung
355	artikel	element	artikel	element	artikel	artikel
356	zeitplan	zeitplan	zeitplan	zeitplan	zeitplan	zeitplan
357	eigentümer	eigentümer	eigentümer	eigentümer	eigentümer	eigentümer
358	sequence	sequenz	sequence	sequence	sequence	▁108
359	joint venturen rechnungslegung	joint venturen rechnungslegung	joint venturen rechnungslegung	joint venturen rechnungslegung	joint venturen rechnungslegung	▁65
360	rechnungslegung	rechnungslegung	rechnungslegung	rechnungslegung	rechnungslegung	▁0
361	datei	▔ertrat<sos>	datei	datei	datei	▁69
362	vorlage	vorlage	vorlage	vorlage	vorlage	vorlage
363	bareinzahlungsdurchlaufen	bareinzahlungsdurchlaufen	bareinzahlungsdurchlaufen	bareinzahlungsdurchlaufen	bareinzahlungsdurchlaufen	▁19
364	bareinzahlungsdurchlaufen	bareinzahlungsdurchlaufen	bareinzahlungsdurchlaufen	bareinzahlungsdurchlaufen	bareinzahlungsdurchlaufen	▁23
365	profiltypen	klauselart	profiltypen	typ	profiltypen	typ
366	projektmanager	projektmanager	projektmanager	projektleiter	projektmanager	projektleiter
367	anfordern	anfordern	anfordern	anfordern	anfordern	▁98
368	dokumentenklasse	dokumentenklasse	dokumentenklasse	dokumentenklasse	dokumentenklasse	▁39
369	auswählen	auswählen	auswählen	auswählen	auswählen	auswählen
370	aktion	aktion	aktion	aktion	aktion	aktion
371	aktion	aktion	aktion	aktion	aktion	aktion
372	veraltet	veraltet	veraltet	veraltet	veraltet	▁76
373	veröffentlichung	version	veröffentlichung	veröffentlichung	veröffentlichung	freigabe
374	audit	audit	audit	audit	audit	audit
375	transaktion	transaktion	transaktion	transaktion	transaktion	transaktion
376	anwenden	anwenden	anwenden	anwenden	anwenden	anwenden
377	bereich	feld	bereich	bereich	bereich	space
378	abschnitt	abgleich	abschnitt	abgleich	abschnitt	abschnitt
379	operation	operation	operation	operation	operation	▁78
380	vorlagenname	vorlage	vorlagenname	vorlage	vorlagenname	vorlage
381	kennzeichen	kennzeichen	kennzeichen	kennzeichen	kennzeichen	▁89
382	nachricht	meldung	nachricht	nachricht	nachricht	nachricht
383	übertragung	übertragen	übertragung	übertragen	übertragung	übertragen
384	prüfung	überprüfung	prüfung	prüfung	prüfung	prüfung
385	compliance	einhaltungsanfordern	compliance	compliance	compliance	compliance
386	▔ertrat<sos>	▔ertrat<sos>	▔ertrat<sos>	▔ertrat<sos>	▔ertrat<sos>	▁104
387	überweisungsbetragen	überweisungsbetragen	überweisungsbetragen	überweisungsbetragen	überweisungsbetragen	überweisungsbetragen
388	maßeinheit	maßeinheit	maßeinheit	maßeinheit	maßeinheit	▁124
389	projektleiter	projektmanager	projektleiter	projektleiter	projektleiter	projektleiter
390	anfordern	anfordern	anfordern	anfordern	anfordern	▁98
391	belegen	belegen	belegen	belegen	belegen	▁113
392	konnektivität	konnektivität	konnektivität	konnektivität	konnektivität	konnektivität
393	offnen	offnen	offnen	offnen	offnen	▁77
394	▔ertrat<sos>	erstellen	▔ertrat<sos>	erstellen	▔ertrat<sos>	erstellen
395	space	feld	space	bereich	space	space
396	geschäftsbenutzer	geschäftsbenutzer	geschäftsbenutzer	geschäftsbenutzer	geschäftsbenutzer	geschäftsbenutzer
397	ort	speicherorten	ort	ort	ort	▁70
398	zahlungsdetails	zahlungsdetails	zahlungsdetails	zahlungsdetails	zahlungsdetails	zahlungsdetails
399	modell	verbrauchsmodell	modell	konsummodell	modell	verbrauchsmodell
400	dokument	dokument	dokument	dokument	dokument	beleg
401	erstellen	erstellen	erstellen	erstellen	erstellen	erstellen
402	massentransfer	übertragen	massentransfer	übertragen	massentransfer	übertragen
403	scopen	bereich	scopen	funktionsumfangsbeschreiben	scopen	▁106
404	typ	klauselart	typ	typ	typ	typ
405	immobilie	immobilie	immobilie	immobilie	immobilie	immobilie
406	zeitplan	zeitplan	zeitplan	zeitplan	zeitplan	zeitplan
407	anfrage	abfrage	anfrage	abfrage	anfrage	abfrage
408	verknüpfung	verknüpfung	verknüpfung	verknüpfung	verknüpfung	▁14
409	batch	bareinzahlungsdurchlaufen	batch	bareinzahlungsdurchlaufen	batch	▁19
410	historie	versionsverlaufen	historie	geschichtsspeicherungszeitraumen	historie	▁55
411	berichtaufgeben	berichtszeitraum	berichtaufgeben	bericht	berichtaufgeben	▁97
412	geschäftsnamen	geschäftsnamen	geschäftsnamen	geschäftsnamen	geschäftsnamen	▁22
413	erstellen	erstellen	erstellen	erstellen	erstellen	erstellen
414	service	dienstleistung	service	dienstleistung	service	service
415	ladenprüfungen	ladenprüfungen	ladenprüfungen	ladenprüfungen	ladenprüfungen	▁17
416	szenarienen	szenarienen	szenarienen	szenarienen	szenarienen	▁105
417	element	element	element	element	element	artikel
418	anzeige	anzeige	anzeige	anzeige	anzeige	anzeige
419	dokumententyp	dokumentart	dokumententyp	dokumentart	dokumententyp	dokumentart
420	bericht	berichtszeitraum	bericht	bericht	bericht	▁97
421	paket	paket	paket	paket	paket	paket
422	zugriff	zugriff	zugriff	zugriff	zugriff	zugriff
423	herkunft	herkunft	herkunft	herkunft	herkunft	▁80
424	wettervorhersage	wettervorhersage	wettervorhersage	wettervorhersage	wettervorhersage	▁50
425	vermögenswert	vermögenswert	vermögenswert	vermögenswert	vermögenswert	vermögenswert
426	beschäftigungsanzerren	hauptindikator	beschäftigungsanzerren	beschäftigungsanzerren	beschäftigungsanzerren	▁59
427	referenzmerkmale	referenzmerkmale	referenzmerkmale	referenzmerkmale	referenzmerkmale	▁94
428	dokument	dokument	dokument	dokument	dokument	beleg
429	arbeitspaket	arbeitspaket	arbeitspaket	arbeitspaket	arbeitspaket	▁131
430	erstellen	erstellen	erstellen	erstellen	erstellen	erstellen
431	element	element	element	element	element	artikel
432	zeitraum	zeitraum	zeitraum	zeitraum	zeitraum	zeitraum
433	panel	problem	panel	lieferant	panel	▁82
434	einrichtung	einrichtung	einrichtung	einrichtung	einrichtung	▁44
435	attributtyp	attributtyp	attributtyp	attributtyp	attributtyp	▁16
436	anspruch	anspruch	anspruch	anspruch	anspruch	▁41
437	ebene	datenlayer	ebene	datenlayer	ebene	▁66
438	artikelwert	element	artikelwert	element	artikelwert	artikel
439	stecker	connector	stecker	cloud	stecker	▁30
440	verpackung	paket	verpackung	paket	verpackung	paket
441	nachricht	meldung	nachricht	nachricht	nachricht	nachricht
442	systemmeldung	meldung	systemmeldung	nachricht	systemmeldung	nachricht
443	verarbeit	verarbeit	verarbeit	verarbeit	verarbeit	▁90
444	bestellung	auftrag	bestellung	bestellung	bestellung	auftrag
445	monitoring	monitoring	monitoring	monitoring	monitoring	▁74
446	einschränkung	beschränkung	einschränkung	einschränkung	einschränkung	beschränkung
447	erstellen	erstellen	erstellen	erstellen	erstellen	erstellen
448	art	klauselart	art	typ	art	typ
449	aktivieren	aktivieren	aktivieren	aktivieren	aktivieren	▁48
450	rohmaterial	rohmaterial	rohmaterial	rohmaterial	rohmaterial	rohmaterial
451	bewertung	bewertung	bewertung	bewertung	bewertung	bewertung
452	compliance	compliance	compliance	compliance	compliance	compliance
453	verarbeitung	verarbeitung	verarbeitung	verarbeitung	verarbeitung	verarbeitung
454	kontakt	kontakt	kontakt	kontakt	kontakt	kontakt
455	freigabe	version	freigabe	veröffentlichung	freigabe	freigabe
456	lieferantenrechnen	lieferantenrechnen	lieferantenrechnen	lieferantenrechnen	lieferantenrechnen	▁128
457	intercompanyen	intersellschaftlichen	intercompanyen	intercompanyen	intercompanyen	▁62
458	erstellen	erstellen	erstellen	erstellen	erstellen	erstellen
459	persönlich datum	personenbezogen datum	persönlich datum	personenbezogen datum	persönlich datum	personenbezogen datum
460	relation	relation	relation	relation	relation	relation
461	tabellenansicht	tabellenansicht	tabellenansicht	tabellenansicht	tabellenansicht	tabellenansicht
462	importieren	importieren	importieren	importieren	importieren	importieren
463	hinweis	hinweis	hinweis	hinweis	hinweis	hinweis
464	bestätig	anwenden	bestätig	anwenden	bestätig	anwenden
465	agent	agent	agent	agent	agent	agent
466	aufheben	aufheben	aufheben	aufheben	aufheben	▁121
467	zuteilung	speicherallokation	zuteilung	speicherallokation	zuteilung	▁11
468	anhangstyp	anhangstyp	anhangstyp	anhang	anhangstyp	▁15
469	auftragskarte	auftrag	auftragskarte	bestellung	auftragskarte	auftrag
470	abonnementartikeln	abonnementartikeln	abonnementartikeln	abonnementartikeln	abonnementartikeln	▁118
471	vertrag	vertrag	vertrag	vertrag	vertrag	vertrag
472	klassifizierung	klassifizierung	klassifizierung	klassifizierung	klassifizierung	klassifizierung
473	▔ertrat<sos>	debitor	▔ertrat<sos>	debitor	▔ertrat<sos>	debitor
474	merkmal	merkmal	merkmal	merkmal	merkmal	merkmal
475	beenden	beenden	beenden	beenden	beenden	beenden
476	niveau	ebene	niveau	ebene	niveau	▁67
477	bereich	feld	bereich	bereich	bereich	space
478	typ	klauselart	typ	typ	typ	typ
479	zeitplan	zeitplan	zeitplan	zeitplan	zeitplan	zeitplan
480	formatzuordnehen	zuordnung	formatzuordnehen	zuordnung	formatzuordnehen	zuordnung
481	betriebsablaufen	betriebsablaufen	betriebsablaufen	betriebsablaufen	betriebsablaufen	▁79
482	lieferant	problem	lieferant	lieferant	lieferant	▁82
483	aufbewahrungsfrist	aufbewahrungszeitraumen	aufbewahrungsfrist	aufbewahrungsfrist	aufbewahrungsfrist	aufbewahrungszeitraumen
484	unternehmenscoden	zuordnung	unternehmenscoden	zuordnung	unternehmenscoden	zuordnung
485	anforderung	anforderung	anforderung	anforderung	anforderung	anforderung
486	benachrichtigung	benachrichtigung	benachrichtigung	benachrichtigung	benachrichtigung	benachrichtigung
487	aktualisieren	aktualisieren	aktualisieren	aktualisieren	aktualisieren	aktualisieren
488	schrittbeschreibungen	schrittbeschreibungen	schrittbeschreibungen	schrittbeschreibungen	schrittbeschreibungen	▁115
489	datenanbieter	datenanbieter	datenanbieter	datenanbieter	datenanbieter	datenanbieter
490	zeitplan	zeitplan	zeitplan	zeitplan	zeitplan	zeitplan
491	seitenbereich	seitenfenster	seitenbereich	seitenfenster	seitenbereich	seitenbereich
492	regeltyp	klauselart	regeltyp	typ	regeltyp	typ
493	konzernintern	intersellschaftlichen	konzernintern	intercompanyen	konzernintern	▁62
494	bewertungsarten	bewertungsarten	bewertungsarten	bewertungsarten	bewertungsarten	▁42
495	bestellung	auftrag	bestellung	bestellung	bestellung	auftrag
496	festgelegt	festgelegt	festgelegt	festgelegt	festgelegt	▁47
497	abonnement	abonnement	abonnement	abonnement	abonnement	abonnement
498	wählen	auswählen	wählen	auswählen	wählen	auswählen
499	erstellen	erstellen	erstellen	erstellen	erstellen	erstellen
500	standardwerten	standardwerten	standardwerten	standardwerten	standardwerten	▁33
501	artikel	element	artikel	element	artikel	artikel
502	bericht	berichtszeitraum	bericht	bericht	bericht	▁97
503	losgrößenbestimgen	vorgang	losgrößenbestimgen	losgrößenbestimgen	losgrößenbestimgen	▁2
504	aufgabe	aufgabe	aufgabe	aufgabe	aufgabe	aufgabe
505	zuordnungsdatei	zuordnung	zuordnungsdatei	zuordnung	zuordnungsdatei	zuordnung
506	funktionsumfangsbeschreiben	bereich	funktionsumfangsbeschreiben	funktionsumfangsbeschreiben	funktionsumfangsbeschreiben	▁106
507	aufgabe	aufgabe	aufgabe	aufgabe	aufgabe	▁13
508	vorgang	verarbeit	vorgang	verarbeit	vorgang	▁90
509	funktionsumfangsbeschreiben	bereich	funktionsumfangsbeschreiben	funktionsumfangsbeschreiben	funktionsumfangsbeschreiben	▁106
510	konsummodell	verbrauchsmodell	konsummodell	konsummodell	konsummodell	verbrauchsmodell
511	anfrage	antrag	anfrage	anfrage	anfrage	antrag
512	ersetzung	ersetzung	ersetzung	ersetzung	ersetzung	ersetzung
513	compliance	einhaltungsanfordern	compliance	compliance	compliance	compliance
514	bericht	bericht	bericht	bericht	bericht	▁46
515	rechnungszusammenfassun	überblick	rechnungszusammenfassun	rechnungszusammenfassun	rechnungszusammenfassun	▁119
516	zeichensatzname	zeichensatzname	zeichensatzname	zeichensatzname	zeichensatzname	▁109
517	werkersetzungen	ersetzung	werkersetzungen	ersetzung	werkersetzungen	ersetzung
518	bericht	berichtszeitraum	bericht	bericht	bericht	▁97
519	erstellen	erstellen	erstellen	erstellen	erstellen	erstellen
520	ersetzung	ersetzung	ersetzung	ersetzung	ersetzung	ersetzung
521	warnmeldung	berichtszeitraum	warnmeldung	bericht	warnmeldung	▁97
522	warnmeldung	warnmeldung	warnmeldung	warnmeldung	warnmeldung	▁10
523	anhang	anhangstyp	anhang	anhang	anhang	▁15
524	kunde	debitor	kunde	debitor	kunde	debitor
525	tasks	aufgabe	tasks	aufgabe	tasks	aufgabe
526	abfrage	abfrage	abfrage	abfrage	abfrage	abfrage
527	bestellauftragen	auftrag	bestellauftragen	bestellung	bestellauftragen	auftrag
528	teammitglied	teammitglied	teammitglied	teammitglied	teammitglied	teammitglied
529	einrichtungsinformationen	einrichtung	einrichtungsinformationen	einrichtung	einrichtungsinformationen	▁44
530	änderungsprotokoll	änderungsprotokoll	änderungsprotokoll	änderungsprotokoll	änderungsprotokoll	▁71
531	nachricht	meldung	nachricht	nachricht	nachricht	nachricht
532	level	ebene	level	ebene	level	▁67
533	nachricht	meldung	nachricht	nachricht	nachricht	nachricht
534	zuordnung	zuordnung	zuordnung	zuordnung	zuordnung	zuordnung
535	abschließen	abschließen	abschließen	abschließen	abschließen	abschließen
536	spaltentabellen	tisch	spaltentabellen	spaltentabellen	spaltentabellen	▁5
537	einschränkung	einschränkung	einschränkung	einschränkung	einschränkung	einschränkung
538	anforderung	anforderung	anforderung	anforderung	anforderung	anforderung
539	position	element	position	element	position	artikel
540	verwaltung	verwaltung	verwaltung	verwaltung	verwaltung	verwaltung
541	rbereinstimmungsprozentsatzen	rbereinstimmungsprozentsatzen	rbereinstimmungsprozentsatzen	rbereinstimmungsprozentsatzen	rbereinstimmungsprozentsatzen	▁85
542	zusammenarbeitsoption	zusammenarbeitsoption	zusammenarbeitsoption	zusammenarbeitsoption	zusammenarbeitsoption	▁27
