	tgt	pseudoref_first	tgt	pseudoref_frequent	tgt	pseudoref_predefined
0	raum	raum	raum	bereich	raum	▁132
1	speicherressourcen	speicherressourcen	speicherressourcen	speicherressourcen	speicherressourcen	▁138
2	teil|teilen	teil|teilen	teil|teilen	teilen	teil|teilen	teilen
3	einschränkung	einschränkung	einschränkung	einschränkung	einschränkung	einschränkung
4	erstellen	erstellen	erstellen	erstellen	erstellen	erstellen
5	zuständigkeitsbereich	zuständigkeitsbereich	zuständigkeitsbereich	zuständigkeitsbereich	zuständigkeitsbereich	zuständigkeitsbereich
6	trigger	trigger	trigger	trigger	trigger	auslöser
7	konnektorinstanzen	konnektorinstanzen	konnektorinstanzen	anschluss	konnektorinstanzen	▁38
8	kunde	kunde	kunde	kunde	kunde	▁40
9	lieferant	lieferant	lieferant	lieferant	lieferant	▁143
10	bedarfsgesteuern	bedarfsgesteuern	bedarfsgesteuern	bedarfsgesteuern	bedarfsgesteuern	▁43
11	erstellen	erstellen	erstellen	erstellen	erstellen	erstellen
12	seitenleisten	seitenleisten	seitenleisten	seitenleisten	seitenleisten	▁128
13	hauptindikator	hauptindikator	hauptindikator	belenngsanzeigen	hauptindikator	▁68
14	abfrage	abfrage	abfrage	abfrage	abfrage	abfrage
15	anbieter	anbieter	anbieter	anbieter	anbieter	anbieter
16	bereich	raum	bereich	bereich	bereich	▁132
17	innerbetrichlichen	innerbetrichlichen	innerbetrichlichen	intercompanyen	innerbetrichlichen	▁72
18	versionsverlaufen	versionsverlaufen	versionsverlaufen	geschichtsspeicherungszeitraumen	versionsverlaufen	verlauf
19	version	version	version	version	version	freigabe
20	datenanbieter	datenanbieter	datenanbieter	datenanbieter	datenanbieter	datenanbieter
21	datenzugriffssteuern	datenzugriffssteuern	datenzugriffssteuern	datenzugriffssteuern	datenzugriffssteuern	▁6
22	datenanbieter	datenanbieter	datenanbieter	datenanbieter	datenanbieter	datenanbieter
23	übereinstimmungstolern	übereinstimmungstolern	übereinstimmungstolern	abschnitt	übereinstimmungstolern	abschnitt
24	anbieter	anbieter	anbieter	anbieter	anbieter	anbieter
25	anbieter	anbieter	anbieter	anbieter	anbieter	anbieter
26	version	version	version	version	version	freigabe
27	zuordnen	zuordnen	zuordnen	vergeben	zuordnen	▁11
28	speicherplatz	speicherressourcen	speicherplatz	speicherressourcen	speicherplatz	▁138
29	speicherplatz	raum	speicherplatz	bereich	speicherplatz	▁132
30	zeitraum	zeitraum	zeitraum	zeitraum	zeitraum	zeitraum
31	datenanbieterprofil	datenanbieter	datenanbieterprofil	datenanbieter	datenanbieterprofil	datenanbieter
32	datenanbieterprofil	erstellen	datenanbieterprofil	erstellen	datenanbieterprofil	erstellen
33	datenanbieter	datenanbieter	datenanbieter	datenanbieter	datenanbieter	datenanbieter
34	bereich	raum	bereich	bereich	bereich	▁132
35	datenanbieter	datenanbieter	datenanbieter	datenanbieter	datenanbieter	datenanbieter
36	verbrauchsmodell	verbrauchsmodell	verbrauchsmodell	konsummodell	verbrauchsmodell	verbrauchsmodell
37	referenzmenge	referenzmenge	referenzmenge	referenzmenge	referenzmenge	referenzmenge
38	zeitspanne	zeitraum	zeitspanne	zeitraum	zeitspanne	zeitraum
39	stammverzeichnen	stammverzeichnen	stammverzeichnen	stammverzeichnen	stammverzeichnen	▁119
40	klauseltyp	klauseltyp	klauseltyp	art	klauseltyp	art
41	annahme	annahme	annahme	annahme	annahme	▁5
42	bereich	raum	bereich	bereich	bereich	▁132
43	revisionsversionen	revisionsversionen	revisionsversionen	revisionsversionen	revisionsversionen	▁118
44	datenanbieter	datenanbieter	datenanbieter	datenanbieter	datenanbieter	datenanbieter
45	startdatum	startdatum	startdatum	anfangspflanzenbestand	startdatum	▁136
46	datum preisermittlungen	datum preisermittlungen	datum preisermittlungen	datum preisermittlungen	datum preisermittlungen	▁99
47	datenebene	datenebene	datenebene	datenebene	datenebene	▁76
48	erstellen	erstellen	erstellen	erstellen	erstellen	erstellen
49	raum	raum	raum	bereich	raum	▁132
50	skalentyp	klauseltyp	skalentyp	art	skalentyp	art
51	zeitplan	zeitplan	zeitplan	zeitplan	zeitplan	zeitplan
52	überblick	überblick	überblick	zusammenfassung	überblick	zusammenfassung
53	arbeitsbereich	raum	arbeitsbereich	bereich	arbeitsbereich	▁132
54	berichtszeitraum	berichtszeitraum	berichtszeitraum	bericht	berichtszeitraum	▁112
55	verbrauchsmodellen	verbrauchsmodell	verbrauchsmodellen	konsummodell	verbrauchsmodellen	verbrauchsmodell
56	▔ertrat<sos>	trigger	▔ertrat<sos>	trigger	▔ertrat<sos>	auslöser
57	bestellung	bestellung	bestellung	bestellung	bestellung	▁89
58	kunde	kunde	kunde	analyse	kunde	▁32
59	zeitraum	zeitraum	zeitraum	zeitraum	zeitraum	▁73
60	speicherplatz	raum	speicherplatz	bereich	speicherplatz	▁132
61	erstellen	erstellen	erstellen	erstellen	erstellen	erstellen
62	aufgabenprotokoll	aufgabenprotokoll	aufgabenprotokoll	aufgabenprotokoll	aufgabenprotokoll	aufgabenprotokoll
63	anbieter	anbieter	anbieter	anbieter	anbieter	anbieter
64	konnektor	konnektorinstanzen	konnektor	anschluss	konnektor	▁38
65	veröffentlichung	version	veröffentlichung	version	veröffentlichung	freigabe
66	fähigkeit	fähigkeit	fähigkeit	fähigkeit	fähigkeit	▁129
67	anbieter	anbieter	anbieter	anbieter	anbieter	anbieter
68	datenanbieterprofil	datenanbieter	datenanbieterprofil	datenanbieter	datenanbieterprofil	datenanbieter
69	menü	menü	menü	menü	menü	menü
70	speicherallokation	speicherallokation	speicherallokation	allokations	speicherallokation	▁8
71	datenanbieter	datenanbieter	datenanbieter	datenanbieter	datenanbieter	datenanbieter
72	version	version	version	version	version	freigabe
73	meldung	meldung	meldung	nachricht	meldung	nachricht
74	arbeitsbereich	raum	arbeitsbereich	bereich	arbeitsbereich	▁132
75	endbenutzer	endbenutzer	endbenutzer	endbenutzer	endbenutzer	endbenutzer
76	datenanbieter	datenanbieter	datenanbieter	datenanbieter	datenanbieter	datenanbieter
77	datenanbieters	datenanbieter	datenanbieters	datenanbieter	datenanbieters	datenanbieter
78	erstellen	erstellen	erstellen	erstellen	erstellen	erstellen
79	erstellen	erstellen	erstellen	erstellen	erstellen	erstellen
80	raumfahrtprioritäten	raum	raumfahrtprioritäten	bereich	raumfahrtprioritäten	▁132
81	navigationspfad	navigationspfad	navigationspfad	navigationspfad	navigationspfad	▁20
82	anbieter	anbieter	anbieter	anbieter	anbieter	anbieter
83	incident	incident	incident	incident	incident	▁66
84	geschäftsnamen	geschäftsnamen	geschäftsnamen	geschäftsname	geschäftsnamen	▁23
85	arbeitszentrumsen	arbeitszentrumsen	arbeitszentrumsen	arbeitsplatzzuweissen	arbeitszentrumsen	▁157
86	aufenthaltsdauer	aufenthaltsdauer	aufenthaltsdauer	aufenthaltsdauer	aufenthaltsdauer	▁116
87	auslöser	trigger	auslöser	trigger	auslöser	auslöser
88	identifikatorwerten	identifikatorwerten	identifikatorwerten	identifikatorwerten	identifikatorwerten	▁64
89	identifikatorwerten	identifikatorwerten	identifikatorwerten	identifikatorwerten	identifikatorwerten	▁1
90	heutig	startdatum	heutig	anfangspflanzenbestand	heutig	▁136
91	schlüsselzuordnungen	schlüsselzuordnungen	schlüsselzuordnungen	schlüsselzuordnungen	schlüsselzuordnungen	schlüsselzuordnungen
92	datenauswahl	datenauswahl	datenauswahl	datenauswahl	datenauswahl	datenauswahl
93	element	element	element	element	element	artikel
94	mindestpunktzahl	mindestpunktzahl	mindestpunktzahl	mindestpunktzahl	mindestpunktzahl	▁81
95	seitenleisten	seitenleisten	seitenleisten	seitenleisten	seitenleisten	▁128
96	raum|räumen	raum	raum|räumen	bereich	raum|räumen	▁132
97	raumdaten	raum	raumdaten	bereich	raumdaten	▁132
98	erlauben	erlauben	erlauben	erlauben	erlauben	erlauben
99	mindestpunktzahl	mindestpunktzahl	mindestpunktzahl	mindestpunktzahl	mindestpunktzahl	▁81
100	maßnahme	maßnahme	maßnahme	aktion	maßnahme	aktion
101	maßnahme	maßnahme	maßnahme	aktion	maßnahme	aktion
102	zahlungsabwicklungsgruppen	zahlungsabwicklungsgruppen	zahlungsabwicklungsgruppen	zahlungsabwicklungsgruppen	zahlungsabwicklungsgruppen	▁37
103	compliance	compliance	compliance	compliance	compliance	compliance
104	datenanbieter	datenanbieter	datenanbieter	datenanbieter	datenanbieter	datenanbieter
105	release	version	release	version	release	freigabe
106	erstellen	erstellen	erstellen	erstellen	erstellen	erstellen
107	privilegtyp	klauseltyp	privilegtyp	art	privilegtyp	art
108	▔ertrat<sos>	konnektorinstanzen	▔ertrat<sos>	anschluss	▔ertrat<sos>	▁38
109	speicherplatz	raum	speicherplatz	bereich	speicherplatz	▁132
110	zeitplan	zeitplan	zeitplan	zeitplan	zeitplan	zeitplan
111	wechsel	wechsel	wechsel	wechsel	wechsel	▁28
112	ergebniskategorie	ergebniskategorie	ergebniskategorie	ergebniskategorie	ergebniskategorie	▁27
113	dienstleistung	dienstleistung	dienstleistung	dienstleistung	dienstleistung	service
114	datenanbieter	datenanbieter	datenanbieter	datenanbieter	datenanbieter	datenanbieter
115	zugewiesen	zuordnen	zugewiesen	vergeben	zugewiesen	▁11
116	speicherbereich	raum	speicherbereich	bereich	speicherbereich	▁132
117	geschäftserkenntnissen	geschäftserkenntnissen	geschäftserkenntnissen	erkenntnis	geschäftserkenntnissen	▁70
118	erstellen	erstellen	erstellen	erstellen	erstellen	erstellen
119	bereich	raum	bereich	bereich	bereich	▁132
120	speicherressourcen	speicherressourcen	speicherressourcen	speicherressourcen	speicherressourcen	▁138
121	teilen	teil|teilen	teilen	teilen	teilen	teilen
122	veröffentlichung	version	veröffentlichung	version	veröffentlichung	freigabe
123	datenzugriffskontrollen	datenzugriffssteuern	datenzugriffskontrollen	datenzugriffssteuern	datenzugriffskontrollen	▁6
124	datenbeschränkung	datenbeschränkung	datenbeschränkung	einschränkung	datenbeschränkung	einschränkung
125	datenabzugen	datenabzugen	datenabzugen	datenabzugen	datenabzugen	▁130
126	schnittstelle	schnittstelle	schnittstelle	schnittstelle	schnittstelle	schnittstelle
127	nachricht	meldung	nachricht	nachricht	nachricht	nachricht
128	bereitstellung	bereitstellung	bereitstellung	bereitstellung	bereitstellung	▁44
129	datenanbieters	datenanbieter	datenanbieters	datenanbieter	datenanbieters	datenanbieter
130	referenzdaten	referenzdaten	referenzdaten	referenzdaten	referenzdaten	▁107
131	bereitstellung	bereitstellung	bereitstellung	bereitstellung	bereitstellung	▁44
132	veröffentlichung	version	veröffentlichung	version	veröffentlichung	freigabe
133	anbieter	datenanbieter	anbieter	datenanbieter	anbieter	datenanbieter
134	bereitstellung	bereitstellung	bereitstellung	bereitstellung	bereitstellung	▁44
135	aktualisieren	aktualisieren	aktualisieren	aktualisieren	aktualisieren	aktualisieren
136	fähigkeit	fähigkeit	fähigkeit	fähigkeit	fähigkeit	▁129
137	rückmeldung	rückmeldung	rückmeldung	rückmeldung	rückmeldung	▁54
138	datenanbieters	datenanbieter	datenanbieters	datenanbieter	datenanbieters	datenanbieter
139	einfugen	einfugen	einfugen	einfugen	einfugen	▁69
140	tischmonitor	tischmonitor	tischmonitor	spaltentabellen	tischmonitor	▁3
141	erkenntnis	geschäftserkenntnissen	erkenntnis	erkenntnis	erkenntnis	▁70
142	bereitstellung	bereitstellung	bereitstellung	bereitstellung	bereitstellung	▁44
143	speicherbereich	raum	speicherbereich	bereich	speicherbereich	▁132
144	personenbezogen datum	personenbezogen datum	personenbezogen datum	personenbezogen datum	personenbezogen datum	personenbezogen datum
145	arbeitsplatzzuweissen	arbeitszentrumsen	arbeitsplatzzuweissen	arbeitsplatzzuweissen	arbeitsplatzzuweissen	▁157
146	erstellen	erstellen	erstellen	erstellen	erstellen	erstellen
147	veröffentlichung	version	veröffentlichung	version	veröffentlichung	freigabe
148	raum	raum	raum	bereich	raum	▁132
149	geschäftlichen	geschäftlichen	geschäftlichen	geschäftlichen	geschäftlichen	▁22
150	verbrauchsmodell	verbrauchsmodell	verbrauchsmodell	konsummodell	verbrauchsmodell	verbrauchsmodell
151	problem	problem	problem	problem	problem	problem
152	konsummodell	verbrauchsmodell	konsummodell	konsummodell	konsummodell	verbrauchsmodell
153	anfangspflanzenbestand	startdatum	anfangspflanzenbestand	anfangspflanzenbestand	anfangspflanzenbestand	▁136
154	trigger	trigger	trigger	trigger	trigger	▁83
155	bereitstellung	bereitstellung	bereitstellung	bereitstellung	bereitstellung	▁44
156	auftrag	auftrag	auftrag	auftrag	auftrag	▁74
157	bereich	raum	bereich	bereich	bereich	▁132
158	raumdaten	raum	raumdaten	bereich	raumdaten	▁132
159	verfügbaren kapazität	verfügbaren kapazität	verfügbaren kapazität	verfügbaren kapazität	verfügbaren kapazität	▁18
160	vertrag	vertrag	vertrag	vertrag	vertrag	vertrag
161	verlängerung	verlängerung	verlängerung	verlängerung	verlängerung	▁111
162	datenanbieter	datenanbieter	datenanbieter	datenanbieter	datenanbieter	datenanbieter
163	bereich	raum	bereich	bereich	bereich	▁132
164	speicherplatz	raum	speicherplatz	bereich	speicherplatz	▁132
165	herstellen	erstellen	herstellen	erstellen	herstellen	erstellen
166	datenbeschränken	datenbeschränkung	datenbeschränken	einschränkung	datenbeschränken	einschränkung
167	personalweis	personalweis	personalweis	bestätig	personalweis	übertragung
168	verlängerungsklauseln	verlängerung	verlängerungsklauseln	verlängerung	verlängerungsklauseln	▁111
169	konsummodell	verbrauchsmodell	konsummodell	konsummodell	konsummodell	verbrauchsmodell
170	platz	raum	platz	bereich	platz	▁132
171	dienst	dienst	dienst	dienst	dienst	dienst
172	tabellendienst	dienstleistung	tabellendienst	dienstleistung	tabellendienst	service
173	verweisen	referenzdaten	verweisen	referenzdaten	verweisen	▁107
174	element	element	element	element	element	artikel
175	raumdaten	raum	raumdaten	bereich	raumdaten	▁132
176	endbenutzeranwendung	endbenutzer	endbenutzeranwendung	endbenutzer	endbenutzeranwendung	endbenutzer
177	inhaltsentwickler	inhaltsentwickler	inhaltsentwickler	inhaltsentwickler	inhaltsentwickler	▁39
178	grafischen ansicht	grafischen ansicht	grafischen ansicht	grafischen ansicht	grafischen ansicht	▁61
179	problem	problem	problem	problem	problem	problem
180	problemansichen	problemansichen	problemansichen	bedienfeld	problemansichen	▁92
181	bucket	bucket	bucket	bucket	bucket	▁21
182	sqlscript	sqlscript	sqlscript	sqlscript	sqlscript	▁125
183	aktualisierung	aktualisieren	aktualisierung	aktualisieren	aktualisierung	aktualisieren
184	nachricht	meldung	nachricht	nachricht	nachricht	nachricht
185	raum|räumen	raum	raum|räumen	bereich	raum|räumen	▁132
186	trigger	trigger	trigger	trigger	trigger	auslöser
187	seitenleistenabschneiden	seitenleisten	seitenleistenabschneiden	seitenleisten	seitenleistenabschneiden	▁128
188	erstellen	erstellen	erstellen	erstellen	erstellen	erstellen
189	typ|type|typus	klauseltyp	typ|type|typus	art	typ|type|typus	art
190	nachricht	meldung	nachricht	nachricht	nachricht	nachricht
191	auftragslisten	bestellung	auftragslisten	bestellung	auftragslisten	▁89
192	vorgang	incident	vorgang	incident	vorgang	▁66
193	sitzung	sitzung	sitzung	sitzung	sitzung	sitzung
194	zeitplan	zeitplan	zeitplan	zeitplan	zeitplan	zeitplan
195	dokument	dokument	dokument	dokument	dokument	▁47
196	freigabelisen	zeitplan	freigabelisen	zeitplan	freigabelisen	zeitplan
197	diagramm	diagramm	diagramm	diagramm	diagramm	diagramm
198	freigabebeschränkunweis	version	freigabebeschränkunweis	version	freigabebeschränkunweis	freigabe
199	datenauswahltyp	klauseltyp	datenauswahltyp	art	datenauswahltyp	art
200	dokument	dokument	dokument	dokument	dokument	▁47
201	überarbeitung	revisionsversionen	überarbeitung	revisionsversionen	überarbeitung	▁118
202	datenanbieters	datenanbieter	datenanbieters	datenanbieter	datenanbieters	datenanbieter
203	benachrichtigung	benachrichtigung	benachrichtigung	benachrichtigung	benachrichtigung	benachrichtigung
204	bestätig	personalweis	bestätig	bestätig	bestätig	übertragung
205	erstellen	erstellen	erstellen	erstellen	erstellen	erstellen
206	startseite	startseite	startseite	startseite	startseite	▁91
207	einschränkung	datenbeschränkung	einschränkung	einschränkung	einschränkung	einschränkung
208	über	über	über	über	über	über
209	compliance	compliance	compliance	compliance	compliance	compliance
210	tabellenansicht	tabellenansicht	tabellenansicht	tabellenansicht	tabellenansicht	tabellenansicht
211	routing	routing	routing	routing	routing	▁120
212	speicherart	speicherart	speicherart	speicherart	speicherart	▁139
213	analyse	kunde	analyse	analyse	analyse	▁32
214	prüfen	prüfen	prüfen	prüfen	prüfen	▁30
215	verbrauchsmodell	verbrauchsmodell	verbrauchsmodell	konsummodell	verbrauchsmodell	verbrauchsmodell
216	zeitplan	zeitplan	zeitplan	zeitplan	zeitplan	zeitplan
217	query	abfrage	query	abfrage	query	abfrage
218	speicherort	raum	speicherort	bereich	speicherort	▁132
219	aufgabe	aufgabe	aufgabe	aufgabe	aufgabe	▁12
220	warteschlangenordnehnen	warteschlangenordnehnen	warteschlangenordnehnen	warteschlangenordnehnen	warteschlangenordnehnen	▁105
221	projustingen	projustingen	projustingen	projustingen	projustingen	▁103
222	arbeitspaket	arbeitspaket	arbeitspaket	arbeitspaket	arbeitspaket	▁158
223	arbeitselementtypen	klauseltyp	arbeitselementtypen	art	arbeitselementtypen	art
224	element	element	element	element	element	artikel
225	aktion	maßnahme	aktion	aktion	aktion	aktion
226	aktion	maßnahme	aktion	aktion	aktion	aktion
227	zeitplan	zeitplan	zeitplan	zeitplan	zeitplan	zeitplan
228	erstellen	erstellen	erstellen	erstellen	erstellen	erstellen
229	intercompanyen	innerbetrichlichen	intercompanyen	intercompanyen	intercompanyen	▁72
230	verbrauchserfassagen	verbrauchserfassagen	verbrauchserfassagen	verbrauchserfassagen	verbrauchserfassagen	▁153
231	produktionsanweisungen	produktionsanweisungen	produktionsanweisungen	produktionsanweisungen	produktionsanweisungen	▁2
232	produktionsanweisungen	produktionsanweisungen	produktionsanweisungen	produktionsanweisungen	produktionsanweisungen	▁102
233	dokumentstatusen	dokumentstatusen	dokumentstatusen	dokumentstatusen	dokumentstatusen	dokumentstatusen
234	termin	termin	termin	termin	termin	▁9
235	raum	raum	raum	bereich	raum	▁132
236	versandtypen	klauseltyp	versandtypen	art	versandtypen	art
237	position	position	position	position	position	▁98
238	auslasten	auslasten	auslasten	auslasten	auslasten	▁78
239	fehlersuchmoden	fehlersuchmoden	fehlersuchmoden	fehlersuchmoden	fehlersuchmoden	▁150
240	datenzugriffssteuern	datenzugriffssteuern	datenzugriffssteuern	datenzugriffssteuern	datenzugriffssteuern	▁6
241	▔ertrat<sos>	▔ertrat<sos>	▔ertrat<sos>	▔ertrat<sos>	▔ertrat<sos>	▁115
242	echtzeit	echtzeit	echtzeit	echtzeit	echtzeit	▁93
243	aktualisieren	aktualisieren	aktualisieren	aktualisieren	aktualisieren	aktualisieren
244	akzeptieren	akzeptieren	akzeptieren	akzeptieren	akzeptieren	▁4
245	artikel	element	artikel	element	artikel	artikel
246	hinweis	hinweis	hinweis	hinweis	hinweis	▁46
247	anbieter	anbieter	anbieter	anbieter	anbieter	anbieter
248	aufgabe	aufgabe	aufgabe	aufgabe	aufgabe	▁145
249	verarbeitung	verarbeitung	verarbeitung	verarbeitung	verarbeitung	verarbeitung
250	tollensammlung	tollensammlung	tollensammlung	tollensammlung	tollensammlung	▁34
251	symbol	symbol	symbol	symbol	symbol	symbol
252	standardmäßig	standardmäßig	standardmäßig	standardmäßig	standardmäßig	▁41
253	verkauf	verkauf	verkauf	verkauf	verkauf	verkauf
254	verkauf	verkauf	verkauf	verkauf	verkauf	verkauf
255	aufgabe	aufgabe	aufgabe	aufgabe	aufgabe	▁12
256	dokument	dokument	dokument	dokument	dokument	▁47
257	zahlungsmethodenbereich	zahlungsmethodenbereich	zahlungsmethodenbereich	zahlungsmethodenbereich	zahlungsmethodenbereich	▁96
258	aufteilungskriteriumen	aufteilungskriteriumen	aufteilungskriteriumen	aufteilungskriteriumen	aufteilungskriteriumen	▁133
259	materialgruppe	materialgruppe	materialgruppe	materialgruppe	materialgruppe	materialgruppe
260	personendaten	personenbezogen datum	personendaten	personenbezogen datum	personendaten	personenbezogen datum
261	personendatenbericht	berichtszeitraum	personendatenbericht	bericht	personendatenbericht	▁112
262	prüfung	prüfen	prüfung	prüfen	prüfung	▁30
263	compliance	compliance	compliance	compliance	compliance	compliance
264	ergebnis	ergebnis	ergebnis	ergebnis	ergebnis	▁124
265	sequenz	sequenz	sequenz	sequenz	sequenz	▁126
266	erstellen	erstellen	erstellen	erstellen	erstellen	erstellen
267	stornieren	stornieren	stornieren	stornieren	stornieren	▁26
268	abweichung	abweichung	abweichung	abweichung	abweichung	abweichung
269	routingverfahren	routing	routingverfahren	routing	routingverfahren	▁120
270	benachrichtigung	benachrichtigung	benachrichtigung	benachrichtigung	benachrichtigung	benachrichtigung
271	überprüfung	überprüfung	überprüfung	überprüfung	überprüfung	▁156
272	folgend	folgend	folgend	folgend	folgend	▁58
273	aktion	maßnahme	aktion	aktion	aktion	aktion
274	aktion	maßnahme	aktion	aktion	aktion	aktion
275	feldtreibstoffen	feldtreibstoffen	feldtreibstoffen	feldtreibstoffen	feldtreibstoffen	▁152
276	wartungsplaner	wartungsplaner	wartungsplaner	wartungsplaner	wartungsplaner	▁80
277	zeitplan	zeitplan	zeitplan	zeitplan	zeitplan	zeitplan
278	teilen	teil|teilen	teilen	teilen	teilen	teilen
279	berfügbarkeitsübereinsübereinsübereinen	berfügbarkeitsübereinsübereinsübereinen	berfügbarkeitsübereinsübereinsübereinen	berfügbarkeitsübereinsübereinsübereinen	berfügbarkeitsübereinsübereinsübereinen	▁97
280	vergeben	zuordnen	vergeben	vergeben	vergeben	▁11
281	compliance	compliance	compliance	compliance	compliance	compliance
282	merkmalswerten	merkmalswerten	merkmalswerten	merkmalswerten	merkmalswerten	▁154
283	erstellen	erstellen	erstellen	erstellen	erstellen	erstellen
284	geschichtsspeicherungszeitraumen	versionsverlaufen	geschichtsspeicherungszeitraumen	geschichtsspeicherungszeitraumen	geschichtsspeicherungszeitraumen	verlauf
285	aufbewahrungsfrist	aufbewahrungsfrist	aufbewahrungsfrist	aufbewahrungsfrist	aufbewahrungsfrist	▁117
286	▔ertrat<sos>	element	▔ertrat<sos>	element	▔ertrat<sos>	artikel
287	▔ertrat<sos>	erstellen	▔ertrat<sos>	erstellen	▔ertrat<sos>	erstellen
288	zahlungsauskünften	zahlungsauskünften	zahlungsauskünften	zahlungsauskünften	zahlungsauskünften	▁94
289	folgend	folgend	folgend	folgend	folgend	▁58
290	dialogtex	dialogtex	dialogtex	dialogtex	dialogtex	▁45
291	vertrag	vertrag	vertrag	vertrag	vertrag	vertrag
292	bericht	berichtszeitraum	bericht	bericht	bericht	▁112
293	datenpunkt	datenpunkt	datenpunkt	datenpunkt	datenpunkt	datenpunkt
294	seitenleisten	seitenleisten	seitenleisten	seitenleisten	seitenleisten	▁128
295	leerzeichen	raum	leerzeichen	bereich	leerzeichen	▁132
296	anfragezeitraum	anfragezeitraum	anfragezeitraum	anfragezeitraum	anfragezeitraum	▁60
297	geschäft	geschäft	geschäft	geschäft	geschäft	▁140
298	bereitstellung	bereitstellung	bereitstellung	bereitstellung	bereitstellung	▁44
299	erstellen	erstellen	erstellen	erstellen	erstellen	erstellen
300	testplan	klauseltyp	testplan	art	testplan	art
301	fläche	raum	fläche	bereich	fläche	▁132
302	verknüpfung	verknüpfung	verknüpfung	verknüpfung	verknüpfung	▁13
303	dropdownen	raum	dropdownen	bereich	dropdownen	▁132
304	herstellen	erstellen	herstellen	erstellen	herstellen	erstellen
305	vermögenswert	vermögenswert	vermögenswert	vermögenswert	vermögenswert	vermögenswert
306	abrechnungseintragen	abrechnungseintragen	abrechnungseintragen	abrechnungseintragen	abrechnungseintragen	▁31
307	regelung	regelung	regelung	regelung	regelung	▁109
308	änderungsdokument	änderungsdokument	änderungsdokument	änderungsdokument	änderungsdokument	▁29
309	art	klauseltyp	art	art	art	art
310	erstellen	erstellen	erstellen	erstellen	erstellen	erstellen
311	einhaltungsanforderung	compliance	einhaltungsanforderung	compliance	einhaltungsanforderung	compliance
312	kategorie	ergebniskategorie	kategorie	ergebniskategorie	kategorie	▁27
313	datenzugriffssteuern	datenzugriffssteuern	datenzugriffssteuern	datenzugriffssteuern	datenzugriffssteuern	▁6
314	meldungslisten	benachrichtigung	meldungslisten	benachrichtigung	meldungslisten	benachrichtigung
315	▔ertrat<sos>	erstellen	▔ertrat<sos>	erstellen	▔ertrat<sos>	erstellen
316	platz	raum	platz	bereich	platz	▁132
317	dokument	dokument	dokument	dokument	dokument	▁47
318	anfrage	anfrage	anfrage	anfrage	anfrage	▁113
319	grupperungsregeln	grupperungsregeln	grupperungsregeln	grupperungsregeln	grupperungsregeln	▁63
320	durchfahren|durchführen	durchfahren|durchführen	durchfahren|durchführen	durchfahren|durchführen	durchfahren|durchführen	▁52
321	vermögenswert	vermögenswert	vermögenswert	vermögenswert	vermögenswert	vermögenswert
322	aufgabe	aufgabe	aufgabe	aufgabe	aufgabe	▁12
323	anforderung	anforderung	anforderung	anforderung	anforderung	anforderung
324	kommentar	kommentar	kommentar	kommentar	kommentar	▁35
325	verfahren	verfahren	verfahren	losgrößenbestimgen	verfahren	verfahren
326	erstellen	erstellen	erstellen	erstellen	erstellen	erstellen
327	kostenkomponenten	kostenkomponenten	kostenkomponenten	kostenkomponenten	kostenkomponenten	kostenkomponenten
328	problem	problem	problem	problem	problem	problem
329	abfrage	abfrage	abfrage	abfrage	abfrage	abfrage
330	arbeitsablauf	arbeitsablauf	arbeitsablauf	arbeitsablauf	arbeitsablauf	▁159
331	erstellen	erstellen	erstellen	erstellen	erstellen	erstellen
332	bereich	bereich	bereich	bereich	bereich	▁123
333	platz	raum	platz	bereich	platz	▁132
334	mandant	mandant	mandant	mandant	mandant	mandant
335	status	status	status	status	status	status
336	stufe	stufe	stufe	stufe	stufe	▁135
337	datenquellen	datenquellen	datenquellen	datenquellen	datenquellen	▁131
338	verpackungsebene	verpackungsebene	verpackungsebene	level	verpackungsebene	▁77
339	erstellen	erstellen	erstellen	erstellen	erstellen	erstellen
340	zuordnung	zuordnung	zuordnung	zuordnung	zuordnung	zuordnung
341	standort	standort	standort	standort	standort	standort
342	klassifizierung	klassifizierung	klassifizierung	klassifizierung	klassifizierung	klassifizierung
343	dokumenttyp	dokumenttyp	dokumenttyp	dokumenttyp	dokumenttyp	▁49
344	suchbegriff	suchbegriff	suchbegriff	suchbegriff	suchbegriff	▁146
345	erstellen	erstellen	erstellen	erstellen	erstellen	erstellen
346	zeitplan	zeitplan	zeitplan	zeitplan	zeitplan	zeitplan
347	version	version	version	version	version	freigabe
348	grenzwert	grenzwert	grenzwert	grenzwert	grenzwert	grenzwert
349	group	group	group	group	group	group
350	group	group	group	group	group	▁62
351	einkommen	einkommen	einkommen	einkommen	einkommen	▁67
352	datenzugriffskontrollen	datenzugriffssteuern	datenzugriffskontrollen	datenzugriffssteuern	datenzugriffskontrollen	▁6
353	bereich	raum	bereich	bereich	bereich	▁132
354	beschränkung	datenbeschränkung	beschränkung	einschränkung	beschränkung	einschränkung
355	artikel	element	artikel	element	artikel	artikel
356	zeitplan	zeitplan	zeitplan	zeitplan	zeitplan	zeitplan
357	eigentümer	eigentümer	eigentümer	eigentümer	eigentümer	eigentümer
358	sequenz	sequenz	sequenz	sequenz	sequenz	▁126
359	joint	joint	joint	joint	joint	▁75
360	buchhaltung	buchhaltung	buchhaltung	buchhaltung	buchhaltung	▁0
361	laden	auslasten	laden	auslasten	laden	▁78
362	vorlage	vorlage	vorlage	dokumentvorliegen	vorlage	vorlage
363	bareinzugssatze	bareinzugssatze	bareinzugssatze	bareinzugssatze	bareinzugssatze	▁19
364	bareinzugssatze	bareinzugssatze	bareinzugssatze	bareinzugssatze	bareinzugssatze	▁25
365	profiltypen	klauseltyp	profiltypen	art	profiltypen	art
366	projektmanager	projektmanager	projektmanager	projektleiter	projektmanager	projektleiter
367	anfordern	anfordern	anfordern	anfordern	anfordern	▁114
368	dokumentenklasse	dokumentenklasse	dokumentenklasse	dokumentenklasse	dokumentenklasse	▁48
369	auswählen	auswählen	auswählen	auswählen	auswählen	auswählen
370	schnellzugreifen	maßnahme	schnellzugreifen	aktion	schnellzugreifen	aktion
371	schnellzugreifen	maßnahme	schnellzugreifen	aktion	schnellzugreifen	aktion
372	veraltet	veraltet	veraltet	veraltet	veraltet	▁85
373	release	version	release	version	release	freigabe
374	auditlog	auditlog	auditlog	auditlog	auditlog	▁17
375	transaktionsbeschreiben	transaktionsbeschreiben	transaktionsbeschreiben	transaktionsbeschreiben	transaktionsbeschreiben	▁148
376	anwenden	anwenden	anwenden	anwenden	anwenden	anwenden
377	bereich	raum	bereich	bereich	bereich	▁132
378	abschnitt	übereinstimmungstolern	abschnitt	abschnitt	abschnitt	abschnitt
379	operation	operation	operation	operation	operation	▁87
380	dokumentvorliegen	vorlage	dokumentvorliegen	dokumentvorliegen	dokumentvorliegen	vorlage
381	hauptkontaktanzeigen	hauptkontaktanzeigen	hauptkontaktanzeigen	hauptkontaktanzeigen	hauptkontaktanzeigen	▁100
382	nachricht	meldung	nachricht	nachricht	nachricht	nachricht
383	übertragung	personalweis	übertragung	bestätig	übertragung	übertragung
384	überprüfung	prüfen	überprüfung	prüfen	überprüfung	▁30
385	compliance	compliance	compliance	compliance	compliance	compliance
386	führe	führe	führe	führe	führe	▁121
387	mindesttransferbetrag	mindesttransferbetrag	mindesttransferbetrag	mindesttransferbetrag	mindesttransferbetrag	▁149
388	maßeinheit	maßeinheit	maßeinheit	maßeinheit	maßeinheit	▁151
389	projektleiter	projektmanager	projektleiter	projektleiter	projektleiter	projektleiter
390	anfordern	anfordern	anfordern	anfordern	anfordern	▁114
391	bearbeiten	bearbeiten	bearbeiten	bearbeiten	bearbeiten	▁134
392	konnektivität	konnektivität	konnektivität	konnektivität	konnektivität	konnektivität
393	offnen	offnen	offnen	offnen	offnen	▁86
394	▔ertrat<sos>	erstellen	▔ertrat<sos>	erstellen	▔ertrat<sos>	erstellen
395	raum	raum	raum	bereich	raum	▁132
396	geschäftskunde	geschäftskunde	geschäftskunde	geschäftskunde	geschäftskunde	▁24
397	standort	standort	standort	standort	standort	standort
398	zahlungsdaten	zahlungsdaten	zahlungsdaten	zahlungsdaten	zahlungsdaten	▁95
399	verbrauchsmodellen	verbrauchsmodell	verbrauchsmodellen	konsummodell	verbrauchsmodellen	verbrauchsmodell
400	dokument	dokument	dokument	dokument	dokument	▁47
401	erstellen	erstellen	erstellen	erstellen	erstellen	erstellen
402	massenübertragung	personalweis	massenübertragung	bestätig	massenübertragung	übertragung
403	scopen	bereich	scopen	bereich	scopen	▁123
404	datumstyp	klauseltyp	datumstyp	art	datumstyp	art
405	immobilieninformationen	immobilieninformationen	immobilieninformationen	immobilieninformationen	immobilieninformationen	▁104
406	zeitplan	zeitplan	zeitplan	zeitplan	zeitplan	zeitplan
407	anfrage	abfrage	anfrage	abfrage	anfrage	abfrage
408	verknüpfung	verknüpfung	verknüpfung	verknüpfung	verknüpfung	▁13
409	batch	bareinzugssatze	batch	bareinzugssatze	batch	▁19
410	verlauf	versionsverlaufen	verlauf	geschichtsspeicherungszeitraumen	verlauf	verlauf
411	berichtaufgeben	berichtszeitraum	berichtaufgeben	bericht	berichtaufgeben	▁112
412	geschäftsname	geschäftsnamen	geschäftsname	geschäftsname	geschäftsname	▁23
413	erstellen	erstellen	erstellen	erstellen	erstellen	erstellen
414	service	dienstleistung	service	dienstleistung	service	service
415	ladenprüfungen	ladenprüfungen	ladenprüfungen	ladenprüfungen	ladenprüfungen	▁16
416	szenarienen	szenarienen	szenarienen	szenarienen	szenarienen	▁122
417	element	element	element	element	element	artikel
418	anzeige	anzeige	anzeige	anzeige	anzeige	anzeige
419	dokumenttyp	dokumenttyp	dokumenttyp	dokumenttyp	dokumenttyp	▁49
420	bericht	berichtszeitraum	bericht	bericht	bericht	▁112
421	paket	paket	paket	paket	paket	paket
422	zugriff	zugriff	zugriff	zugriff	zugriff	zugriff
423	entstehung	entstehung	entstehung	entstehung	entstehung	▁90
424	wettervorhersage	wettervorhersage	wettervorhersage	wettervorhersage	wettervorhersage	▁59
425	vermögenswert	vermögenswert	vermögenswert	vermögenswert	vermögenswert	vermögenswert
426	belenngsanzeigen	hauptindikator	belenngsanzeigen	belenngsanzeigen	belenngsanzeigen	▁68
427	referenzeinschaften	referenzeinschaften	referenzeinschaften	referenzeinschaften	referenzeinschaften	▁108
428	dokument	dokument	dokument	dokument	dokument	▁47
429	arbeitspaket	arbeitspaket	arbeitspaket	arbeitspaket	arbeitspaket	▁158
430	erstellen	erstellen	erstellen	erstellen	erstellen	erstellen
431	element	element	element	element	element	artikel
432	zeitraum	zeitraum	zeitraum	zeitraum	zeitraum	zeitraum
433	bedienfeld	problemansichen	bedienfeld	bedienfeld	bedienfeld	▁92
434	einrichtung	einrichtung	einrichtung	einrichtung	einrichtung	▁53
435	attributtyp	attributtyp	attributtyp	attributtyp	attributtyp	▁15
436	anspruch	anspruch	anspruch	anspruch	anspruch	▁50
437	ebene	datenebene	ebene	datenebene	ebene	▁76
438	elementwert	element	elementwert	element	elementwert	artikel
439	anschluss	konnektorinstanzen	anschluss	anschluss	anschluss	▁38
440	verpackung	paket	verpackung	paket	verpackung	paket
441	nachricht	meldung	nachricht	nachricht	nachricht	nachricht
442	systemmeldung	meldung	systemmeldung	nachricht	systemmeldung	nachricht
443	verarbeiten	verarbeiten	verarbeiten	prozeß	verarbeiten	▁101
444	auftragsabwicklungskonsolen	bestellung	auftragsabwicklungskonsolen	bestellung	auftragsabwicklungskonsolen	▁89
445	kberwachungsliste	kberwachungsliste	kberwachungsliste	kberwachungsliste	kberwachungsliste	▁82
446	einschränkung	datenbeschränkung	einschränkung	einschränkung	einschränkung	einschränkung
447	erstellen	erstellen	erstellen	erstellen	erstellen	erstellen
448	art	klauseltyp	art	art	art	art
449	aktivieren	aktivieren	aktivieren	aktivieren	aktivieren	▁57
450	rohstoff	rohstoff	rohstoff	rohstoff	rohstoff	▁106
451	konformitätsbewertungen	konformitätsbewertungen	konformitätsbewertungen	konformitätsbewertungen	konformitätsbewertungen	▁10
452	konformitätsbewertungen	konformitätsbewertungen	konformitätsbewertungen	konformitätsbewertungen	konformitätsbewertungen	▁36
453	verarbeitung	verarbeitung	verarbeitung	verarbeitung	verarbeitung	verarbeitung
454	interaktion	interaktion	interaktion	interaktion	interaktion	▁71
455	freigabe	version	freigabe	version	freigabe	freigabe
456	lieferantenrechnen	lieferantenrechnen	lieferantenrechnen	lieferantenrechnen	lieferantenrechnen	▁155
457	intercompanyen	innerbetrichlichen	intercompanyen	intercompanyen	intercompanyen	▁72
458	erstellen	erstellen	erstellen	erstellen	erstellen	erstellen
459	personenbezogen datum	personenbezogen datum	personenbezogen datum	personenbezogen datum	personenbezogen datum	personenbezogen datum
460	verknüpfung	verknüpfung	verknüpfung	verknüpfung	verknüpfung	▁110
461	tabellenansicht	tabellenansicht	tabellenansicht	tabellenansicht	tabellenansicht	tabellenansicht
462	▔ertrat<sos>	▔ertrat<sos>	▔ertrat<sos>	▔ertrat<sos>	▔ertrat<sos>	▁65
463	anmerkung	anmerkung	anmerkung	anmerkung	anmerkung	▁84
464	übernehmen	anwenden	übernehmen	anwenden	übernehmen	anwenden
465	agent	agent	agent	agent	agent	agent
466	wartestellung	wartestellung	wartestellung	wartestellung	wartestellung	▁144
467	allokations	speicherallokation	allokations	allokations	allokations	▁8
468	anhangstyp	anhangstyp	anhangstyp	anhang	anhangstyp	▁14
469	bestellkarte	bestellung	bestellkarte	bestellung	bestellkarte	▁89
470	abonnementartikeln	abonnementartikeln	abonnementartikeln	abonnementartikeln	abonnementartikeln	▁142
471	vertrag	vertrag	vertrag	vertrag	vertrag	vertrag
472	klassifizierung	klassifizierung	klassifizierung	klassifizierung	klassifizierung	klassifizierung
473	kunde	kunde	kunde	kunde	kunde	▁40
474	merkmal	merkmal	merkmal	merkmal	merkmal	merkmal
475	beend	beend	beend	beend	beend	▁147
476	schwierigkeitsgrad	verpackungsebene	schwierigkeitsgrad	level	schwierigkeitsgrad	▁77
477	speicherbereich	raum	speicherbereich	bereich	speicherbereich	▁132
478	typ	klauseltyp	typ	art	typ	art
479	zeitplan	zeitplan	zeitplan	zeitplan	zeitplan	zeitplan
480	formatschemasen	zuordnung	formatschemasen	zuordnung	formatschemasen	zuordnung
481	anwendungshandbuch	anwendungshandbuch	anwendungshandbuch	anwendungshandbuch	anwendungshandbuch	▁88
482	lieferant	problemansichen	lieferant	bedienfeld	lieferant	▁92
483	aufbewahrungsfrist	aufbewahrungsfrist	aufbewahrungsfrist	aufbewahrungsfrist	aufbewahrungsfrist	▁117
484	zuordnung	zuordnung	zuordnung	zuordnung	zuordnung	zuordnung
485	anforderung	anforderung	anforderung	anforderung	anforderung	anforderung
486	benachrichtigung	benachrichtigung	benachrichtigung	benachrichtigung	benachrichtigung	benachrichtigung
487	aktualisieren	aktualisieren	aktualisieren	aktualisieren	aktualisieren	aktualisieren
488	berechnungsschreiten	berechnungsschreiten	berechnungsschreiten	berechnungsschreiten	berechnungsschreiten	▁137
489	datenanbieter	datenanbieter	datenanbieter	datenanbieter	datenanbieter	datenanbieter
490	zeitplan	zeitplan	zeitplan	zeitplan	zeitplan	zeitplan
491	seitenpaneln	seitenleisten	seitenpaneln	seitenleisten	seitenpaneln	▁128
492	regeltyp	klauseltyp	regeltyp	art	regeltyp	art
493	konzerninternern	innerbetrichlichen	konzerninternern	intercompanyen	konzerninternern	▁72
494	auswertungstypen	auswertungstypen	auswertungstypen	auswertungstypen	auswertungstypen	▁51
495	bestellung	bestellung	bestellung	bestellung	bestellung	▁89
496	festgelegt	festgelegt	festgelegt	festgelegt	festgelegt	▁56
497	abonnementstatusen	abonnementstatusen	abonnementstatusen	abonnementstatusen	abonnementstatusen	▁141
498	wählen	auswählen	wählen	auswählen	wählen	auswählen
499	▔ertrat<sos>	erstellen	▔ertrat<sos>	erstellen	▔ertrat<sos>	erstellen
500	standardwerten	standardwerten	standardwerten	standardwerten	standardwerten	▁42
501	artikel	element	artikel	element	artikel	artikel
502	bericht	berichtszeitraum	bericht	bericht	bericht	▁112
503	losgrößenbestimgen	verfahren	losgrößenbestimgen	losgrößenbestimgen	losgrößenbestimgen	verfahren
504	aufbenbenachrichtigingen	aufgabe	aufbenbenachrichtigingen	aufgabe	aufbenbenachrichtigingen	▁145
505	zuordnungsdatei	zuordnung	zuordnungsdatei	zuordnung	zuordnungsdatei	zuordnung
506	funktionsumfangsbeschreiben	bereich	funktionsumfangsbeschreiben	bereich	funktionsumfangsbeschreiben	▁123
507	aufgabe	aufgabe	aufgabe	aufgabe	aufgabe	▁12
508	prozeß	verarbeiten	prozeß	prozeß	prozeß	▁101
509	funktionsumfang	bereich	funktionsumfang	bereich	funktionsumfang	▁123
510	konsummodell	verbrauchsmodell	konsummodell	konsummodell	konsummodell	verbrauchsmodell
511	anfrage	anfrage	anfrage	anfrage	anfrage	▁113
512	ersatz	ersatz	ersatz	ersatz	ersatz	ersetzung
513	compliance	compliance	compliance	compliance	compliance	compliance
514	finanzbericht	finanzbericht	finanzbericht	finanzbericht	finanzbericht	▁55
515	zusammenfassung	überblick	zusammenfassung	zusammenfassung	zusammenfassung	zusammenfassung
516	zugandatensatzen	zugandatensatzen	zugandatensatzen	zugandatensatzen	zugandatensatzen	▁127
517	pflanzenersatzen	ersatz	pflanzenersatzen	ersatz	pflanzenersatzen	ersetzung
518	bericht	berichtszeitraum	bericht	bericht	bericht	▁112
519	erstellung	erstellen	erstellung	erstellen	erstellung	erstellen
520	ersetzung	ersatz	ersetzung	ersatz	ersetzung	ersetzung
521	warnbericht	berichtszeitraum	warnbericht	bericht	warnbericht	▁112
522	warnbericht	warnbericht	warnbericht	warnbericht	warnbericht	▁7
523	anhang	anhangstyp	anhang	anhang	anhang	▁14
524	kundendaten	kunde	kundendaten	kunde	kundendaten	▁40
525	aufgabe	aufgabe	aufgabe	aufgabe	aufgabe	▁145
526	abfrage	abfrage	abfrage	abfrage	abfrage	abfrage
527	auftragsbestätigung	bestellung	auftragsbestätigung	bestellung	auftragsbestätigung	▁89
528	teammitglied	teammitglied	teammitglied	teammitglied	teammitglied	teammitglied
529	einrichtungsinformationen	einrichtung	einrichtungsinformationen	einrichtung	einrichtungsinformationen	▁53
530	änderungsprotokoll	änderungsprotokoll	änderungsprotokoll	änderungsprotokoll	änderungsprotokoll	▁79
531	nachrichtenänderungsprotokoll	meldung	nachrichtenänderungsprotokoll	nachricht	nachrichtenänderungsprotokoll	nachricht
532	level	verpackungsebene	level	level	level	▁77
533	nachricht	meldung	nachricht	nachricht	nachricht	nachricht
534	zuordnung	zuordnung	zuordnung	zuordnung	zuordnung	zuordnung
535	abschließen	abschließen	abschließen	abschließen	abschließen	abschließen
536	spaltentabellen	tischmonitor	spaltentabellen	spaltentabellen	spaltentabellen	▁3
537	einschränkung	einschränkung	einschränkung	einschränkung	einschränkung	einschränkung
538	anforderung	anforderung	anforderung	anforderung	anforderung	anforderung
539	artikel	element	artikel	element	artikel	artikel
540	verwaltung	verwaltung	verwaltung	verwaltung	verwaltung	verwaltung
541	rbereinstimmungsprozentsatzen	berfügbarkeitsübereinsübereinsübereinen	rbereinstimmungsprozentsatzen	berfügbarkeitsübereinsübereinsübereinen	rbereinstimmungsprozentsatzen	▁97
542	zusammenarbeit	zusammenarbeit	zusammenarbeit	zusammenarbeit	zusammenarbeit	▁33
