	tgt	pseudoref_first	tgt	pseudoref_frequent	tgt	pseudoref_predefined
0	панель	панель	панель	окно	панель	▁63
1	контракт	контракт	контракт	контракт	контракт	контракт
2	тип	тип	тип	тип	тип	тип
3	доход	доход	доход	доход	доход	▁83
4	обновить	обновить	обновить	обновить	обновить	обновить
5	▔	▁4	▔	▁3	▔	▁72
6	поставщик	поставщик	поставщик	поставщик	поставщик	поставщик
7	провайдер	поставщик	провайдер	поставщик	провайдер	поставщик
8	переход	переход	переход	переход	переход	▁16
9	тип	тип	тип	тип	тип	тип
10	входной	входной	входной	входной	входной	ввод
11	тип	тип	тип	тип	тип	тип
12	тип	тип	тип	тип	тип	тип
13	цель	цель	цель	цель	цель	цель
14	тип	тип	тип	тип	тип	тип
15	тип	тип	тип	тип	тип	тип
16	общедоступный	общедоступный	общедоступный	общедоступный	общедоступный	общедоступный
17	поставщик	поставщик	поставщик	поставщик	поставщик	поставщик
18	ввод	входной	ввод	входной	ввод	ввод
19	тип	тип	тип	тип	тип	тип
20	отложить	отложить	отложить	отложить	отложить	▁67
21	поставщик	поставщик	поставщик	поставщик	поставщик	поставщик
22	правило	правило	правило	правило	правило	▁74
23	поставщик	поставщик	поставщик	поставщик	поставщик	поставщик
24	вход	входной	вход	входной	вход	ввод
25	поиск	поиск	поиск	вывод	поиск	вывод
26	выставление	выставление	выставление	выставление	выставление	▁13
27	взрыв	взрыв	взрыв	взрыв	взрыв	▁41
28	ассоциация	ассоциация	ассоциация	ассоциация	ассоциация	▁10
29	▔	▁0	▔	▁1	▔	▁46
30	▔	тип	▔	тип	▔	тип
31	контрактный	контракт	контрактный	контракт	контрактный	контракт
32	область	область	область	область	область	▁87
33	дополнение	дополнение	дополнение	дополнение	дополнение	дополнение
34	▔	▁2	▔	сопоставление	▔	сопоставление
35	свод	свод	свод	резюме	свод	резюме
36	глобальный валюта	глобальный валюта	глобальный валюта	глобальный валюта	глобальный валюта	▁44
37	пространство	пространство	пространство	пространство	пространство	пространство
38	редактировать	редактировать	редактировать	редактировать	редактировать	редактировать
39	пространство	пространство	пространство	пространство	пространство	пространство
40	программа	программа	программа	расписание	программа	планирование
41	вход	входной	вход	входной	вход	ввод
42	лист служебный запись	лист служебный запись	лист служебный запись	лист ввод услуга	лист служебный запись	▁89
43	поставщик	поставщик	поставщик	поставщик	поставщик	поставщик
44	поставщик	поставщик	поставщик	поставщик	поставщик	поставщик
45	▔	▁4	▔	▁3	▔	▁72
46	входной	входной	входной	входной	входной	ввод
47	тип	тип	тип	тип	тип	тип
48	график	программа	график	расписание	график	планирование
49	поставщик данные	поставщик данные	поставщик данные	поставщик данные	поставщик данные	▁29
50	период хранение	период хранение	период хранение	срок пребывание	период хранение	▁79
51	приостановка	приостановка	приостановка	приостановка	приостановка	▁97
52	тип проект	тип проект	тип проект	тип проект	тип проект	тип проект
53	▔	▁5	▔	мастер	▔	мастер
54	поток	поток	поток	поток	поток	поток
55	сопоставление	▁2	сопоставление	сопоставление	сопоставление	сопоставление
56	срок выполнение	срок выполнение	срок выполнение	срок выполнение	срок выполнение	▁37
57	пометить	пометить	пометить	пометить	пометить	▁98
58	провайдер	поставщик	провайдер	поставщик	провайдер	поставщик
59	сделка	сделка	сделка	сделка	сделка	▁103
60	пользовательский поле	пользовательский поле	пользовательский поле	пользовательский поле	пользовательский поле	пользовательский поле
61	окно	панель	окно	окно	окно	▁63
62	срок пребывание	период хранение	срок пребывание	срок пребывание	срок пребывание	▁79
63	деталь	деталь	деталь	деталь	деталь	деталь
64	диапазон	▁4	диапазон	▁3	диапазон	▁72
65	поставщик	поставщик	поставщик	поставщик	поставщик	поставщик
66	валюта	валюта	валюта	валюта	валюта	▁12
67	копировать	копировать	копировать	копировать	копировать	копирование
68	приросток	приросток	приросток	▁0	приросток	▁3
69	тип	тип	тип	тип	тип	тип
70	использовать	использовать	использовать	использовать	использовать	▁107
71	тип	тип	тип	тип	тип	тип
72	расписание	программа	расписание	расписание	расписание	планирование
73	▔	тип	▔	тип	▔	тип
74	выходной	поиск	выходной	вывод	выходной	вывод
75	входной	входной	входной	входной	входной	ввод
76	тип	тип	тип	тип	тип	тип
77	распределение	распределение	распределение	распределение	распределение	распределение
78	контракт	контракт	контракт	контракт	контракт	контракт
79	редактировать	редактировать	редактировать	редактировать	редактировать	редактировать
80	основать на спрос	основать на спрос	основать на спрос	основать на спрос	основать на спрос	▁31
81	вход	входной	вход	входной	вход	ввод
82	▔	▁1	▔	▁2	▔	▁53
83	пространство	пространство	пространство	пространство	пространство	пространство
84	▔	приросток	▔	▁0	▔	▁3
85	срок пребывание	период хранение	срок пребывание	срок пребывание	срок пребывание	▁79
86	контракт	контракт	контракт	контракт	контракт	контракт
87	устройство	устройство	устройство	производство	устройство	▁9
88	копировать	копировать	копировать	копировать	копировать	копирование
89	расписание	программа	расписание	расписание	расписание	планирование
90	▔	приросток	▔	▁0	▔	▁3
91	поставщик	поставщик	поставщик	поставщик	поставщик	поставщик
92	лист ввод услуга	лист служебный запись	лист ввод услуга	лист ввод услуга	лист ввод услуга	▁89
93	тип	тип	тип	тип	тип	тип
94	изменить	изменить	изменить	изменить	изменить	изменить
95	график	программа	график	расписание	график	планирование
96	отмена	отмена	отмена	отмена	отмена	отмена
97	приостановить	приостановить	приостановить	приостановить	приостановить	▁65
98	контент	контент	контент	контент	контент	контент
99	настройка	настройка	настройка	настройка	настройка	▁90
100	нить	нить	нить	нить	нить	▁100
101	персональный дать	персональный дать	персональный дать	персональный дать	персональный дать	▁1
102	персональный дать	персональный дать	персональный дать	персональный дать	персональный дать	▁66
103	поставщик	поставщик	поставщик	поставщик	поставщик	поставщик
104	тип	тип	тип	тип	тип	тип
105	вложение	вложение	вложение	вложение	вложение	вложение
106	активировать	активировать	активировать	активировать	активировать	активировать
107	поставщик данные	поставщик данные	поставщик данные	поставщик данные	поставщик данные	▁29
108	отчитываться	отчитываться	отчитываться	отчётность	отчитываться	▁77
109	категория	категория	категория	категория	категория	категория
110	▔	тип	▔	тип	▔	тип
111	клиент	клиент	клиент	клиент	клиент	клиент
112	тип	тип	тип	тип	тип	тип
113	изменить	изменить	изменить	изменить	изменить	изменить
114	поставщик	поставщик	поставщик	поставщик	поставщик	поставщик
115	расписание	программа	расписание	расписание	расписание	планирование
116	поставщик	поставщик	поставщик	поставщик	поставщик	поставщик
117	курс	курс	курс	курс	курс	курс
118	мастер	▁5	мастер	мастер	мастер	мастер
119	периодичность	периодичность	периодичность	периодичность	периодичность	▁64
120	тип	тип	тип	тип	тип	тип
121	поставщик	поставщик	поставщик	поставщик	поставщик	поставщик
122	неактивный	неактивный	неактивный	неактивный	неактивный	▁50
123	редактировать	редактировать	редактировать	редактировать	редактировать	редактировать
124	поставщик	поставщик	поставщик	поставщик	поставщик	поставщик
125	планирование	программа	планирование	расписание	планирование	планирование
126	копировать	копировать	копировать	копировать	копировать	копирование
127	▔	редактировать	▔	редактировать	▔	редактировать
128	вкладка	вкладка	вкладка	вкладка	вкладка	вкладка
129	поставщик	поставщик	поставщик	поставщик	поставщик	поставщик
130	тип	тип	тип	тип	тип	тип
131	планировать	программа	планировать	расписание	планировать	планирование
132	область	область	область	область	область	▁87
133	контракт	контракт	контракт	контракт	контракт	контракт
134	срок хранение	срок хранение	срок хранение	срок хранение	срок хранение	период хранение
135	история	история	история	история	история	▁95
136	пространство	пространство	пространство	пространство	пространство	пространство
137	темп	курс	темп	курс	темп	курс
138	вкладка	вкладка	вкладка	вкладка	вкладка	вкладка
139	тип	тип	тип	тип	тип	тип
140	пространство	пространство	пространство	пространство	пространство	пространство
141	перенос	перенос	перенос	перенос	перенос	▁105
142	тип	тип	тип	тип	тип	тип
143	инстанция	инстанция	инстанция	инстанция	инстанция	инстанция
144	открытость	открытость	открытость	открытость	открытость	▁62
145	тип	тип	тип	тип	тип	тип
146	мастер	▁5	мастер	мастер	мастер	мастер
147	способ	тип	способ	тип	способ	тип
148	вкладка	вкладка	вкладка	вкладка	вкладка	вкладка
149	тип	тип	тип	тип	тип	тип
150	планировать	программа	планировать	расписание	планировать	планирование
151	мастер	▁5	мастер	мастер	мастер	мастер
152	запрос	запрос	запрос	запрос	запрос	▁78
153	изменить	изменить	изменить	изменить	изменить	изменить
154	вкладка	вкладка	вкладка	вкладка	вкладка	вкладка
155	перезапуск	перезапуск	перезапуск	перезапуск	перезапуск	перезапуск
156	пауза	приостановить	пауза	приостановить	пауза	▁65
157	связь	связь	связь	связь	связь	связь
158	агрегированный	агрегированный	агрегированный	агрегированный	агрегированный	▁5
159	контракт	контракт	контракт	контракт	контракт	контракт
160	тип	тип	тип	тип	тип	тип
161	элемент	элемент	элемент	элемент	элемент	элемент
162	время проектирование	время проектирование	время проектирование	время проектирование	время проектирование	▁32
163	тип	тип	тип	тип	тип	тип
164	расписание	программа	расписание	расписание	расписание	планирование
165	тип	тип	тип	тип	тип	тип
166	получить	получить	получить	получить	получить	получить
167	обновить	обновить	обновить	обновить	обновить	обновить
168	загрузка	загрузка	загрузка	загрузка	загрузка	▁36
169	проверить	проверить	проверить	проверить	проверить	проверить
170	пространство	пространство	пространство	пространство	пространство	пространство
171	тип	тип	тип	тип	тип	тип
172	приостановить	приостановить	приостановить	приостановить	приостановить	▁65
173	тип начисление	тип начисление	тип начисление	тип начисление	тип начисление	▁104
174	поставщик	поставщик	поставщик	поставщик	поставщик	поставщик
175	мастер	▁5	мастер	мастер	мастер	мастер
176	тип	тип	тип	тип	тип	тип
177	тип	тип	тип	тип	тип	тип
178	поставщик	поставщик	поставщик	поставщик	поставщик	поставщик
179	редактировать	редактировать	редактировать	редактировать	редактировать	редактировать
180	входной	входной	входной	входной	входной	ввод
181	распределение	распределение	распределение	распределение	распределение	распределение
182	подтверждение услуга	подтверждение услуга	подтверждение услуга	подтверждение услуга	подтверждение услуга	▁88
183	запрос	запрос	запрос	запрос	запрос	▁78
184	использовать	использовать	использовать	использовать	использовать	▁107
185	поставщик	поставщик	поставщик	поставщик	поставщик	поставщик
186	редактирование	редактировать	редактирование	редактировать	редактирование	редактировать
187	пространство	пространство	пространство	пространство	пространство	пространство
188	тип	тип	тип	тип	тип	тип
189	получить	получить	получить	получить	получить	получить
190	заказ на покупка	заказ на покупка	заказ на покупка	заказ на покупка	заказ на покупка	▁71
191	заказ на покупка	заказ на покупка	заказ на покупка	заказ на покупка	заказ на покупка	▁2
192	заказ продажа	заказ продажа	заказ продажа	заказ продажа	заказ продажа	▁86
193	тип	тип	тип	тип	тип	тип
194	исключение	исключение	исключение	исключение	исключение	исключение
195	тип	тип	тип	тип	тип	тип
196	категория	категория	категория	категория	категория	категория
197	элемент	элемент	элемент	элемент	элемент	элемент
198	обновить	обновить	обновить	обновить	обновить	обновить
199	тип	тип	тип	тип	тип	тип
200	регламент	правило	регламент	правило	регламент	▁74
201	распределение источник	распределение источник	распределение источник	распределение источник	распределение источник	▁92
202	срок	срок	срок	срок	срок	▁99
203	мастер	▁5	мастер	мастер	мастер	мастер
204	поставщик	поставщик	поставщик	поставщик	поставщик	поставщик
205	вкладка	вкладка	вкладка	вкладка	вкладка	вкладка
206	вкладка	вкладка	вкладка	вкладка	вкладка	вкладка
207	тип	тип	тип	тип	тип	тип
208	тип	тип	тип	тип	тип	тип
209	срок хранение	срок хранение	срок хранение	срок хранение	срок хранение	период хранение
210	тип транзакция	тип начисление	тип транзакция	тип начисление	тип транзакция	▁104
211	тип	тип	тип	тип	тип	тип
212	подтверждение услуга	подтверждение услуга	подтверждение услуга	подтверждение услуга	подтверждение услуга	▁88
213	расчёт процент	расчёт процент	расчёт процент	расчёт процент	расчёт процент	▁52
214	элемент	элемент	элемент	элемент	элемент	▁21
215	редактировать	редактировать	редактировать	редактировать	редактировать	редактировать
216	редактирование	редактировать	редактирование	редактировать	редактирование	редактировать
217	заказ на покупка	заказ на покупка	заказ на покупка	заказ на покупка	заказ на покупка	▁71
218	заказ на покупка	заказ на покупка	заказ на покупка	заказ на покупка	заказ на покупка	▁2
219	слияние	слияние	слияние	слияние	слияние	▁58
220	рабочий пакет	рабочий пакет	рабочий пакет	рабочий пакет	рабочий пакет	рабочий пакет
221	тип	тип	тип	тип	тип	тип
222	график	программа	график	расписание	график	планирование
223	приостановить	приостановить	приостановить	приостановить	приостановить	▁65
224	ассоциация	ассоциация	ассоциация	ассоциация	ассоциация	▁10
225	тип	тип	тип	тип	тип	тип
226	обновить	обновить	обновить	обновить	обновить	обновить
227	операция	операция	операция	действие	операция	операция
228	тип	тип	тип	тип	тип	тип
229	список использовать	список использовать	список использовать	список использовать	список использовать	▁110
230	запись	запись	запись	запись	запись	запись
231	восстановление	восстановление	восстановление	восстановление	восстановление	▁76
232	контракт	контракт	контракт	контракт	контракт	контракт
233	система охрана окружающий среда , здоровье и безопасность	система охрана окружающий среда , здоровье и безопасность	система охрана окружающий среда , здоровье и безопасность	система охрана окружающий среда , здоровье и безопасность	система охрана окружающий среда , здоровье и безопасность	▁0
234	тип	тип	тип	тип	тип	тип
235	запрос	запрос	запрос	запрос	запрос	▁78
236	агент	агент	агент	агент	агент	агент
237	запрос	запрос	запрос	запрос	запрос	▁78
238	выполнить	выполнить	выполнить	выполнить	выполнить	выполнить
239	подтверждение услуга	подтверждение услуга	подтверждение услуга	подтверждение услуга	подтверждение услуга	▁88
240	поставщик	поставщик	поставщик	поставщик	поставщик	поставщик
241	характеристика	характеристика	характеристика	характеристика	характеристика	характеристика
242	срок хранение	срок хранение	срок хранение	срок хранение	срок хранение	период хранение
243	перевозчик	перевозчик	перевозчик	перевозчик	перевозчик	перевозчик
244	подтверждение услуга	подтверждение услуга	подтверждение услуга	подтверждение услуга	подтверждение услуга	▁88
245	использовать	использовать	использовать	использовать	использовать	▁107
246	тип транспорт	тип транспорт	тип транспорт	тип транспорт	тип транспорт	▁106
247	тип	тип	тип	тип	тип	тип
248	контракт	контракт	контракт	контракт	контракт	контракт
249	заказ продажа	заказ продажа	заказ продажа	заказ продажа	заказ продажа	▁86
250	выпуск	выпуск	выпуск	выпуск	выпуск	▁75
251	клеринговый центр	клеринговый центр	клеринговый центр	клеринговый центр	клеринговый центр	▁20
252	центр	клеринговый центр	центр	клеринговый центр	центр	▁20
253	сводка	свод	сводка	резюме	сводка	резюме
254	изменить	изменить	изменить	изменить	изменить	изменить
255	открытый	открытость	открытый	открытость	открытый	▁62
256	отслеживать	отслеживать	отслеживать	отслеживать	отслеживать	▁59
257	тип	тип	тип	тип	тип	тип
258	тип событие	тип событие	тип событие	тип событие	тип событие	▁39
259	установить	настройка	установить	настройка	установить	▁90
260	тип	тип	тип	тип	тип	тип
261	редактировать	редактировать	редактировать	редактировать	редактировать	редактировать
262	расписание	программа	расписание	расписание	расписание	планирование
263	редактировать	редактировать	редактировать	редактировать	редактировать	редактировать
264	тип	тип	тип	тип	тип	тип
265	тип	тип	тип	тип	тип	тип
266	отчётность	отчитываться	отчётность	отчётность	отчётность	▁77
267	редактировать	редактировать	редактировать	редактировать	редактировать	редактировать
268	тип	тип	тип	тип	тип	тип
269	срок	срок	срок	срок	срок	▁99
270	тип	тип	тип	тип	тип	тип
271	контракт	контракт	контракт	контракт	контракт	контракт
272	тип	тип	тип	тип	тип	тип
273	активировать	активировать	активировать	активировать	активировать	активировать
274	редактирование	редактировать	редактирование	редактировать	редактирование	редактировать
275	пробел	пробел	пробел	пробел	пробел	▁43
276	модель потребление	модель потребление	модель потребление	модель потребление	модель потребление	▁26
277	расписание	программа	расписание	расписание	расписание	планирование
278	проверить	проверить	проверить	проверить	проверить	проверить
279	обновить	обновить	обновить	обновить	обновить	обновить
280	тип	тип	тип	тип	тип	тип
281	контроллер	контроллер	контроллер	контроллер	контроллер	▁28
282	место хранение	место хранение	место хранение	место хранение	место хранение	место хранение
283	согласие	согласие	согласие	согласие	согласие	согласие
284	использовать	использовать	использовать	использовать	использовать	▁107
285	количество	количество	количество	количество	количество	▁7
286	поставщик	поставщик	поставщик	поставщик	поставщик	поставщик
287	применять	применять	применять	применить	применять	применять
288	отменить	отмена	отменить	отмена	отменить	отмена
289	тип	тип	тип	тип	тип	тип
290	получить	получить	получить	получить	получить	получить
291	лот	лот	лот	лот	лот	▁55
292	проверка	проверить	проверка	проверить	проверка	проверить
293	тип	тип	тип	тип	тип	тип
294	выполнять	выполнить	выполнять	выполнить	выполнять	выполнить
295	изменить	редактировать	изменить	редактировать	изменить	редактировать
296	изменить	изменить	изменить	изменить	изменить	изменить
297	запись журнал	запись журнал	запись журнал	запись журнал	запись журнал	запись журнал
298	провайдер	поставщик	провайдер	поставщик	провайдер	поставщик
299	запись	запись	запись	запись	запись	счёт
300	следующий	следующий	следующий	следующий	следующий	▁42
301	тип	тип	тип	тип	тип	тип
302	следующий	следующий	следующий	следующий	следующий	▁42
303	время хранение	время хранение	время хранение	время хранение	время хранение	▁82
304	окно	вкладка	окно	вкладка	окно	вкладка
305	изменить	изменить	изменить	изменить	изменить	изменить
306	тип	тип	тип	тип	тип	тип
307	закрыть	закрыть	закрыть	закрыть	закрыть	закрыть
308	удерживать налог	удерживать налог	удерживать налог	удержание налог	удерживать налог	▁111
309	лимитный	лимитный	лимитный	лимитный	лимитный	▁54
310	проверка	проверка	проверка	проверка	проверка	проверка
311	данные	поиск	данные	вывод	данные	вывод
312	индикатор блокировка	индикатор блокировка	индикатор блокировка	индикатор блокировка	индикатор блокировка	индикатор блокировка
313	планирование	программа	планирование	расписание	планирование	планирование
314	прогнозный график поставка	прогнозный график поставка	прогнозный график поставка	график поставка	прогнозный график поставка	▁94
315	окно	вкладка	окно	вкладка	окно	вкладка
316	сопоставление	▁2	сопоставление	сопоставление	сопоставление	сопоставление
317	редактировать	редактировать	редактировать	редактировать	редактировать	редактировать
318	форма	форма	форма	форма	форма	форма
319	использовать	использовать	использовать	использовать	использовать	▁107
320	график	программа	график	расписание	график	планирование
321	в разработка	в разработка	в разработка	в разработка	в разработка	▁48
322	тип	тип	тип	тип	тип	тип
323	сопоставление	сопоставление	сопоставление	сопоставление	сопоставление	▁57
324	расписание	программа	расписание	расписание	расписание	планирование
325	тип	тип	тип	тип	тип	тип
326	копирование	копировать	копирование	копировать	копирование	копирование
327	тип	тип	тип	тип	тип	тип
328	резюме	свод	резюме	резюме	резюме	резюме
329	предоставить подтверждение услуга	подтверждение услуга	предоставить подтверждение услуга	подтверждение услуга	предоставить подтверждение услуга	▁88
330	уровень проводок	уровень проводок	уровень проводок	уровень проводок	уровень проводок	уровень проводок
331	данные	входной	данные	входной	данные	ввод
332	▔	выставление	▔	выставление	▔	▁13
333	▔	▁0	▔	▁1	▔	▁46
334	тип	тип	тип	тип	тип	тип
335	экологический предел	экологический предел	экологический предел	экологический предел	экологический предел	▁38
336	пересмотр	пересмотр	пересмотр	пересмотр	пересмотр	▁80
337	перезапустить	перезапуск	перезапустить	перезапуск	перезапустить	перезапуск
338	личный информация	личный информация	личный информация	личный информация	личный информация	личный информация
339	период хранение	срок хранение	период хранение	срок хранение	период хранение	период хранение
340	тип	тип	тип	тип	тип	тип
341	операция	сделка	операция	сделка	операция	▁103
342	тип	тип	тип	тип	тип	тип
343	копирование данные	копирование данные	копирование данные	копирование данные	копирование данные	▁30
344	оплата	оплата	оплата	оплата	оплата	оплата
345	оповещение	оповещение	оповещение	оповещение	оповещение	▁6
346	▔	тип	▔	тип	▔	тип
347	тип	тип	тип	тип	тип	тип
348	истечение	истечение	истечение	истечение	истечение	▁40
349	договор	контракт	договор	контракт	договор	контракт
350	дата начало действие	дата начало действие	дата начало действие	дата начало действие	дата начало действие	▁109
351	редактировать	редактировать	редактировать	редактировать	редактировать	редактировать
352	контракт	контракт	контракт	контракт	контракт	контракт
353	▔	тип	▔	тип	▔	тип
354	категория использование	категория использование	категория использование	категория использование	категория использование	категория использование
355	мероприятие	мероприятие	мероприятие	действие	мероприятие	действие
356	идентификатор поставщик	идентификатор поставщик	идентификатор поставщик	идентификатор поставщик	идентификатор поставщик	идентификатор поставщик
357	тип	тип	тип	тип	тип	тип
358	тип	тип	тип	тип	тип	тип
359	подтверждение услуга	подтверждение услуга	подтверждение услуга	подтверждение услуга	подтверждение услуга	▁88
360	распределение	распределение	распределение	распределение	распределение	распределение
361	распределительный	распределение	распределительный	распределение	распределительный	распределение
362	получить	получить	получить	получить	получить	получить
363	действие	операция	действие	действие	действие	операция
364	входной	входной	входной	входной	входной	ввод
365	копировать	копировать	копировать	копировать	копировать	копирование
366	тип	тип	тип	тип	тип	тип
367	личный информация	личный информация	личный информация	личный информация	личный информация	личный информация
368	претензия	претензия	претензия	претензия	претензия	▁17
369	договор	контракт	договор	контракт	договор	контракт
370	редактировать	редактировать	редактировать	редактировать	редактировать	редактировать
371	поставщик	поставщик	поставщик	поставщик	поставщик	поставщик
372	получать	получать	получать	получать	получать	▁45
373	▔	▁3	▔	обрабатывать	▔	▁69
374	контролёр	контроллер	контролёр	контроллер	контролёр	▁28
375	действие	мероприятие	действие	действие	действие	действие
376	цель	цель	цель	цель	цель	цель
377	изменить	изменить	изменить	изменить	изменить	изменить
378	удержание налог	удерживать налог	удержание налог	удержание налог	удержание налог	▁111
379	назначение	назначение	назначение	назначение	назначение	назначение
380	услуга	услуга	услуга	услуга	услуга	услуга
381	пространство	пространство	пространство	пространство	пространство	пространство
382	действие	операция	действие	действие	действие	операция
383	прикреплять	прикреплять	прикреплять	прикреплять	прикреплять	▁11
384	оплата	оплата	оплата	оплата	оплата	оплата
385	вывод	поиск	вывод	вывод	вывод	вывод
386	мероприятие	мероприятие	мероприятие	мероприятие	мероприятие	▁4
387	вводный	входной	вводный	входной	вводный	ввод
388	ввести	входной	ввести	входной	ввести	ввод
389	использовать	использовать	использовать	использовать	использовать	▁107
390	изменить	изменить	изменить	изменить	изменить	изменить
391	тип	тип	тип	тип	тип	тип
392	тип	тип	тип	тип	тип	тип
393	изменить	изменить	изменить	изменить	изменить	изменить
394	транспорт	транспорт	транспорт	транспорт	транспорт	транспорт
395	перевозчик	перевозчик	перевозчик	перевозчик	перевозчик	перевозчик
396	подключение	подключение	подключение	подключение	подключение	подключение
397	обрабатывать	▁3	обрабатывать	обрабатывать	обрабатывать	▁69
398	активировать	активировать	активировать	активировать	активировать	активировать
399	предоставлять	поставщик	предоставлять	поставщик	предоставлять	поставщик
400	общий	общий	общий	общий	общий	▁102
401	контроллер	контроллер	контроллер	контроллер	контроллер	▁28
402	клавиша подтверждение	клавиша подтверждение	клавиша подтверждение	клавиша подтверждение	клавиша подтверждение	▁24
403	согласовывать	согласовывать	согласовывать	согласовывать	согласовывать	▁73
404	тип	тип	тип	тип	тип	тип
405	поставщик	поставщик	поставщик	поставщик	поставщик	поставщик
406	тип	тип	тип	тип	тип	тип
407	потребление	потребление	потребление	потребление	потребление	▁25
408	категория	категория	категория	категория	категория	категория
409	пауза	приостановить	пауза	приостановить	пауза	▁65
410	тип	тип	тип	тип	тип	тип
411	транспортный	транспорт	транспортный	транспорт	транспортный	транспорт
412	вкладка	вкладка	вкладка	вкладка	вкладка	вкладка
413	тип	тип	тип	тип	тип	тип
414	рабочий процесс	рабочий процесс	рабочий процесс	рабочий процесс	рабочий процесс	рабочий процесс
415	коллекторский агентство	коллекторский агентство	коллекторский агентство	коллекторский агентство	коллекторский агентство	коллекторский агентство
416	тип	тип	тип	тип	тип	тип
417	тип	тип	тип	тип	тип	тип
418	клиент	клиент	клиент	клиент	клиент	клиент
419	категория	категория	категория	категория	категория	категория
420	редактировать	редактировать	редактировать	редактировать	редактировать	редактировать
421	характеристика	характеристика	характеристика	характеристика	характеристика	характеристика
422	выпуск	выпуск	выпуск	выпуск	выпуск	▁75
423	диаграмма аналитик	диаграмма аналитик	диаграмма аналитик	диаграмма аналитик	диаграмма аналитик	▁8
424	поставщик	поставщик	поставщик	поставщик	поставщик	поставщик
425	присвоить	присвоить	присвоить	присвоить	присвоить	присвоить
426	категория выполнение	категория выполнение	категория выполнение	категория выполнение	категория выполнение	▁85
427	выход	выход	выход	выход	выход	выход
428	поставщик данные	поставщик данные	поставщик данные	поставщик данные	поставщик данные	▁29
429	счёт	запись	счёт	запись	счёт	счёт
430	проверить	проверить	проверить	проверить	проверить	проверить
431	тип	тип	тип	тип	тип	тип
432	сохранить	сохранить	сохранить	сохранить	сохранить	▁56
433	структура местоположение	структура местоположение	структура местоположение	структура местоположение	структура местоположение	структура местоположение
434	соблюдение	соблюдение	соблюдение	соблюдение	соблюдение	▁23
435	тема	тема	тема	тема	тема	▁101
436	компенсация	компенсация	компенсация	компенсация	компенсация	▁22
437	процедура ценообразование	процедура ценообразование	процедура ценообразование	процедура ценообразование	процедура ценообразование	▁68
438	производство	устройство	производство	производство	производство	▁9
439	страница	вкладка	страница	вкладка	страница	вкладка
440	редактировать	редактировать	редактировать	редактировать	редактировать	редактировать
441	периодичность	периодичность	периодичность	периодичность	периодичность	▁64
442	тип	тип	тип	тип	тип	тип
443	сделка	сделка	сделка	сделка	сделка	▁103
444	остановить	остановить	остановить	остановить	остановить	▁93
445	окно	вкладка	окно	вкладка	окно	вкладка
446	активировать	активировать	активировать	активировать	активировать	активировать
447	контракт	контракт	контракт	контракт	контракт	контракт
448	редактировать	редактировать	редактировать	редактировать	редактировать	редактировать
449	мастер	▁5	мастер	мастер	мастер	мастер
450	категория объект	категория объект	категория объект	категория объект	категория объект	▁61
451	отменить	отменить	отменить	отменить	отменить	отменить
452	ограниченный	ограниченный	ограниченный	ограниченный	ограниченный	▁81
453	актив	актив	актив	актив	актив	актив
454	инспекция	инспекция	инспекция	инспекция	инспекция	▁51
455	использовать	использовать	использовать	использовать	использовать	▁107
456	отчётность	отчитываться	отчётность	отчётность	отчётность	▁77
457	тип классификация	тип классификация	тип классификация	тип классификация	тип классификация	▁19
458	на рассмотрение	на рассмотрение	на рассмотрение	на рассмотрение	на рассмотрение	▁49
459	поставщик	поставщик	поставщик	поставщик	поставщик	поставщик
460	тип	тип	тип	тип	тип	тип
461	окно	вкладка	окно	вкладка	окно	вкладка
462	событие	остановить	событие	остановить	событие	▁93
463	обновление	обновить	обновление	обновить	обновление	обновить
464	порядок	порядок	порядок	порядок	порядок	порядок
465	расписание	программа	расписание	расписание	расписание	планирование
466	вкладка	вкладка	вкладка	вкладка	вкладка	вкладка
467	распределение	распределение	распределение	распределение	распределение	▁34
468	регистрироваться	запись	регистрироваться	запись	регистрироваться	запись
469	ресурс	ресурс	ресурс	ресурс	ресурс	ресурс
470	группировка	группировка	группировка	группировка	группировка	▁47
471	документ выставление	документ выставление	документ выставление	документ выставление	документ выставление	▁15
472	счёт уточнение	счёт уточнение	счёт уточнение	счёт уточнение	счёт уточнение	▁18
473	отредактировать	редактировать	отредактировать	редактировать	отредактировать	редактировать
474	использовать	использовать	использовать	использовать	использовать	▁107
475	тип	тип	тип	тип	тип	тип
476	транспорт	транспорт	транспорт	транспорт	транспорт	транспорт
477	поставщик	поставщик	поставщик	поставщик	поставщик	поставщик
478	тип	тип	тип	тип	тип	тип
479	распределение доход	распределение доход	распределение доход	распределение доход	распределение доход	▁84
480	триггер	триггер	триггер	триггер	триггер	триггер
481	тип	тип	тип	тип	тип	тип
482	добавочный номер	добавочный номер	добавочный номер	добавочный номер	добавочный номер	добавочный номер
483	тип	тип	тип	тип	тип	тип
484	общедоступный	общедоступный	общедоступный	общедоступный	общедоступный	общедоступный
485	приостановить	приостановить	приостановить	приостановить	приостановить	▁65
486	контракт	контракт	контракт	контракт	контракт	контракт
487	получить	получить	получить	получить	получить	получить
488	контракт	контракт	контракт	контракт	контракт	контракт
489	применить	применять	применить	применить	применить	применять
490	тип процесс	тип процесс	тип процесс	тип процесс	тип процесс	▁70
491	содержимое	контент	содержимое	контент	содержимое	контент
492	тип	тип	тип	тип	тип	тип
493	редактировать	редактировать	редактировать	редактировать	редактировать	редактировать
494	график поставка	прогнозный график поставка	график поставка	график поставка	график поставка	▁94
495	планировать	программа	планировать	расписание	планировать	планирование
496	использование	использование	использование	использование	использование	▁108
497	изменить	изменить	изменить	изменить	изменить	изменить
498	▔	тип	▔	тип	▔	тип
499	поставщик	поставщик	поставщик	поставщик	поставщик	поставщик
500	вывод	поиск	вывод	вывод	вывод	вывод
501	тип	тип	тип	тип	тип	тип
502	выключить	выключить	выключить	выключить	выключить	▁33
503	исо-цифровой	исо-цифровой	исо-цифровой	исо-цифровой	исо-цифровой	▁60
504	тип документ	тип документ	тип документ	тип документ	тип документ	▁35
505	получить	получить	получить	получить	получить	получить
506	категория	категория	категория	категория	категория	категория
507	обновить	обновить	обновить	обновить	обновить	обновить
508	резюме	свод	резюме	резюме	резюме	резюме
509	дать платёж	дать платёж	дать платёж	дать платёж	дать платёж	▁14
510	присвоение единый счёт	присвоение единый счёт	присвоение единый счёт	присвоение единый счёт	присвоение единый счёт	▁91
511	отменить	отменить	отменить	отменить	отменить	отменить
512	контроль	контроль	контроль	контроль	контроль	▁27
513	подтип	подтип	подтип	подтип	подтип	▁96
