	tgt	pseudoref_first	tgt	pseudoref_frequent	tgt	pseudoref_predefined
0	raum	raum	raum	raum	raum	space
1	speicherressourcen	speicherressourcen	speicherressourcen	speicherressourcen	speicherressourcen	▁120
2	teilen	teilen	teilen	teilen	teilen	teilen
3	einschränkung	einschränkung	einschränkung	einschränkung	einschränkung	einschränkung
4	erstellen	erstellen	erstellen	erstellen	erstellen	erstellen
5	zuständigkeitsbereich	zuständigkeitsbereich	zuständigkeitsbereich	zuständigkeitsbereich	zuständigkeitsbereich	zuständigkeitsbereich
6	trigger	trigger	trigger	auslöser	trigger	auslöser
7	konnektorinstanzen	konnektorinstanzen	konnektorinstanzen	anschluss	konnektorinstanzen	▁32
8	debitor	debitor	debitor	debitor	debitor	debitor
9	lieferant	lieferant	lieferant	lieferant	lieferant	▁125
10	nachfrageoriertieren	nachfrageoriertieren	nachfrageoriertieren	nachfrageoriertieren	nachfrageoriertieren	▁37
11	erstellen	erstellen	erstellen	erstellen	erstellen	erstellen
12	bedienfeld	bedienfeld	bedienfeld	bedienfeld	bedienfeld	▁114
13	hauptindikator	hauptindikator	hauptindikator	belenngsindikatoren	hauptindikator	▁60
14	abfrage	abfrage	abfrage	abfrage	abfrage	abfrage
15	anbieter	anbieter	anbieter	anbieter	anbieter	anbieter
16	raum	raum	raum	raum	raum	space
17	unternehmensübergreifenden	unternehmensübergreifenden	unternehmensübergreifenden	intercompanyen	unternehmensübergreifenden	▁63
18	versionsverlaufen	versionsverlaufen	versionsverlaufen	historie	versionsverlaufen	▁56
19	version	version	version	veröffentlichung	version	freigabe
20	datenanbieter	datenanbieter	datenanbieter	datenanbieter	datenanbieter	datenprovider
21	datenzugriffssteuern	datenzugriffssteuern	datenzugriffssteuern	datenzugriffssteuern	datenzugriffssteuern	▁8
22	datenprovider	datenanbieter	datenprovider	datenanbieter	datenprovider	datenprovider
23	abgleichschwellen	abgleichschwellen	abgleichschwellen	abgleichschwellen	abgleichschwellen	abschnitt
24	anbieter	anbieter	anbieter	anbieter	anbieter	anbieter
25	anbieter	anbieter	anbieter	anbieter	anbieter	anbieter
26	veröffentlichung	version	veröffentlichung	veröffentlichung	veröffentlichung	freigabe
27	zuordnen	zuordnen	zuordnen	zuordnen	zuordnen	zuweisen
28	speicherplatz	speicherressourcen	speicherplatz	speicherressourcen	speicherplatz	▁120
29	speicherplatz	raum	speicherplatz	raum	speicherplatz	space
30	periode	periode	periode	periode	periode	▁86
31	datenanbieterprofil	datenanbieter	datenanbieterprofil	datenanbieter	datenanbieterprofil	datenprovider
32	erstellen	erstellen	erstellen	erstellen	erstellen	erstellen
33	datendienstleister	datenanbieter	datendienstleister	datenanbieter	datendienstleister	datenprovider
34	raum	raum	raum	raum	raum	space
35	datenanbieter	datenanbieter	datenanbieter	datenanbieter	datenanbieter	datenprovider
36	verbrauchsmodell	verbrauchsmodell	verbrauchsmodell	verbrauchsmodell	verbrauchsmodell	verbrauchsmodell
37	bezugsmengen	bezugsmengen	bezugsmengen	bezugsmengen	bezugsmengen	▁96
38	zeitperiode	periode	zeitperiode	periode	zeitperiode	▁86
39	stammpfad	stammpfad	stammpfad	stammpfad	stammpfad	▁105
40	klauselart	klauselart	klauselart	art	klauselart	typ
41	annahme	annahme	annahme	annahme	annahme	▁7
42	raum	raum	raum	raum	raum	space
43	überarbeitung	überarbeitung	überarbeitung	revision	überarbeitung	▁104
44	datenprovidern	datenanbieter	datenprovidern	datenanbieter	datenprovidern	datenprovider
45	startdatum	startdatum	startdatum	startdatum	startdatum	▁118
46	preisdatum	preisdatum	preisdatum	preisdatum	preisdatum	▁88
47	eigenschaft	eigenschaft	eigenschaft	ebene	eigenschaft	▁66
48	erstellen	erstellen	erstellen	erstellen	erstellen	erstellen
49	raum	raum	raum	raum	raum	space
50	skalentyp	klauselart	skalentyp	art	skalentyp	typ
51	zeitplan	zeitplan	zeitplan	zeitplan	zeitplan	zeitplan
52	zusammenfassung	zusammenfassung	zusammenfassung	rechnungszusammenfassun	zusammenfassung	▁124
53	raum	raum	raum	raum	raum	space
54	berichtszeitraum	berichtszeitraum	berichtszeitraum	bericht	berichtszeitraum	bericht
55	verbrauchsmodell	verbrauchsmodell	verbrauchsmodell	verbrauchsmodell	verbrauchsmodell	verbrauchsmodell
56	auslöser	trigger	auslöser	auslöser	auslöser	auslöser
57	auftrag	auftrag	auftrag	auftrag	auftrag	auftrag
58	client	client	client	client	client	client
59	zeitintervall	zeitintervall	zeitintervall	zeitintervall	zeitintervall	▁64
60	speicherplatz	raum	speicherplatz	raum	speicherplatz	space
61	erstellen	erstellen	erstellen	erstellen	erstellen	erstellen
62	aufgabenprotokoll	aufgabenprotokoll	aufgabenprotokoll	aufgabenprotokoll	aufgabenprotokoll	aufgabenprotokoll
63	anbieter	anbieter	anbieter	anbieter	anbieter	anbieter
64	konnektor	konnektorinstanzen	konnektor	anschluss	konnektor	▁32
65	veröffentlichung	version	veröffentlichung	veröffentlichung	veröffentlichung	freigabe
66	qualifikation	qualifikation	qualifikation	fertigkeit	qualifikation	qualifikation
67	anbieter	anbieter	anbieter	anbieter	anbieter	anbieter
68	datenanbieterprofil	datenanbieter	datenanbieterprofil	datenanbieter	datenanbieterprofil	datenprovider
69	menü	menü	menü	menü	menü	menü
70	speicherweisingen	speicherweisingen	speicherweisingen	speicherweisingen	speicherweisingen	▁10
71	datenanbieter	datenanbieter	datenanbieter	datenanbieter	datenanbieter	datenprovider
72	veröffentlichung	version	veröffentlichung	veröffentlichung	veröffentlichung	freigabe
73	nachricht	nachricht	nachricht	nachricht	nachricht	nachricht
74	speicher	raum	speicher	raum	speicher	space
75	endbenutzer	endbenutzer	endbenutzer	endbenutzer	endbenutzer	endbenutzer
76	datenanbieter	datenanbieter	datenanbieter	datenanbieter	datenanbieter	datenprovider
77	datenanbieters	datenanbieter	datenanbieters	datenanbieter	datenanbieters	datenprovider
78	erstellen	erstellen	erstellen	erstellen	erstellen	erstellen
79	erstellen	erstellen	erstellen	erstellen	erstellen	erstellen
80	raumpriorität	raum	raumpriorität	raum	raumpriorität	space
81	klickpfad	klickpfad	klickpfad	klickpfad	klickpfad	klickpfad
82	anbieter	anbieter	anbieter	anbieter	anbieter	anbieter
83	ereignis	ereignis	ereignis	ereignis	ereignis	▁58
84	geschäftsnamen	geschäftsnamen	geschäftsnamen	geschäftsnamen	geschäftsnamen	▁22
85	arbeitscenter	arbeitscenter	arbeitscenter	arbeitscenter	arbeitscenter	▁135
86	aufenthaltszeitraumen	aufenthaltszeitraumen	aufenthaltszeitraumen	aufenthaltszeitraumen	aufenthaltszeitraumen	▁102
87	auslöser	trigger	auslöser	auslöser	auslöser	auslöser
88	identifikatorwerten	identifikatorwerten	identifikatorwerten	identifikatorwerten	identifikatorwerten	▁57
89	identifikatorwerten	identifikatorwerten	identifikatorwerten	identifikatorwerten	identifikatorwerten	▁2
90	▔ertrat<sos>	startdatum	▔ertrat<sos>	startdatum	▔ertrat<sos>	▁118
91	schlüsselzuordnungen	schlüsselzuordnungen	schlüsselzuordnungen	schlüsselzuordnungen	schlüsselzuordnungen	schlüsselzuordnungen
92	datenauswahl	datenauswahl	datenauswahl	datenauswahl	datenauswahl	datenauswahl
93	element	element	element	element	element	element
94	mindestpunktzahl	mindestpunktzahl	mindestpunktzahl	mindestpunktzahl	mindestpunktzahl	▁73
95	bedienfeld	bedienfeld	bedienfeld	bedienfeld	bedienfeld	▁114
96	space	raum	space	raum	space	space
97	raumdaten	raum	raumdaten	raum	raumdaten	space
98	zulassen	zulassen	zulassen	zulassen	zulassen	▁11
99	mindestpunktzahl	mindestpunktzahl	mindestpunktzahl	mindestpunktzahl	mindestpunktzahl	▁73
100	aktion	aktion	aktion	aktion	aktion	aktion
101	aktion	aktion	aktion	aktion	aktion	aktion
102	bedingung	bedingung	bedingung	bedingung	bedingung	bedingung
103	compliance	compliance	compliance	compliance	compliance	compliance
104	datenanbieter	datenanbieter	datenanbieter	datenanbieter	datenanbieter	datenprovider
105	veröffentlichung	version	veröffentlichung	veröffentlichung	veröffentlichung	freigabe
106	erstellen	erstellen	erstellen	erstellen	erstellen	erstellen
107	berechtigungsarten	klauselart	berechtigungsarten	art	berechtigungsarten	typ
108	▔ertrat<sos>	konnektorinstanzen	▔ertrat<sos>	anschluss	▔ertrat<sos>	▁32
109	speicherort	raum	speicherort	raum	speicherort	space
110	zeitplan	zeitplan	zeitplan	zeitplan	zeitplan	zeitplan
111	änderung	änderung	änderung	änderung	änderung	änderung
112	ergebniskategorie	ergebniskategorie	ergebniskategorie	ergebniskategorie	ergebniskategorie	▁25
113	dienst	dienst	dienst	dienst	dienst	dienst
114	datenanbieter	datenanbieter	datenanbieter	datenanbieter	datenanbieter	datenprovider
115	zuwiesen	zuordnen	zuwiesen	zuordnen	zuwiesen	zuweisen
116	speicher	raum	speicher	raum	speicher	space
117	aussicht	aussicht	aussicht	aussicht	aussicht	▁62
118	erstellen	erstellen	erstellen	erstellen	erstellen	erstellen
119	raum	raum	raum	raum	raum	space
120	speicherressourcen	speicherressourcen	speicherressourcen	speicherressourcen	speicherressourcen	▁120
121	teilen	teilen	teilen	teilen	teilen	teilen
122	veröffentlichung	version	veröffentlichung	veröffentlichung	veröffentlichung	freigabe
123	datenzugriffssteuern	datenzugriffssteuern	datenzugriffssteuern	datenzugriffssteuern	datenzugriffssteuern	▁8
124	datenbeschränkung	datenbeschränkung	datenbeschränkung	einschränkung	datenbeschränkung	einschränkung
125	snapshot	snapshot	snapshot	snapshot	snapshot	snapshot
126	schnittstelle	schnittstelle	schnittstelle	schnittstelle	schnittstelle	schnittstelle
127	nachricht	nachricht	nachricht	nachricht	nachricht	nachricht
128	bereitstellung	bereitstellung	bereitstellung	bereitstellung	bereitstellung	▁38
129	datenanbieterprofil	datenanbieter	datenanbieterprofil	datenanbieter	datenanbieterprofil	datenprovider
130	referenzdaten	referenzdaten	referenzdaten	referenzdaten	referenzdaten	▁94
131	neuimplementierungen	bereitstellung	neuimplementierungen	bereitstellung	neuimplementierungen	▁38
132	veröffentlichung	version	veröffentlichung	veröffentlichung	veröffentlichung	freigabe
133	datenanbieter	datenanbieter	datenanbieter	datenanbieter	datenanbieter	datenprovider
134	bereitstellung	bereitstellung	bereitstellung	bereitstellung	bereitstellung	▁38
135	aktualisieren	aktualisieren	aktualisieren	aktualisieren	aktualisieren	aktualisieren
136	fertigkeit	qualifikation	fertigkeit	fertigkeit	fertigkeit	qualifikation
137	rückmeldung	rückmeldung	rückmeldung	rückmeldung	rückmeldung	▁47
138	datenanbieter	datenanbieter	datenanbieter	datenanbieter	datenanbieter	datenprovider
139	einfügerecht	einfügerecht	einfügerecht	einfügerecht	einfügerecht	▁61
140	▔ertrat<sos>	▔ertrat<sos>	▔ertrat<sos>	spaltentabellen	▔ertrat<sos>	▁4
141	geschäftsanalysen	aussicht	geschäftsanalysen	aussicht	geschäftsanalysen	▁62
142	bereitstellungsen	bereitstellung	bereitstellungsen	bereitstellung	bereitstellungsen	▁38
143	raum	raum	raum	raum	raum	space
144	versönlichen datum	versönlichen datum	versönlichen datum	personenbezogen datum	versönlichen datum	personenbezogen datum
145	arbeitscenter	arbeitscenter	arbeitscenter	arbeitscenter	arbeitscenter	▁135
146	erstellen	erstellen	erstellen	erstellen	erstellen	erstellen
147	veröffentlichung	version	veröffentlichung	veröffentlichung	veröffentlichung	freigabe
148	raum	raum	raum	raum	raum	space
149	unternehmenseinheiten	unternehmenseinheiten	unternehmenseinheiten	unternehmenseinheiten	unternehmenseinheiten	▁21
150	verbrauchsmodell	verbrauchsmodell	verbrauchsmodell	verbrauchsmodell	verbrauchsmodell	verbrauchsmodell
151	problem	problem	problem	problem	problem	problem
152	verbrauchsmodell	verbrauchsmodell	verbrauchsmodell	verbrauchsmodell	verbrauchsmodell	verbrauchsmodell
153	startdatum	startdatum	startdatum	startdatum	startdatum	▁118
154	trigger	trigger	trigger	trigger	trigger	▁75
155	bereitstellen	bereitstellung	bereitstellen	bereitstellung	bereitstellen	▁38
156	job	job	job	job	job	job
157	raum	raum	raum	raum	raum	space
158	weltraumdaten	raum	weltraumdaten	raum	weltraumdaten	space
159	verfügbaren kapazität	verfügbaren kapazität	verfügbaren kapazität	verfügbaren kapazität	verfügbaren kapazität	▁18
160	vertrag	vertrag	vertrag	vertrag	vertrag	vertrag
161	verlängerungsen	verlängerungsen	verlängerungsen	verlängerungsen	verlängerungsen	▁98
162	datenanbieter	datenanbieter	datenanbieter	datenanbieter	datenanbieter	datenprovider
163	space	raum	space	raum	space	space
164	speicherplatz	raum	speicherplatz	raum	speicherplatz	space
165	herstellen	erstellen	herstellen	erstellen	herstellen	erstellen
166	datenbeschränken	datenbeschränkung	datenbeschränken	einschränkung	datenbeschränken	einschränkung
167	übertragen	übertragen	übertragen	übertragen	übertragen	übertragen
168	verlängerungsen	verlängerungsen	verlängerungsen	verlängerungsen	verlängerungsen	▁98
169	verbrauchsmodellen	verbrauchsmodell	verbrauchsmodellen	verbrauchsmodell	verbrauchsmodellen	verbrauchsmodell
170	raum	raum	raum	raum	raum	space
171	tabelle	tabelle	tabelle	tabelle	tabelle	▁3
172	dienst	dienst	dienst	dienst	dienst	dienst
173	referenzieren	referenzdaten	referenzieren	referenzdaten	referenzieren	▁94
174	▔ertrat<sos>	element	▔ertrat<sos>	element	▔ertrat<sos>	element
175	raumdaten	raum	raumdaten	raum	raumdaten	space
176	endbenutzer	endbenutzer	endbenutzer	endbenutzer	endbenutzer	endbenutzer
177	content	content	content	content	content	▁33
178	grafischen ansicht	grafischen ansicht	grafischen ansicht	grafischen ansicht	grafischen ansicht	▁53
179	problem	problem	problem	problem	problem	problem
180	bedienfeld	bedienfeld	bedienfeld	bedienfeld	bedienfeld	▁81
181	korb	korb	korb	korb	korb	▁20
182	sql	sql	sql	sql	sql	▁111
183	aktualisierung	aktualisieren	aktualisierung	aktualisieren	aktualisierung	aktualisieren
184	nachricht	nachricht	nachricht	nachricht	nachricht	nachricht
185	raum|räumen	raum	raum|räumen	raum	raum|räumen	space
186	trigger	trigger	trigger	auslöser	trigger	auslöser
187	seitentafeln	bedienfeld	seitentafeln	bedienfeld	seitentafeln	▁114
188	erstellen	erstellen	erstellen	erstellen	erstellen	erstellen
189	vertragsart	klauselart	vertragsart	art	vertragsart	typ
190	nachricht	nachricht	nachricht	nachricht	nachricht	nachricht
191	auftrag	auftrag	auftrag	auftrag	auftrag	auftrag
192	vorfall	ereignis	vorfall	ereignis	vorfall	▁58
193	sitzung	sitzung	sitzung	sitzung	sitzung	sitzung
194	zeitplan	zeitplan	zeitplan	zeitplan	zeitplan	zeitplan
195	dokument	dokument	dokument	beleg	dokument	beleg
196	freigabeplan	zeitplan	freigabeplan	zeitplan	freigabeplan	zeitplan
197	diagramm	diagramm	diagramm	diagramm	diagramm	diagramm
198	hinweis	version	hinweis	veröffentlichung	hinweis	freigabe
199	statisch	klauselart	statisch	art	statisch	typ
200	beleg	dokument	beleg	beleg	beleg	beleg
201	revision	überarbeitung	revision	revision	revision	▁104
202	datenanbieters	datenanbieter	datenanbieters	datenanbieter	datenanbieters	datenprovider
203	benachrigungs	benachrigungs	benachrigungs	benachrichtigung	benachrigungs	benachrichtigung
204	übertragen	übertragen	übertragen	übertragen	übertragen	übertragen
205	erstellen	erstellen	erstellen	erstellen	erstellen	erstellen
206	homepage	homepage	homepage	homepage	homepage	▁80
207	einschränkung	datenbeschränkung	einschränkung	einschränkung	einschränkung	einschränkung
208	genehmigungsprozen	genehmigungsprozen	genehmigungsprozen	genehmigungsprozen	genehmigungsprozen	▁5
209	compliance	compliance	compliance	compliance	compliance	compliance
210	tabellenansicht	tabellenansicht	tabellenansicht	tabellenansicht	tabellenansicht	tabellenansicht
211	routeninformationsaben	routeninformationsaben	routeninformationsaben	routeninformationsaben	routeninformationsaben	▁106
212	speichertyp	speichertyp	speichertyp	speichertyp	speichertyp	speichertyp
213	client	client	client	client	client	client
214	prüfung	prüfung	prüfung	prüfung	prüfung	prüfung
215	verbrauchsmodell	verbrauchsmodell	verbrauchsmodell	verbrauchsmodell	verbrauchsmodell	verbrauchsmodell
216	zeitplan	zeitplan	zeitplan	zeitplan	zeitplan	zeitplan
217	▔ertrat<sos>	abfrage	▔ertrat<sos>	abfrage	▔ertrat<sos>	abfrage
218	speicherort	raum	speicherort	raum	speicherort	space
219	auftrag	auftrag	auftrag	auftrag	auftrag	▁14
220	warteschlange	warteschlange	warteschlange	warteschlange	warteschlange	warteschlange
221	projekt44	projekt44	projekt44	projekt44	projekt44	▁91
222	arbeitspaket	arbeitspaket	arbeitspaket	arbeitspaket	arbeitspaket	▁136
223	workitem	klauselart	workitem	art	workitem	typ
224	element	element	element	element	element	element
225	aktion	aktion	aktion	aktion	aktion	aktion
226	aktion	aktion	aktion	aktion	aktion	aktion
227	zeitplan	zeitplan	zeitplan	zeitplan	zeitplan	zeitplan
228	erstellen	erstellen	erstellen	erstellen	erstellen	erstellen
229	unternehmenskenntnissen	unternehmensübergreifenden	unternehmenskenntnissen	intercompanyen	unternehmenskenntnissen	▁63
230	nutzung	nutzung	nutzung	nutzung	nutzung	nutzung
231	produktionsauftragen	produktionsauftragen	produktionsauftragen	produktionsauftragen	produktionsauftragen	produktionsauftragen
232	produktionsauftragen	produktionsauftragen	produktionsauftragen	produktionsauftragen	produktionsauftragen	produktionsauftragen
233	dokumentstatusen	dokumentstatusen	dokumentstatusen	dokumentstatusen	dokumentstatusen	dokumentstatusen
234	termin	termin	termin	termin	termin	▁12
235	raum	raum	raum	raum	raum	space
236	übertraguntstypen	klauselart	übertraguntstypen	art	übertraguntstypen	typ
237	position	position	position	position	position	▁87
238	hochbelasten	hochbelasten	hochbelasten	datei	hochbelasten	▁69
239	fehlerbehebungsmoden	fehlerbehebungsmoden	fehlerbehebungsmoden	fehlerbehebungsmoden	fehlerbehebungsmoden	▁130
240	datenzugriffssteuern	datenzugriffssteuern	datenzugriffssteuern	datenzugriffssteuern	datenzugriffssteuern	▁8
241	zurückstellen	zurückstellen	zurückstellen	zurückstellen	zurückstellen	▁101
242	echtzeit	echtzeit	echtzeit	echtzeit	echtzeit	▁82
243	aktualisieren	aktualisieren	aktualisieren	aktualisieren	aktualisieren	aktualisieren
244	akzeptieren	akzeptieren	akzeptieren	akzeptieren	akzeptieren	▁6
245	▔ertrat<sos>	element	▔ertrat<sos>	element	▔ertrat<sos>	element
246	offenlegeng	offenlegeng	offenlegeng	offenlegeng	offenlegeng	▁41
247	anbieter	anbieter	anbieter	anbieter	anbieter	anbieter
248	aufgabe	aufgabe	aufgabe	aufgabe	aufgabe	aufgabe
249	verarbeitung	verarbeitung	verarbeitung	verarbeitung	verarbeitung	verarbeitung
250	eollenkollektion	eollenkollektion	eollenkollektion	eollenkollektion	eollenkollektion	▁29
251	symbol	symbol	symbol	symbol	symbol	symbol
252	standardmäßig	standardmäßig	standardmäßig	standardmäßig	standardmäßig	▁35
253	verkauf	verkauf	verkauf	verkauf	verkauf	verkauf
254	verkauf	verkauf	verkauf	verkauf	verkauf	verkauf
255	zuordnung	auftrag	zuordnung	auftrag	zuordnung	▁14
256	fi-ca	dokument	fi-ca	beleg	fi-ca	beleg
257	zahlungsmetheden	zahlungsmetheden	zahlungsmetheden	zahlungsmetheden	zahlungsmetheden	▁84
258	unterteilungskriteriumen	unterteilungskriteriumen	unterteilungskriteriumen	unterteilungskriteriumen	unterteilungskriteriumen	▁116
259	materialgruppe	materialgruppe	materialgruppe	materialgruppe	materialgruppe	materialgruppe
260	personenbezogen datum	versönlichen datum	personenbezogen datum	personenbezogen datum	personenbezogen datum	personenbezogen datum
261	bericht	berichtszeitraum	bericht	bericht	bericht	bericht
262	prüfung	prüfung	prüfung	prüfung	prüfung	prüfung
263	anforderung compliance	compliance	anforderung compliance	compliance	anforderung compliance	compliance
264	ergebnis	ergebnis	ergebnis	ergebnis	ergebnis	▁110
265	sequenz	sequenz	sequenz	gemen	sequenz	▁112
266	erstellen	erstellen	erstellen	erstellen	erstellen	erstellen
267	▔ertrat<sos>	▔ertrat<sos>	▔ertrat<sos>	▔ertrat<sos>	▔ertrat<sos>	▁24
268	unterschied	unterschied	unterschied	unterschied	unterschied	▁40
269	routingmethoden	routeninformationsaben	routingmethoden	routeninformationsaben	routingmethoden	▁106
270	benachrichtigung	benachrigungs	benachrichtigung	benachrichtigung	benachrichtigung	benachrichtigung
271	überprüfung	überprüfung	überprüfung	überprüfung	überprüfung	▁134
272	folgend	folgend	folgend	folgend	folgend	▁50
273	aktion	aktion	aktion	aktion	aktion	aktion
274	aktion	aktion	aktion	aktion	aktion	aktion
275	upload	upload	upload	upload	upload	upload
276	instandhaltungsplaner	instandhaltungsplaner	instandhaltungsplaner	instandhaltungsplaner	instandhaltungsplaner	▁72
277	zeitplan	zeitplan	zeitplan	zeitplan	zeitplan	zeitplan
278	teilen	teilen	teilen	teilen	teilen	teilen
279	übereinstimmungswert	übereinstimmungswert	übereinstimmungswert	rbereinstimmungsprozentsatzen	übereinstimmungswert	▁85
280	zuweisen	zuordnen	zuweisen	zuordnen	zuweisen	zuweisen
281	compliance	compliance	compliance	compliance	compliance	compliance
282	▔ertrat<sos>	▔ertrat<sos>	▔ertrat<sos>	▔ertrat<sos>	▔ertrat<sos>	▁132
283	erstellen	erstellen	erstellen	erstellen	erstellen	erstellen
284	historie	versionsverlaufen	historie	historie	historie	▁56
285	aufbewahrungsfrist	aufbewahrungsfrist	aufbewahrungsfrist	aufbewahrungsfrist	aufbewahrungsfrist	▁103
286	▔ertrat<sos>	element	▔ertrat<sos>	element	▔ertrat<sos>	element
287	▔ertrat<sos>	erstellen	▔ertrat<sos>	erstellen	▔ertrat<sos>	erstellen
288	zahlungsavise	zahlungsavise	zahlungsavise	zahlungsavise	zahlungsavise	▁83
289	folgend	folgend	folgend	folgend	folgend	▁50
290	wählen	wählen	wählen	wählen	wählen	▁39
291	vertrag	vertrag	vertrag	vertrag	vertrag	vertrag
292	bericht	berichtszeitraum	bericht	bericht	bericht	bericht
293	punkt	punkt	punkt	punkt	punkt	▁34
294	seitenfeld	bedienfeld	seitenfeld	bedienfeld	seitenfeld	▁114
295	raum	raum	raum	raum	raum	space
296	anfragezeitraum	anfragezeitraum	anfragezeitraum	anfragezeitraum	anfragezeitraum	▁52
297	store	store	store	store	store	▁121
298	bereitstellung	bereitstellung	bereitstellung	bereitstellung	bereitstellung	▁38
299	erstellen	erstellen	erstellen	erstellen	erstellen	erstellen
300	testplan	klauselart	testplan	art	testplan	typ
301	raum|räumen	raum	raum|räumen	raum	raum|räumen	space
302	assoziation	assoziation	assoziation	assoziation	assoziation	assoziation
303	raum	raum	raum	raum	raum	space
304	erstellen	erstellen	erstellen	erstellen	erstellen	erstellen
305	vermögenswert	vermögenswert	vermögenswert	vermögenswert	vermögenswert	vermögenswert
306	stornierungbuchen	stornierungbuchen	stornierungbuchen	stornierungbuchen	stornierungbuchen	▁27
307	verordnung	verordnung	verordnung	verordnung	verordnung	▁97
308	änderungsdokument	änderungsdokument	änderungsdokument	änderungsdokument	änderungsdokument	▁26
309	änderungsdokument	klauselart	änderungsdokument	art	änderungsdokument	typ
310	erstellen	erstellen	erstellen	erstellen	erstellen	erstellen
311	compliance	compliance	compliance	compliance	compliance	compliance
312	kategorie	ergebniskategorie	kategorie	ergebniskategorie	kategorie	▁25
313	datenzugriffssteuern	datenzugriffssteuern	datenzugriffssteuern	datenzugriffssteuern	datenzugriffssteuern	▁8
314	benachrichtigung	benachrigungs	benachrichtigung	benachrichtigung	benachrichtigung	benachrichtigung
315	erstellen	erstellen	erstellen	erstellen	erstellen	erstellen
316	platz	raum	platz	raum	platz	space
317	beleg	dokument	beleg	beleg	beleg	beleg
318	anforderung	anforderung	anforderung	anforderung	anforderung	▁99
319	grupperungsregeln	grupperungsregeln	grupperungsregeln	grupperungsregeln	grupperungsregeln	▁55
320	ausführen	ausführen	ausführen	ausführen	ausführen	ausführen
321	vermögenswert	vermögenswert	vermögenswert	vermögenswert	vermögenswert	vermögenswert
322	auftragsänderungen	auftrag	auftragsänderungen	auftrag	auftragsänderungen	▁14
323	anforderung	anforderung	anforderung	anforderung	anforderung	anforderung
324	dateikommentar	dateikommentar	dateikommentar	dateikommentar	dateikommentar	▁30
325	verfahren	verfahren	verfahren	verfahren	verfahren	verfahren
326	erstellen	erstellen	erstellen	erstellen	erstellen	erstellen
327	kostenkomponenten	kostenkomponenten	kostenkomponenten	kostenkomponenten	kostenkomponenten	kostenkomponenten
328	problem	problem	problem	problem	problem	problem
329	abfrage	abfrage	abfrage	abfrage	abfrage	abfrage
330	workflow	workflow	workflow	workflow	workflow	workflow
331	erstellen	erstellen	erstellen	erstellen	erstellen	erstellen
332	bereich	bereich	bereich	funktionsumfang	bereich	▁109
333	raum	raum	raum	raum	raum	space
334	mandant	mandant	mandant	mandant	mandant	mandant
335	status	status	status	status	status	status
336	abschnitt	abschnitt	abschnitt	abschnitt	abschnitt	abschnitt
337	datenquellen	datenquellen	datenquellen	datenquellen	datenquellen	▁115
338	verpackunstufen	verpackunstufen	verpackunstufen	ebene	verpackunstufen	▁67
339	erstellen	erstellen	erstellen	erstellen	erstellen	erstellen
340	mapping	mapping	mapping	zuordnung	mapping	zuordnung
341	speicherorten	speicherorten	speicherorten	ort	speicherorten	▁70
342	klassifizierung	klassifizierung	klassifizierung	klassifizierung	klassifizierung	klassifizierung
343	vertrag	vertrag	vertrag	dokumenttyp	vertrag	▁43
344	begriff	begriff	begriff	begriff	begriff	▁126
345	erstellen	erstellen	erstellen	erstellen	erstellen	erstellen
346	zeitplan	zeitplan	zeitplan	zeitplan	zeitplan	zeitplan
347	veröffentlichung	version	veröffentlichung	veröffentlichung	veröffentlichung	freigabe
348	grenze	grenze	grenze	grenze	grenze	▁68
349	service	service	service	service	service	▁1
350	service	service	service	service	service	▁54
351	einkommen	einkommen	einkommen	einkommen	einkommen	▁59
352	datenzugriffssteuern	datenzugriffssteuern	datenzugriffssteuern	datenzugriffssteuern	datenzugriffssteuern	▁8
353	bereich	raum	bereich	raum	bereich	space
354	einschränkung	datenbeschränkung	einschränkung	einschränkung	einschränkung	einschränkung
355	element	element	element	element	element	element
356	zeitplan	zeitplan	zeitplan	zeitplan	zeitplan	zeitplan
357	eigentümer	eigentümer	eigentümer	eigentümer	eigentümer	eigentümer
358	gemen	sequenz	gemen	gemen	gemen	▁112
359	joint venturen	joint venturen	joint venturen	joint venturen	joint venturen	▁65
360	technungsführungen	technungsführungen	technungsführungen	technungsführungen	technungsführungen	▁0
361	datei	hochbelasten	datei	datei	datei	▁69
362	vorlage	vorlage	vorlage	vorlage	vorlage	vorlage
363	taktbatch	taktbatch	taktbatch	batch	taktbatch	▁19
364	hassengeldanforderungstakches	hassengeldanforderungstakches	hassengeldanforderungstakches	hassengeldanforderungstakches	hassengeldanforderungstakches	▁23
365	profiltypen	klauselart	profiltypen	art	profiltypen	typ
366	projektmanager	projektmanager	projektmanager	projektmanager	projektmanager	▁92
367	anfordern	anfordern	anfordern	anfordern	anfordern	▁100
368	dokumentklasse	dokumentklasse	dokumentklasse	dokumentklasse	dokumentklasse	▁42
369	auswählen	auswählen	auswählen	auswählen	auswählen	auswählen
370	schnellaktion	aktion	schnellaktion	aktion	schnellaktion	aktion
371	schnellaktion	aktion	schnellaktion	aktion	schnellaktion	aktion
372	veraltet	veraltet	veraltet	veraltet	veraltet	▁76
373	veröffentlichung	version	veröffentlichung	veröffentlichung	veröffentlichung	freigabe
374	auditprotokoll	auditprotokoll	auditprotokoll	auditprotokoll	auditprotokoll	▁17
375	transaktion	transaktion	transaktion	transaktion	transaktion	transaktion
376	anwenden	anwenden	anwenden	anwenden	anwenden	anwenden
377	bereich	raum	bereich	raum	bereich	space
378	abschnitt	abgleichschwellen	abschnitt	abgleichschwellen	abschnitt	abschnitt
379	vorgang	vorgang	vorgang	vorgang	vorgang	vorgang
380	vorlagenname	vorlage	vorlagenname	vorlage	vorlagenname	vorlage
381	kontaktkennzeichen	kontaktkennzeichen	kontaktkennzeichen	kontaktkennzeichen	kontaktkennzeichen	▁89
382	nachricht	nachricht	nachricht	nachricht	nachricht	nachricht
383	transfer	übertragen	transfer	übertragen	transfer	übertragen
384	checken	prüfung	checken	prüfung	checken	prüfung
385	compliance	compliance	compliance	compliance	compliance	compliance
386	ausführen	ausführen	ausführen	ausführen	ausführen	▁107
387	transferbetrag	transferbetrag	transferbetrag	transferbetrag	transferbetrag	▁129
388	maßeinheit	maßeinheit	maßeinheit	maßeinheit	maßeinheit	▁131
389	projektmanager	projektmanager	projektmanager	projektmanager	projektmanager	▁92
390	anfordern	anfordern	anfordern	anfordern	anfordern	▁100
391	bearbeiten	bearbeiten	bearbeiten	bearbeiten	bearbeiten	▁117
392	konnektivität	konnektivität	konnektivität	konnektivität	konnektivität	konnektivität
393	offnen	offnen	offnen	offnen	offnen	▁77
394	▔ertrat<sos>	erstellen	▔ertrat<sos>	erstellen	▔ertrat<sos>	erstellen
395	raum	raum	raum	raum	raum	space
396	geschäftsbenutzer	geschäftsbenutzer	geschäftsbenutzer	geschäftsbenutzer	geschäftsbenutzer	geschäftsbenutzer
397	ort	speicherorten	ort	ort	ort	▁70
398	zahlungsdetails	zahlungsdetails	zahlungsdetails	zahlungsdetails	zahlungsdetails	zahlungsdetails
399	verbrauchsmodellen	verbrauchsmodell	verbrauchsmodellen	verbrauchsmodell	verbrauchsmodellen	verbrauchsmodell
400	dokument	dokument	dokument	beleg	dokument	beleg
401	erstellen	erstellen	erstellen	erstellen	erstellen	erstellen
402	massentransfer	übertragen	massentransfer	übertragen	massentransfer	übertragen
403	bereichsgenarorern	bereich	bereichsgenarorern	funktionsumfang	bereichsgenarorern	▁109
404	datentyp	klauselart	datentyp	art	datentyp	typ
405	immobilieninformationen	immobilieninformationen	immobilieninformationen	immobilieninformationen	immobilieninformationen	▁93
406	zeitplan	zeitplan	zeitplan	zeitplan	zeitplan	zeitplan
407	abfrage	abfrage	abfrage	abfrage	abfrage	abfrage
408	assoziation	assoziation	assoziation	assoziation	assoziation	assoziation
409	batch	taktbatch	batch	batch	batch	▁19
410	verlaufslisten	versionsverlaufen	verlaufslisten	historie	verlaufslisten	▁56
411	berichtsaufgaben	berichtszeitraum	berichtsaufgaben	bericht	berichtsaufgaben	bericht
412	geschäftsnamen	geschäftsnamen	geschäftsnamen	geschäftsnamen	geschäftsnamen	▁22
413	erstellen	erstellen	erstellen	erstellen	erstellen	erstellen
414	dienstschlüsseln	dienst	dienstschlüsseln	dienst	dienstschlüsseln	dienst
415	audit	audit	audit	audit	audit	audit
416	szenarienen	szenarienen	szenarienen	szenarienen	szenarienen	▁108
417	element	element	element	element	element	element
418	anzeige	anzeige	anzeige	anzeige	anzeige	anzeige
419	dokumenttyp	vertrag	dokumenttyp	dokumenttyp	dokumenttyp	▁43
420	bericht	berichtszeitraum	bericht	bericht	bericht	bericht
421	paket	paket	paket	paket	paket	paket
422	zugriff	zugriff	zugriff	zugriff	zugriff	zugriff
423	herkunft	herkunft	herkunft	herkunft	herkunft	▁79
424	prognose	prognose	prognose	prognose	prognose	▁51
425	assen	vermögenswert	assen	vermögenswert	assen	vermögenswert
426	belenngsindikatoren	hauptindikator	belenngsindikatoren	belenngsindikatoren	belenngsindikatoren	▁60
427	merkmal	merkmal	merkmal	merkmal	merkmal	▁95
428	dokumentregister	dokument	dokumentregister	beleg	dokumentregister	beleg
429	arbeitspaket	arbeitspaket	arbeitspaket	arbeitspaket	arbeitspaket	▁136
430	erstellen	erstellen	erstellen	erstellen	erstellen	erstellen
431	element	element	element	element	element	element
432	zeitrahmen	zeitrahmen	zeitrahmen	zeitrahmen	zeitrahmen	▁128
433	bedienfeld	bedienfeld	bedienfeld	bedienfeld	bedienfeld	▁81
434	einrichtung	einrichtung	einrichtung	einrichtung	einrichtung	▁46
435	attributtyp	attributtyp	attributtyp	attributtyp	attributtyp	▁16
436	berechtigung	berechtigung	berechtigung	berechtigung	berechtigung	▁44
437	ebene	eigenschaft	ebene	ebene	ebene	▁66
438	artikelwert	element	artikelwert	element	artikelwert	element
439	anschluss	konnektorinstanzen	anschluss	anschluss	anschluss	▁32
440	paketinhalt	paket	paketinhalt	paket	paketinhalt	paket
441	nachricht	nachricht	nachricht	nachricht	nachricht	nachricht
442	systemmeldung	nachricht	systemmeldung	nachricht	systemmeldung	nachricht
443	verarbeitung	verarbeitung	verarbeitung	prozeß	verarbeitung	▁90
444	fulfillment	auftrag	fulfillment	auftrag	fulfillment	auftrag
445	kberwachungsliste	kberwachungsliste	kberwachungsliste	kberwachungsliste	kberwachungsliste	▁74
446	beschränkung	datenbeschränkung	beschränkung	einschränkung	beschränkung	einschränkung
447	erstellen	erstellen	erstellen	erstellen	erstellen	erstellen
448	art	klauselart	art	art	art	typ
449	aktivieren	aktivieren	aktivieren	aktivieren	aktivieren	▁49
450	rohmaterial	rohmaterial	rohmaterial	rohmaterial	rohmaterial	rohmaterial
451	bewertungsergebnissen	bewertungsergebnissen	bewertungsergebnissen	bewertungsergebnissen	bewertungsergebnissen	▁13
452	bewertungsergebnissen	bewertungsergebnissen	bewertungsergebnissen	bewertungsergebnissen	bewertungsergebnissen	▁31
453	verarbeitung	verarbeitung	verarbeitung	verarbeitung	verarbeitung	verarbeitung
454	kontakt	kontakt	kontakt	kontakt	kontakt	kontakt
455	freigabe	version	freigabe	veröffentlichung	freigabe	freigabe
456	lieferantenrechnen	lieferantenrechnen	lieferantenrechnen	lieferantenrechnen	lieferantenrechnen	▁133
457	intercompanyen	unternehmensübergreifenden	intercompanyen	intercompanyen	intercompanyen	▁63
458	erstellen	erstellen	erstellen	erstellen	erstellen	erstellen
459	personenbezogen datum	versönlichen datum	personenbezogen datum	personenbezogen datum	personenbezogen datum	personenbezogen datum
460	relation	relation	relation	relation	relation	relation
461	tabellenansicht	tabellenansicht	tabellenansicht	tabellenansicht	tabellenansicht	tabellenansicht
462	importieren	importieren	importieren	importieren	importieren	importieren
463	hinweis	hinweis	hinweis	hinweis	hinweis	hinweis
464	wählen	anwenden	wählen	anwenden	wählen	anwenden
465	agent	agent	agent	agent	agent	agent
466	aussetzen	aussetzen	aussetzen	aussetzen	aussetzen	aussetzen
467	zuordnungsschreiten	speicherweisingen	zuordnungsschreiten	speicherweisingen	zuordnungsschreiten	▁10
468	anlage	anlage	anlage	anhang	anlage	▁15
469	auftragskarte	auftrag	auftragskarte	auftrag	auftragskarte	auftrag
470	abonnementartikeln	abonnementartikeln	abonnementartikeln	abonnementartikeln	abonnementartikeln	▁122
471	vertrag	vertrag	vertrag	vertrag	vertrag	vertrag
472	klassifizierung	klassifizierung	klassifizierung	klassifizierung	klassifizierung	klassifizierung
473	kundenbusinsplanungen	debitor	kundenbusinsplanungen	debitor	kundenbusinsplanungen	debitor
474	merkmal	merkmal	merkmal	merkmal	merkmal	merkmal
475	beend	beend	beend	beend	beend	▁127
476	ebene	verpackunstufen	ebene	ebene	ebene	▁67
477	raum	raum	raum	raum	raum	space
478	typ	klauselart	typ	art	typ	typ
479	zeitplan	zeitplan	zeitplan	zeitplan	zeitplan	zeitplan
480	formatzuordnehen	mapping	formatzuordnehen	zuordnung	formatzuordnehen	zuordnung
481	anwendungsoperationen	anwendungsoperationen	anwendungsoperationen	anwendungsoperationen	anwendungsoperationen	▁78
482	bedienfeld	bedienfeld	bedienfeld	bedienfeld	bedienfeld	▁81
483	aufbewahrungszeitraumen	aufbewahrungsfrist	aufbewahrungszeitraumen	aufbewahrungsfrist	aufbewahrungszeitraumen	▁103
484	zuordnung	mapping	zuordnung	zuordnung	zuordnung	zuordnung
485	anforderung	anforderung	anforderung	anforderung	anforderung	anforderung
486	benachrichtigung	benachrigungs	benachrichtigung	benachrichtigung	benachrichtigung	benachrichtigung
487	aktualisieren	aktualisieren	aktualisieren	aktualisieren	aktualisieren	aktualisieren
488	berechnungsstücken	berechnungsstücken	berechnungsstücken	berechnungsstücken	berechnungsstücken	▁119
489	datenanbieters	datenanbieter	datenanbieters	datenanbieter	datenanbieters	datenprovider
490	zeitplan	zeitplan	zeitplan	zeitplan	zeitplan	zeitplan
491	seitenfeld	bedienfeld	seitenfeld	bedienfeld	seitenfeld	▁114
492	regeltyp	klauselart	regeltyp	art	regeltyp	typ
493	unternehmensübergreifen	unternehmensübergreifenden	unternehmensübergreifen	intercompanyen	unternehmensübergreifen	▁63
494	bewertungsarten	bewertungsarten	bewertungsarten	bewertungsarten	bewertungsarten	▁45
495	bestellung	auftrag	bestellung	auftrag	bestellung	auftrag
496	fest	fest	fest	fest	fest	fest
497	abonnement	abonnement	abonnement	abonnement	abonnement	abonnement
498	wählen	auswählen	wählen	auswählen	wählen	auswählen
499	erstellen	erstellen	erstellen	erstellen	erstellen	erstellen
500	standardwerten	standardwerten	standardwerten	standardwerten	standardwerten	▁36
501	▔ertrat<sos>	element	▔ertrat<sos>	element	▔ertrat<sos>	element
502	bericht	berichtszeitraum	bericht	bericht	bericht	bericht
503	verfahren	verfahren	verfahren	verfahren	verfahren	verfahren
504	aufgabe	aufgabe	aufgabe	aufgabe	aufgabe	aufgabe
505	zuordnungsdatei	mapping	zuordnungsdatei	zuordnung	zuordnungsdatei	zuordnung
506	funktionsumfang	bereich	funktionsumfang	funktionsumfang	funktionsumfang	▁109
507	gesamtzuordnungen	auftrag	gesamtzuordnungen	auftrag	gesamtzuordnungen	▁14
508	prozeß	verarbeitung	prozeß	prozeß	prozeß	▁90
509	funktionsumfang	bereich	funktionsumfang	funktionsumfang	funktionsumfang	▁109
510	verbrauchsmodellen	verbrauchsmodell	verbrauchsmodellen	verbrauchsmodell	verbrauchsmodellen	verbrauchsmodell
511	antrag	anforderung	antrag	anforderung	antrag	▁99
512	ersetzen	ersetzen	ersetzen	ersetzen	ersetzen	▁123
513	compliance	compliance	compliance	compliance	compliance	compliance
514	finanzbericht	finanzbericht	finanzbericht	finanzbericht	finanzbericht	▁48
515	rechnungszusammenfassun	zusammenfassung	rechnungszusammenfassun	rechnungszusammenfassun	rechnungszusammenfassun	▁124
516	zeichensatzname	zeichensatzname	zeichensatzname	zeichensatzname	zeichensatzname	▁113
517	werkersetzungen	ersetzen	werkersetzungen	ersetzen	werkersetzungen	▁123
518	report	berichtszeitraum	report	bericht	report	bericht
519	erstellen	erstellen	erstellen	erstellen	erstellen	erstellen
520	substitution	ersetzen	substitution	ersetzen	substitution	▁123
521	alarmberichten	berichtszeitraum	alarmberichten	bericht	alarmberichten	bericht
522	alarmberichten	alarmberichten	alarmberichten	alarmberichten	alarmberichten	▁9
523	anhang	anlage	anhang	anhang	anhang	▁15
524	kunde	debitor	kunde	debitor	kunde	debitor
525	tasks	aufgabe	tasks	aufgabe	tasks	aufgabe
526	beispielabfragen	abfrage	beispielabfragen	abfrage	beispielabfragen	abfrage
527	bestellauftragen	auftrag	bestellauftragen	auftrag	bestellauftragen	auftrag
528	teammitglied	teammitglied	teammitglied	teammitglied	teammitglied	teammitglied
529	facilitys	einrichtung	facilitys	einrichtung	facilitys	▁46
530	tracker	tracker	tracker	tracker	tracker	▁71
531	nachricht	nachricht	nachricht	nachricht	nachricht	nachricht
532	ebene	verpackunstufen	ebene	ebene	ebene	▁67
533	nachricht	nachricht	nachricht	nachricht	nachricht	nachricht
534	zuordnung	mapping	zuordnung	zuordnung	zuordnung	zuordnung
535	abschließen	abschließen	abschließen	abschließen	abschließen	abschließen
536	spaltentabellen	▔ertrat<sos>	spaltentabellen	spaltentabellen	spaltentabellen	▁4
537	einschränkung	einschränkung	einschränkung	einschränkung	einschränkung	einschränkung
538	anforderung	anforderung	anforderung	anforderung	anforderung	anforderung
539	position	element	position	element	position	element
540	verwaltung	verwaltung	verwaltung	verwaltung	verwaltung	verwaltung
541	rbereinstimmungsprozentsatzen	übereinstimmungswert	rbereinstimmungsprozentsatzen	rbereinstimmungsprozentsatzen	rbereinstimmungsprozentsatzen	▁85
542	frachtsammenarbeitsopmionen	frachtsammenarbeitsopmionen	frachtsammenarbeitsopmionen	frachtsammenarbeitsopmionen	frachtsammenarbeitsopmionen	▁28
