	tgt	pseudoref_first	tgt	pseudoref_frequent	tgt	pseudoref_predefined
0	space	space	space	space	space	space
1	speicherressourcen	speicherressourcen	speicherressourcen	speicherressourcen	speicherressourcen	▁131
2	teilen	teilen	teilen	ermöglichen	teilen	teilen
3	vorgabe	vorgabe	vorgabe	beschränkung	vorgabe	▁41
4	erstellen	erstellen	erstellen	erstellen	erstellen	erstellen
5	zuständigkeit	zuständigkeit	zuständigkeit	zuständigkeit	zuständigkeit	▁13
6	trigger	trigger	trigger	auslöser	trigger	auslöser
7	konnektorinstanzen	konnektorinstanzen	konnektorinstanzen	▔ertrat<sos>	konnektorinstanzen	▁40
8	kunde	kunde	kunde	kunde	kunde	▁43
9	lieferant	lieferant	lieferant	lieferant	lieferant	▁137
10	nachfrage	nachfrage	nachfrage	nachfrage	nachfrage	▁47
11	erstellen	erstellen	erstellen	erstellen	erstellen	erstellen
12	seitenbereich	seitenbereich	seitenbereich	seitenbereich	seitenbereich	seitenbereich
13	hauptparametern	hauptparametern	hauptparametern	hauptparametern	hauptparametern	▁68
14	abfrage	abfrage	abfrage	abfrage	abfrage	abfrage
15	anbieter	anbieter	anbieter	datenanbieter	anbieter	▁103
16	space	space	space	space	space	space
17	intercompansen	intercompansen	intercompansen	intercompanyen	intercompansen	▁72
18	historie	historie	historie	historie	historie	▁64
19	release	release	release	release	release	release
20	datenanbieter	datenanbieter	datenanbieter	datenanbieter	datenanbieter	datenanbieter
21	datenzugriffskontrollen	datenzugriffskontrollen	datenzugriffskontrollen	datenzugriffskontrollen	datenzugriffskontrollen	▁7
22	datenanbieter	datenanbieter	datenanbieter	datenanbieter	datenanbieter	datenanbieter
23	ansicht	ansicht	ansicht	ansicht	ansicht	▁123
24	▔ertrat<sos>	anbieter	▔ertrat<sos>	datenanbieter	▔ertrat<sos>	▁103
25	datenanbieter	anbieter	datenanbieter	datenanbieter	datenanbieter	▁103
26	release	release	release	release	release	release
27	▔ertrat<sos>	▔ertrat<sos>	▔ertrat<sos>	bestätigen	▔ertrat<sos>	▁16
28	speicherkapazität	speicherressourcen	speicherkapazität	speicherressourcen	speicherkapazität	▁131
29	space	space	space	space	space	space
30	periode	periode	periode	periode	periode	▁94
31	datenprovider	datenanbieter	datenprovider	datenanbieter	datenprovider	datenanbieter
32	erstellen	erstellen	erstellen	erstellen	erstellen	erstellen
33	datenprovider	datenanbieter	datenprovider	datenanbieter	datenprovider	datenanbieter
34	space	space	space	space	space	space
35	datenanbieter	datenanbieter	datenanbieter	datenanbieter	datenanbieter	datenanbieter
36	verbrauchsmodellen	verbrauchsmodellen	verbrauchsmodellen	verbrauchsmodell	verbrauchsmodellen	verbrauchsmodell
37	referenzmenge	referenzmenge	referenzmenge	referenzmenge	referenzmenge	referenzmenge
38	zeitraum	periode	zeitraum	periode	zeitraum	▁94
39	stammpfad	stammpfad	stammpfad	stammpfad	stammpfad	▁116
40	klausel	klausel	klausel	art	klausel	art
41	annahme	annahme	annahme	annahme	annahme	▁6
42	space	space	space	space	space	space
43	version	version	version	revision	version	▁115
44	datenanbieter	datenanbieter	datenanbieter	datenanbieter	datenanbieter	datenanbieter
45	startdatum	startdatum	startdatum	referenz	startdatum	▁130
46	preisdatum	preisdatum	preisdatum	preisdatum	preisdatum	▁97
47	datenschicht	datenschicht	datenschicht	datenschicht	datenschicht	▁75
48	erstellen	erstellen	erstellen	erstellen	erstellen	erstellen
49	space	space	space	space	space	space
50	skalierungsart	klausel	skalierungsart	art	skalierungsart	art
51	terminplan	terminplan	terminplan	terminplan	terminplan	terminplan
52	zusammenfassung	zusammenfassung	zusammenfassung	rechnungsübersichten	zusammenfassung	▁136
53	space	space	space	space	space	space
54	berichtsperioden	berichtsperioden	berichtsperioden	bericht	berichtsperioden	bericht
55	verbrauchsmodell	verbrauchsmodellen	verbrauchsmodell	verbrauchsmodell	verbrauchsmodell	verbrauchsmodell
56	löschauslöser	trigger	löschauslöser	auslöser	löschauslöser	auslöser
57	auftrag	auftrag	auftrag	auftrag	auftrag	auftrag
58	client	client	client	client	client	client
59	zeitintervall	zeitintervall	zeitintervall	zeitintervall	zeitintervall	▁74
60	space	space	space	space	space	space
61	▔ertrat<sos>	erstellen	▔ertrat<sos>	erstellen	▔ertrat<sos>	erstellen
62	detailprotokoll	detailprotokoll	detailprotokoll	detailprotokoll	detailprotokoll	▁140
63	▔ertrat<sos>	anbieter	▔ertrat<sos>	datenanbieter	▔ertrat<sos>	▁103
64	▔ertrat<sos>	konnektorinstanzen	▔ertrat<sos>	▔ertrat<sos>	▔ertrat<sos>	▁40
65	release	release	release	release	release	release
66	fähigkeit	fähigkeit	fähigkeit	fähigkeit	fähigkeit	▁126
67	datenanbieter	anbieter	datenanbieter	datenanbieter	datenanbieter	▁103
68	datenprovider	datenanbieter	datenprovider	datenanbieter	datenprovider	datenanbieter
69	menü	menü	menü	menü	menü	menü
70	zuteilung	zuteilung	zuteilung	aufteilungsschreite	zuteilung	▁10
71	datenprovider	datenanbieter	datenprovider	datenanbieter	datenprovider	datenanbieter
72	release	release	release	release	release	release
73	nachricht	nachricht	nachricht	nachricht	nachricht	meldung
74	space	space	space	space	space	space
75	endbenutzer	endbenutzer	endbenutzer	endbenutzer	endbenutzer	endbenutzer
76	datenanbieter	datenanbieter	datenanbieter	datenanbieter	datenanbieter	datenanbieter
77	datenprovider	datenanbieter	datenprovider	datenanbieter	datenprovider	datenanbieter
78	erstellen	erstellen	erstellen	erstellen	erstellen	erstellen
79	erstellen	erstellen	erstellen	erstellen	erstellen	erstellen
80	space	space	space	space	space	space
81	breadcrumbs	breadcrumbs	breadcrumbs	breadcrumbs	breadcrumbs	▁21
82	datenanbieter	anbieter	datenanbieter	datenanbieter	datenanbieter	▁103
83	vorfall	vorfall	vorfall	incident	vorfall	▁66
84	▔ertrat<sos>	▔ertrat<sos>	▔ertrat<sos>	▔ertrat<sos>	▔ertrat<sos>	▁23
85	▔ertrat<sos>	▔ertrat<sos>	▔ertrat<sos>	arbeitsplatzbelegen	▔ertrat<sos>	▁155
86	aufbewahrungszeit	aufbewahrungszeit	aufbewahrungszeit	aufbewahrungszeit	aufbewahrungszeit	▁113
87	auslöser	trigger	auslöser	auslöser	auslöser	auslöser
88	kennzahlenwert	kennzahlenwert	kennzahlenwert	kennzahlenwert	kennzahlenwert	▁65
89	kennzahlenwert	kennzahlenwert	kennzahlenwert	kennzahlenwert	kennzahlenwert	▁2
90	▔ertrat<sos>	startdatum	▔ertrat<sos>	referenz	▔ertrat<sos>	▁130
91	schlüsselzuordnungen	schlüsselzuordnungen	schlüsselzuordnungen	schlüsselzuordnungen	schlüsselzuordnungen	schlüsselzuordnungen
92	datensteuerungsspalten	datensteuerungsspalten	datensteuerungsspalten	datensteuerungsspalten	datensteuerungsspalten	▁44
93	item	item	item	element	item	artikel
94	mindestanforderung	mindestanforderung	mindestanforderung	mindestanforderung	mindestanforderung	▁81
95	seitenbereich	seitenbereich	seitenbereich	seitenbereich	seitenbereich	seitenbereich
96	space	space	space	space	space	space
97	space	space	space	space	space	space
98	zugänglich	zugänglich	zugänglich	zugänglich	zugänglich	▁11
99	mindestanforderung	mindestanforderung	mindestanforderung	mindestanforderung	mindestanforderung	▁81
100	schnellaktion	schnellaktion	schnellaktion	aktion	schnellaktion	▁8
101	schnellaktion	schnellaktion	schnellaktion	aktion	schnellaktion	▁0
102	bedingung	bedingung	bedingung	bedingung	bedingung	bedingung
103	compliance	compliance	compliance	konformitätsanfordern	compliance	compliance
104	datenanbieter	datenanbieter	datenanbieter	datenanbieter	datenanbieter	datenanbieter
105	release	release	release	release	release	release
106	erstellen	erstellen	erstellen	erstellen	erstellen	erstellen
107	privilegientypen	klausel	privilegientypen	art	privilegientypen	art
108	▔ertrat<sos>	konnektorinstanzen	▔ertrat<sos>	▔ertrat<sos>	▔ertrat<sos>	▁40
109	space	space	space	space	space	space
110	terminplan	terminplan	terminplan	terminplan	terminplan	terminplan
111	wechsel	wechsel	wechsel	wechsel	wechsel	▁27
112	ergebniskategorie	ergebniskategorie	ergebniskategorie	ergebniskategorie	ergebniskategorie	▁26
113	dienstleistung	dienstleistung	dienstleistung	service	dienstleistung	service
114	datenanbieter	datenanbieter	datenanbieter	datenanbieter	datenanbieter	datenanbieter
115	zugewiesen	▔ertrat<sos>	zugewiesen	bestätigen	zugewiesen	▁16
116	space	space	space	space	space	space
117	geschäftsinsights	geschäftsinsights	geschäftsinsights	geschäftsinsights	geschäftsinsights	▁70
118	erstellen	erstellen	erstellen	erstellen	erstellen	erstellen
119	space	space	space	space	space	space
120	speicherressourcen	speicherressourcen	speicherressourcen	speicherressourcen	speicherressourcen	▁131
121	ermöglichen	teilen	ermöglichen	ermöglichen	ermöglichen	teilen
122	release	release	release	release	release	release
123	datenzugriffskontrollen	datenzugriffskontrollen	datenzugriffskontrollen	datenzugriffskontrollen	datenzugriffskontrollen	▁7
124	datenzugriffskontrollen	datenzugriffskontrollen	datenzugriffskontrollen	einschränkung	datenzugriffskontrollen	einschränkung
125	snapshot	snapshot	snapshot	snapshot	snapshot	snapshot
126	interface	interface	interface	interface	interface	▁73
127	nachricht	nachricht	nachricht	nachricht	nachricht	meldung
128	deployment	deployment	deployment	deployment	deployment	deployment
129	datenprovider	datenanbieter	datenprovider	datenanbieter	datenprovider	datenanbieter
130	referenzdaten	referenzdaten	referenzdaten	attribut	referenzdaten	▁105
131	re	deployment	re	deployment	re	deployment
132	release	release	release	release	release	release
133	datenanbieter	datenanbieter	datenanbieter	datenanbieter	datenanbieter	datenanbieter
134	deployment	deployment	deployment	deployment	deployment	deployment
135	aktualisierung	aktualisierung	aktualisierung	aktualisierung	aktualisierung	▁149
136	fähigkeit	fähigkeit	fähigkeit	fähigkeit	fähigkeit	▁126
137	feedback	feedback	feedback	feedback	feedback	feedback
138	datenanbieter	datenanbieter	datenanbieter	datenanbieter	datenanbieter	datenanbieter
139	erlaubnis	erlaubnis	erlaubnis	erlaubnis	erlaubnis	▁69
140	tabelle	tabelle	tabelle	spaltentabellen	tabelle	tabelle
141	insights	geschäftsinsights	insights	geschäftsinsights	insights	▁70
142	deployment	deployment	deployment	deployment	deployment	deployment
143	space	space	space	space	space	space
144	versönlichen datum	versönlichen datum	versönlichen datum	versönlichen datum	versönlichen datum	▁95
145	arbeitsplatzbelegen	▔ertrat<sos>	arbeitsplatzbelegen	arbeitsplatzbelegen	arbeitsplatzbelegen	▁155
146	erstellen	erstellen	erstellen	erstellen	erstellen	erstellen
147	release	release	release	release	release	release
148	space	space	space	space	space	space
149	geschäftsentität	geschäftsentität	geschäftsentität	geschäftsentität	geschäftsentität	▁22
150	verbrauchsmodell	verbrauchsmodellen	verbrauchsmodell	verbrauchsmodell	verbrauchsmodell	verbrauchsmodell
151	ereignis	ereignis	ereignis	ereignis	ereignis	problem
152	verbrauchsmodell	verbrauchsmodellen	verbrauchsmodell	verbrauchsmodell	verbrauchsmodell	verbrauchsmodell
153	referenz	startdatum	referenz	referenz	referenz	▁130
154	trigger	trigger	trigger	trigger	trigger	▁83
155	deployment	deployment	deployment	deployment	deployment	deployment
156	job	job	job	job	job	job
157	space	space	space	space	space	space
158	space	space	space	space	space	space
159	verfügbaren kapazität	verfügbaren kapazität	verfügbaren kapazität	verfügbaren kapazität	verfügbaren kapazität	▁20
160	vertrag	vertrag	vertrag	vertrag	vertrag	vertrag
161	erneuerungsehsen	erneuerungsehsen	erneuerungsehsen	erneuerungsehsen	erneuerungsehsen	▁109
162	datenanbieter	datenanbieter	datenanbieter	datenanbieter	datenanbieter	datenanbieter
163	space	space	space	space	space	space
164	speicherplatz	space	speicherplatz	space	speicherplatz	space
165	erstellen	erstellen	erstellen	erstellen	erstellen	erstellen
166	datenbeschränken	datenzugriffskontrollen	datenbeschränken	einschränkung	datenbeschränken	einschränkung
167	übertragen	übertragen	übertragen	übertragen	übertragen	übertragen
168	erneuerungsehsen	erneuerungsehsen	erneuerungsehsen	erneuerungsehsen	erneuerungsehsen	▁109
169	verbrauchsmodellen	verbrauchsmodellen	verbrauchsmodellen	verbrauchsmodell	verbrauchsmodellen	verbrauchsmodell
170	space	space	space	space	space	space
171	tabelledut	tabelledut	tabelledut	tabelledut	tabelledut	▁4
172	service	dienstleistung	service	service	service	service
173	attribut	referenzdaten	attribut	attribut	attribut	▁105
174	implementierungselemen	item	implementierungselemen	element	implementierungselemen	artikel
175	space	space	space	space	space	space
176	endbenutzer	endbenutzer	endbenutzer	endbenutzer	endbenutzer	endbenutzer
177	creator	creator	creator	creator	creator	creator
178	grafisch view	grafisch view	grafisch view	grafisch view	grafisch view	grafisch view
179	problem	ereignis	problem	ereignis	problem	problem
180	▔ertrat<sos>	▔ertrat<sos>	▔ertrat<sos>	panel	▔ertrat<sos>	▁89
181	periode	periode	periode	periode	periode	periode
182	sql	sql	sql	sql	sql	▁122
183	update	aktualisierung	update	aktualisierung	update	▁149
184	nachricht	nachricht	nachricht	nachricht	nachricht	meldung
185	space	space	space	space	space	space
186	auslöserbasieren	trigger	auslöserbasieren	auslöser	auslöserbasieren	auslöser
187	seitenbereich	seitenbereich	seitenbereich	seitenbereich	seitenbereich	seitenbereich
188	erstellen	erstellen	erstellen	erstellen	erstellen	erstellen
189	art	klausel	art	art	art	art
190	nachricht	nachricht	nachricht	nachricht	nachricht	meldung
191	auftrag	auftrag	auftrag	auftrag	auftrag	auftrag
192	incident	vorfall	incident	incident	incident	▁66
193	sitzung	sitzung	sitzung	sitzung	sitzung	sitzung
194	terminplan	terminplan	terminplan	terminplan	terminplan	terminplan
195	dokument	dokument	dokument	dokument	dokument	▁51
196	personenkreis	terminplan	personenkreis	terminplan	personenkreis	terminplan
197	diagrammdarstellung	diagrammdarstellung	diagrammdarstellung	diagrammdarstellung	diagrammdarstellung	▁30
198	sperrvermerken	release	sperrvermerken	release	sperrvermerken	release
199	steuerungsern	klausel	steuerungsern	art	steuerungsern	art
200	▔ertrat<sos>	dokument	▔ertrat<sos>	dokument	▔ertrat<sos>	▁51
201	revision	version	revision	revision	revision	▁115
202	datenprovider	datenanbieter	datenprovider	datenanbieter	datenprovider	datenanbieter
203	meldung	meldung	meldung	meldung	meldung	benachrichtigung
204	übertragen	übertragen	übertragen	übertragen	übertragen	übertragen
205	erstellen	erstellen	erstellen	erstellen	erstellen	erstellen
206	startseite	startseite	startseite	startseite	startseite	▁88
207	einschränkung	datenzugriffskontrollen	einschränkung	einschränkung	einschränkung	einschränkung
208	über	über	über	über	über	über
209	konformitätsanfordern	compliance	konformitätsanfordern	konformitätsanfordern	konformitätsanfordern	compliance
210	tabelle ansicht	tabelle ansicht	tabelle ansicht	tabelle	tabelle ansicht	▁139
211	rückverfolmationen	rückverfolmationen	rückverfolmationen	routingmethoden	rückverfolmationen	▁117
212	speichertyp	speichertyp	speichertyp	speichertyp	speichertyp	speichertyp
213	client	client	client	client	client	client
214	überprüfen	überprüfen	überprüfen	kontrollkästchen	überprüfen	▁31
215	verbrauchsmodell	verbrauchsmodellen	verbrauchsmodell	verbrauchsmodell	verbrauchsmodell	verbrauchsmodell
216	terminplan	terminplan	terminplan	terminplan	terminplan	terminplan
217	query	abfrage	query	abfrage	query	abfrage
218	speicherort	space	speicherort	space	speicherort	space
219	einsatz	einsatz	einsatz	aufgabe	einsatz	einsatz
220	queue	queue	queue	queue	queue	▁104
221	umrecenuhunus	umrecenuhunus	umrecenuhunus	umrecenuhunus	umrecenuhunus	▁100
222	arbeitspaket	arbeitspaket	arbeitspaket	arbeitspaket	arbeitspaket	▁156
223	arbeitsauftragstypen	klausel	arbeitsauftragstypen	art	arbeitsauftragstypen	art
224	element	item	element	element	element	artikel
225	schnellaktionslisten	schnellaktion	schnellaktionslisten	aktion	schnellaktionslisten	▁8
226	schnellaktionslisten	schnellaktion	schnellaktionslisten	aktion	schnellaktionslisten	▁0
227	terminplan	terminplan	terminplan	terminplan	terminplan	terminplan
228	erstellen	erstellen	erstellen	erstellen	erstellen	erstellen
229	intercompanyen	intercompansen	intercompanyen	intercompanyen	intercompanyen	▁72
230	nutzungsmessung	nutzungsmessung	nutzungsmessung	nutzungsmessung	nutzungsmessung	▁151
231	produktionsauftragen	produktionsauftragen	produktionsauftragen	produktionsauftragen	produktionsauftragen	produktionsauftragen
232	produktionsauftragen	produktionsauftragen	produktionsauftragen	produktionsauftragen	produktionsauftragen	produktionsauftragen
233	status	status	status	status	status	▁53
234	docktermin	docktermin	docktermin	docktermin	docktermin	▁12
235	space	space	space	space	space	space
236	versandtypen	klausel	versandtypen	art	versandtypen	art
237	position	position	position	position	position	▁96
238	hochgeladen	hochgeladen	hochgeladen	hochgeladen	hochgeladen	▁76
239	troubleshootingen	troubleshootingen	troubleshootingen	troubleshootingen	troubleshootingen	▁147
240	datenzugriffskontrollen	datenzugriffskontrollen	datenzugriffskontrollen	datenzugriffskontrollen	datenzugriffskontrollen	▁7
241	▔ertrat<sos>	▔ertrat<sos>	▔ertrat<sos>	▔ertrat<sos>	▔ertrat<sos>	▁112
242	echtzeitreplikation	echtzeitreplikation	echtzeitreplikation	echtzeitreplikation	echtzeitreplikation	▁90
243	aktualisieren	aktualisieren	aktualisieren	aktualisieren	aktualisieren	aktualisieren
244	bestätigen	bestätigen	bestätigen	bestätigen	bestätigen	▁5
245	artikel	item	artikel	element	artikel	artikel
246	erklärung	erklärung	erklärung	erklärung	erklärung	▁50
247	datenanbieter	anbieter	datenanbieter	datenanbieter	datenanbieter	▁103
248	aufgabe	aufgabe	aufgabe	aufgabe	aufgabe	aufgabe
249	verarbeitung	verarbeitung	verarbeitung	prozeß	verarbeitung	verarbeitung
250	tollesammlung	tollesammlung	tollesammlung	tollesammlung	tollesammlung	▁35
251	symbol	symbol	symbol	symbol	symbol	symbol
252	standardeinstellung	standardeinstellung	standardeinstellung	standardeinstellung	standardeinstellung	▁45
253	verkauf	verkauf	verkauf	verkauf	verkauf	verkauf
254	verkauf	verkauf	verkauf	verkauf	verkauf	verkauf
255	zuordnung	einsatz	zuordnung	aufgabe	zuordnung	einsatz
256	dokument	dokument	dokument	dokument	dokument	▁51
257	zahlungsmetheden	zahlungsmetheden	zahlungsmetheden	zahlungsmetheden	zahlungsmetheden	▁92
258	qplitkriteren	qplitkriteren	qplitkriteren	qplitkriteren	qplitkriteren	qplitkriteren
259	materialgruppe	materialgruppe	materialgruppe	materialgruppe	materialgruppe	materialgruppe
260	versönlichen datum	versönlichen datum	versönlichen datum	versönlichen datum	versönlichen datum	▁95
261	datenbericht	berichtsperioden	datenbericht	bericht	datenbericht	bericht
262	kontrollkästchen	überprüfen	kontrollkästchen	kontrollkästchen	kontrollkästchen	▁31
263	konformitätsanfordern	compliance	konformitätsanfordern	konformitätsanfordern	konformitätsanfordern	compliance
264	auswertungstyp	auswertungstyp	auswertungstyp	auswertungstyp	auswertungstyp	▁121
265	reihenfolge	reihenfolge	reihenfolge	reihenfolge	reihenfolge	reihenfolge
266	erstellen	erstellen	erstellen	erstellen	erstellen	erstellen
267	stornieren	stornieren	stornieren	stornieren	stornieren	▁25
268	unterschied	unterschied	unterschied	unterschied	unterschied	▁49
269	routingmethoden	rückverfolmationen	routingmethoden	routingmethoden	routingmethoden	▁117
270	notifications	meldung	notifications	meldung	notifications	benachrichtigung
271	prüfung	prüfung	prüfung	prüfung	prüfung	▁154
272	folgend	folgend	folgend	folgend	folgend	▁59
273	aktion	schnellaktion	aktion	aktion	aktion	▁8
274	aktion	schnellaktion	aktion	aktion	aktion	▁0
275	feld	feld	feld	feld	feld	▁150
276	terminplan	terminplan	terminplan	terminplan	terminplan	▁79
277	terminplan	terminplan	terminplan	terminplan	terminplan	terminplan
278	freigeben	teilen	freigeben	ermöglichen	freigeben	teilen
279	prozentualen	prozentualen	prozentualen	prozentualen	prozentualen	▁93
280	bestätigen	▔ertrat<sos>	bestätigen	bestätigen	bestätigen	▁16
281	konformitätsanfordern	compliance	konformitätsanfordern	konformitätsanfordern	konformitätsanfordern	compliance
282	▔ertrat<sos>	▔ertrat<sos>	▔ertrat<sos>	▔ertrat<sos>	▔ertrat<sos>	▁152
283	erstellen	erstellen	erstellen	erstellen	erstellen	erstellen
284	historie	historie	historie	historie	historie	▁64
285	verfallszeien	verfallszeien	verfallszeien	verbleibsdauer	verfallszeien	▁114
286	position	item	position	element	position	artikel
287	neu	erstellen	neu	erstellen	neu	erstellen
288	zahlungsanweisung	zahlungsanweisung	zahlungsanweisung	zahlungsanweisung	zahlungsanweisung	▁91
289	folgend	folgend	folgend	folgend	folgend	▁59
290	dialogtex	dialogtex	dialogtex	dialogtex	dialogtex	▁48
291	vertrag	vertrag	vertrag	vertrag	vertrag	vertrag
292	bericht	berichtsperioden	bericht	bericht	bericht	bericht
293	datenpunkt	datenpunkt	datenpunkt	datenpunkt	datenpunkt	datenpunkt
294	seitenbereich	seitenbereich	seitenbereich	seitenbereich	seitenbereich	seitenbereich
295	space	space	space	space	space	space
296	zeitrahmen	zeitrahmen	zeitrahmen	zeitrahmen	zeitrahmen	▁61
297	arbeitsvorrat	arbeitsvorrat	arbeitsvorrat	arbeitsvorrat	arbeitsvorrat	▁132
298	deployment	deployment	deployment	deployment	deployment	deployment
299	erstellen	erstellen	erstellen	erstellen	erstellen	erstellen
300	testplanart	klausel	testplanart	art	testplanart	art
301	space	space	space	space	space	space
302	assoziation	assoziation	assoziation	assoziation	assoziation	assoziation
303	space	space	space	space	space	space
304	erstellen	erstellen	erstellen	erstellen	erstellen	erstellen
305	vermögen	vermögen	vermögen	anlagenobjekt	vermögen	▁15
306	löschung	löschung	löschung	löschung	löschung	▁33
307	regel	regel	regel	regel	regel	▁107
308	änderungsdokument	änderungsdokument	änderungsdokument	änderungsdokument	änderungsdokument	▁28
309	art	klausel	art	art	art	art
310	erstellen	erstellen	erstellen	erstellen	erstellen	erstellen
311	konformitätsanforderingen	compliance	konformitätsanforderingen	konformitätsanfordern	konformitätsanforderingen	compliance
312	kategorie	ergebniskategorie	kategorie	ergebniskategorie	kategorie	▁26
313	datenzugriffskontrollen	datenzugriffskontrollen	datenzugriffskontrollen	datenzugriffskontrollen	datenzugriffskontrollen	▁7
314	benachrichtigung	meldung	benachrichtigung	meldung	benachrichtigung	benachrichtigung
315	erstellen	erstellen	erstellen	erstellen	erstellen	erstellen
316	space	space	space	space	space	space
317	dokument	dokument	dokument	dokument	dokument	▁51
318	einreich	einreich	einreich	antrag	einreich	▁110
319	gruppenrichtlinienen	gruppenrichtlinienen	gruppenrichtlinienen	gruppenrichtlinienen	gruppenrichtlinienen	▁63
320	änderung	änderung	änderung	änderung	änderung	▁57
321	assen	vermögen	assen	anlagenobjekt	assen	▁15
322	einsatzanweisung	einsatz	einsatzanweisung	aufgabe	einsatzanweisung	einsatz
323	anforderung	anforderung	anforderung	anforderung	anforderung	anforderung
324	dateikommentar	dateikommentar	dateikommentar	dateikommentar	dateikommentar	▁36
325	vorgehensweise	vorgehensweise	vorgehensweise	prozeß	vorgehensweise	▁3
326	erstellen	erstellen	erstellen	erstellen	erstellen	erstellen
327	kostenkomponenen	kostenkomponenen	kostenkomponenen	kostenkomponenen	kostenkomponenen	▁42
328	fehler	ereignis	fehler	ereignis	fehler	problem
329	abfrage	abfrage	abfrage	abfrage	abfrage	abfrage
330	workflow	workflow	workflow	workflow	workflow	workflow
331	erstellen	erstellen	erstellen	erstellen	erstellen	erstellen
332	rahmen	rahmen	rahmen	funktionsumfang	rahmen	▁120
333	space	space	space	space	space	space
334	tenant	tenant	tenant	tenant	tenant	▁142
335	status	status	status	status	status	status
336	stufe	stufe	stufe	stufe	stufe	▁129
337	datenquellen	datenquellen	datenquellen	datenquellen	datenquellen	▁127
338	verpackunstufen	verpackunstufen	verpackunstufen	ebenentyp	verpackunstufen	stufe
339	erstellen	erstellen	erstellen	erstellen	erstellen	erstellen
340	mapping	mapping	mapping	mapping	mapping	▁80
341	standort	standort	standort	lokation	standort	▁77
342	produktklassifikation	produktklassifikation	produktklassifikation	klassifikation	produktklassifikation	▁32
343	dokumenttyps	dokumenttyps	dokumenttyps	dokumenttyp	dokumenttyps	▁54
344	suchbegriff	suchbegriff	suchbegriff	suchbegriff	suchbegriff	▁143
345	erstellen	erstellen	erstellen	erstellen	erstellen	erstellen
346	terminplan	terminplan	terminplan	terminplan	terminplan	terminplan
347	release	release	release	release	release	release
348	grenzwert	grenzwert	grenzwert	grenzwert	grenzwert	grenzwert
349	servicegruppen	servicegruppen	servicegruppen	servicegruppen	servicegruppen	▁1
350	servicegruppen	servicegruppen	servicegruppen	servicegruppen	servicegruppen	▁62
351	einkommen	einkommen	einkommen	einkommen	einkommen	▁67
352	datenzugriffskontrollen	datenzugriffskontrollen	datenzugriffskontrollen	datenzugriffskontrollen	datenzugriffskontrollen	▁7
353	space	space	space	space	space	space
354	einschränkung	datenzugriffskontrollen	einschränkung	einschränkung	einschränkung	einschränkung
355	element	item	element	element	element	artikel
356	terminplan	terminplan	terminplan	terminplan	terminplan	terminplan
357	eigentümer	eigentümer	eigentümer	eigentümer	eigentümer	eigentümer
358	sequenz	reihenfolge	sequenz	reihenfolge	sequenz	reihenfolge
359	joint venturen accounting	joint venturen accounting	joint venturen accounting	joint venturen accounting	joint venturen accounting	joint venturen accounting
360	accounting	accounting	accounting	accounting	accounting	accounting
361	laden	hochgeladen	laden	hochgeladen	laden	▁76
362	template	template	template	template	template	▁141
363	batch	batch	batch	batch	batch	batch
364	▔ertrat<sos>	▔ertrat<sos>	▔ertrat<sos>	▔ertrat<sos>	▔ertrat<sos>	▁24
365	typ|type|typus	klausel	typ|type|typus	art	typ|type|typus	art
366	projektmanager	projektmanager	projektmanager	projektmanager	projektmanager	▁101
367	verlangen	verlangen	verlangen	anfordern	verlangen	▁111
368	▔ertrat<sos>	▔ertrat<sos>	▔ertrat<sos>	▔ertrat<sos>	▔ertrat<sos>	▁52
369	▔ertrat<sos>	▔ertrat<sos>	▔ertrat<sos>	wählen	▔ertrat<sos>	▁124
370	schnellzuordnungen	schnellaktion	schnellzuordnungen	aktion	schnellzuordnungen	▁8
371	schnellzuordnungen	schnellaktion	schnellzuordnungen	aktion	schnellzuordnungen	▁0
372	veraltet	veraltet	veraltet	veraltet	veraltet	▁84
373	release	release	release	release	release	release
374	auditlog	auditlog	auditlog	auditlog	auditlog	▁19
375	transaktion	transaktion	transaktion	transaktion	transaktion	transaktion
376	anwenden	anwenden	anwenden	anwenden	anwenden	anwenden
377	space	space	space	space	space	space
378	bereich	ansicht	bereich	ansicht	bereich	▁123
379	vorgang	vorgang	vorgang	vorgang	vorgang	vorgang
380	template	template	template	template	template	▁141
381	▔ertrat<sos>	▔ertrat<sos>	▔ertrat<sos>	▔ertrat<sos>	▔ertrat<sos>	▁98
382	nachricht	nachricht	nachricht	nachricht	nachricht	meldung
383	übertragung	übertragen	übertragung	übertragen	übertragung	übertragen
384	überprüfung	überprüfen	überprüfung	kontrollkästchen	überprüfung	▁31
385	compliance	compliance	compliance	konformitätsanfordern	compliance	compliance
386	führe	führe	führe	führe	führe	▁118
387	mindestbetragen	mindestbetragen	mindestbetragen	mindestbetragen	mindestbetragen	▁146
388	maßeinheit	maßeinheit	maßeinheit	maßeinheit	maßeinheit	▁148
389	projektmanager	projektmanager	projektmanager	projektmanager	projektmanager	▁101
390	anfordern	verlangen	anfordern	anfordern	anfordern	▁111
391	besetzen	besetzen	besetzen	besetzen	besetzen	▁128
392	verbindungsverwaltungen	verbindungsverwaltungen	verbindungsverwaltungen	verbindungsverwaltungen	verbindungsverwaltungen	▁39
393	offnen	offnen	offnen	offnen	offnen	▁85
394	erstellen	erstellen	erstellen	erstellen	erstellen	erstellen
395	space	space	space	space	space	space
396	geschäftsbenutzer	geschäftsbenutzer	geschäftsbenutzer	geschäftsbenutzer	geschäftsbenutzer	geschäftsbenutzer
397	lokation	standort	lokation	lokation	lokation	▁77
398	zahlungsdetails	zahlungsdetails	zahlungsdetails	zahlungsdetails	zahlungsdetails	zahlungsdetails
399	verbrauchsmodellen	verbrauchsmodellen	verbrauchsmodellen	verbrauchsmodell	verbrauchsmodellen	verbrauchsmodell
400	dokument	dokument	dokument	dokument	dokument	▁51
401	erstellen	erstellen	erstellen	erstellen	erstellen	erstellen
402	massenübertragung	übertragen	massenübertragung	übertragen	massenübertragung	übertragen
403	scopen	rahmen	scopen	funktionsumfang	scopen	▁120
404	datumsart	klausel	datumsart	art	datumsart	art
405	objekteinschaftsinformationen	objekteinschaftsinformationen	objekteinschaftsinformationen	objekteinschaftsinformationen	objekteinschaftsinformationen	▁102
406	zeitplan	terminplan	zeitplan	terminplan	zeitplan	terminplan
407	abfrage	abfrage	abfrage	abfrage	abfrage	abfrage
408	assoziation	assoziation	assoziation	assoziation	assoziation	assoziation
409	batch	batch	batch	batch	batch	batch
410	historie	historie	historie	historie	historie	▁64
411	berichtsaufgaben	berichtsperioden	berichtsaufgaben	bericht	berichtsaufgaben	bericht
412	▔ertrat<sos>	▔ertrat<sos>	▔ertrat<sos>	▔ertrat<sos>	▔ertrat<sos>	▁23
413	erstellen	erstellen	erstellen	erstellen	erstellen	erstellen
414	service	dienstleistung	service	service	service	service
415	audit	audit	audit	audit	audit	audit
416	szenarienen	szenarienen	szenarienen	szenarienen	szenarienen	▁119
417	gegenstand	item	gegenstand	element	gegenstand	artikel
418	anzeige	anzeige	anzeige	anzeige	anzeige	anzeige
419	dokumenttyp	dokumenttyps	dokumenttyp	dokumenttyp	dokumenttyp	▁54
420	bericht	berichtsperioden	bericht	bericht	bericht	bericht
421	paket	paket	paket	packstücke	paket	paket
422	zugriff	zugriff	zugriff	zugriff	zugriff	zugriff
423	herkunft	herkunft	herkunft	herkunft	herkunft	▁87
424	prognose	prognose	prognose	prognose	prognose	▁60
425	anlagenobjekt	vermögen	anlagenobjekt	anlagenobjekt	anlagenobjekt	▁15
426	warnungsanzeiger	hauptparametern	warnungsanzeiger	hauptparametern	warnungsanzeiger	▁68
427	referenharakteristiken	referenharakteristiken	referenharakteristiken	referenharakteristiken	referenharakteristiken	▁106
428	dokument	dokument	dokument	dokument	dokument	▁51
429	arbeitspaket	arbeitspaket	arbeitspaket	arbeitspaket	arbeitspaket	▁156
430	▔ertrat<sos>	erstellen	▔ertrat<sos>	erstellen	▔ertrat<sos>	erstellen
431	position	item	position	element	position	artikel
432	zeitrahmendefinitionen	zeitrahmendefinitionen	zeitrahmendefinitionen	zeitrahmendefinitionen	zeitrahmendefinitionen	▁145
433	werkzeugleisten	▔ertrat<sos>	werkzeugleisten	panel	werkzeugleisten	▁89
434	einrichtung	einrichtung	einrichtung	einrichtung	einrichtung	objekt
435	attributart	attributart	attributart	attributart	attributart	▁18
436	anrechtszuordnungen	anrechtszuordnungen	anrechtszuordnungen	anrechtszuordnungen	anrechtszuordnungen	▁55
437	ebene	datenschicht	ebene	datenschicht	ebene	▁75
438	wert	item	wert	element	wert	artikel
439	qerbindungsstatuen	konnektorinstanzen	qerbindungsstatuen	▔ertrat<sos>	qerbindungsstatuen	▁40
440	packstücke	paket	packstücke	packstücke	packstücke	paket
441	meldung	nachricht	meldung	nachricht	meldung	meldung
442	meldung	nachricht	meldung	nachricht	meldung	meldung
443	▔ertrat<sos>	▔ertrat<sos>	▔ertrat<sos>	kanban	▔ertrat<sos>	▁99
444	order	auftrag	order	auftrag	order	auftrag
445	kberwachungsliste	kberwachungsliste	kberwachungsliste	kberwachungsliste	kberwachungsliste	▁82
446	einschränkung	datenzugriffskontrollen	einschränkung	einschränkung	einschränkung	einschränkung
447	erstellen	erstellen	erstellen	erstellen	erstellen	erstellen
448	art	klausel	art	art	art	art
449	markieren	markieren	markieren	markieren	markieren	markieren
450	rohmaterial	rohmaterial	rohmaterial	rohmaterial	rohmaterial	rohmaterial
451	konformitätsbewertungen	konformitätsbewertungen	konformitätsbewertungen	konformitätsbewertungen	konformitätsbewertungen	▁14
452	konformitätsbewertungen	konformitätsbewertungen	konformitätsbewertungen	konformitätsbewertungen	konformitätsbewertungen	▁38
453	prozeß	verarbeitung	prozeß	prozeß	prozeß	verarbeitung
454	interaktion	interaktion	interaktion	interaktion	interaktion	▁71
455	produktionsversionen	release	produktionsversionen	release	produktionsversionen	release
456	lieferantenrechnungsdokumen	lieferantenrechnungsdokumen	lieferantenrechnungsdokumen	lieferantenrechnungsdokumen	lieferantenrechnungsdokumen	▁153
457	intercompanyen	intercompansen	intercompanyen	intercompanyen	intercompanyen	▁72
458	erstellen	erstellen	erstellen	erstellen	erstellen	erstellen
459	persönlich datum	versönlichen datum	persönlich datum	versönlichen datum	persönlich datum	▁95
460	verknüpfung	verknüpfung	verknüpfung	verknüpfung	verknüpfung	▁108
461	tabelle	tabelle ansicht	tabelle	tabelle	tabelle	▁139
462	importieren	importieren	importieren	importieren	importieren	importieren
463	hinweis	hinweis	hinweis	hinweis	hinweis	hinweis
464	anwenden	anwenden	anwenden	anwenden	anwenden	anwenden
465	agent	agent	agent	agent	agent	agent
466	suspend	suspend	suspend	suspend	suspend	▁138
467	aufteilungsschreite	zuteilung	aufteilungsschreite	aufteilungsschreite	aufteilungsschreite	▁10
468	anlage	anlage	anlage	anlage	anlage	▁17
469	auftragskarte	auftrag	auftragskarte	auftrag	auftragskarte	auftrag
470	abonnementartikel	abonnementartikel	abonnementartikel	abonnementartikel	abonnementartikel	▁134
471	vertrag	vertrag	vertrag	vertrag	vertrag	vertrag
472	klassifikation	produktklassifikation	klassifikation	klassifikation	klassifikation	▁32
473	kunde	kunde	kunde	kunde	kunde	▁43
474	eigenschaft	eigenschaft	eigenschaft	eigenschaft	eigenschaft	▁29
475	terminieren	terminieren	terminieren	terminieren	terminieren	▁144
476	ebenentyp	verpackunstufen	ebenentyp	ebenentyp	ebenentyp	stufe
477	space	space	space	space	space	space
478	art	klausel	art	art	art	art
479	zeitplan	terminplan	zeitplan	terminplan	zeitplan	terminplan
480	formatmappingen	mapping	formatmappingen	mapping	formatmappingen	▁80
481	betriebshandbuch	betriebshandbuch	betriebshandbuch	betriebshandbuch	betriebshandbuch	▁86
482	panel	▔ertrat<sos>	panel	panel	panel	▁89
483	verbleibsdauer	verfallszeien	verbleibsdauer	verbleibsdauer	verbleibsdauer	▁114
484	mapping	mapping	mapping	mapping	mapping	▁80
485	konformitätsanfordern	anforderung	konformitätsanfordern	anforderung	konformitätsanfordern	anforderung
486	meldung	meldung	meldung	meldung	meldung	benachrichtigung
487	aktualisieren	aktualisieren	aktualisieren	aktualisieren	aktualisieren	aktualisieren
488	schritt	schritt	schritt	schritt	schritt	schritt
489	datenanbieter	datenanbieter	datenanbieter	datenanbieter	datenanbieter	datenanbieter
490	zeitplan	terminplan	zeitplan	terminplan	zeitplan	terminplan
491	seitenbereich	seitenbereich	seitenbereich	seitenbereich	seitenbereich	seitenbereich
492	regeltyp	klausel	regeltyp	art	regeltyp	art
493	intercompanyen	intercompansen	intercompanyen	intercompanyen	intercompanyen	▁72
494	bewertungstypen	bewertungstypen	bewertungstypen	bewertungstypen	bewertungstypen	▁56
495	auftrag	auftrag	auftrag	auftrag	auftrag	auftrag
496	fest	fest	fest	fest	fest	fest
497	subscription	subscription	subscription	subscription	subscription	▁133
498	wählen	▔ertrat<sos>	wählen	wählen	wählen	▁124
499	erstellen	erstellen	erstellen	erstellen	erstellen	erstellen
500	standardwerten	standardwerten	standardwerten	standardwerten	standardwerten	▁46
501	position	item	position	element	position	artikel
502	bericht	berichtsperioden	bericht	bericht	bericht	bericht
503	prozeß	vorgehensweise	prozeß	prozeß	prozeß	▁3
504	aufgabe	aufgabe	aufgabe	aufgabe	aufgabe	aufgabe
505	mappngdateien	mapping	mappngdateien	mapping	mappngdateien	▁80
506	funktionsumfang	rahmen	funktionsumfang	funktionsumfang	funktionsumfang	▁120
507	aufgabe	einsatz	aufgabe	aufgabe	aufgabe	einsatz
508	kanban	▔ertrat<sos>	kanban	kanban	kanban	▁99
509	funktionsumfang	rahmen	funktionsumfang	funktionsumfang	funktionsumfang	▁120
510	verbrauchsmodellen	verbrauchsmodellen	verbrauchsmodellen	verbrauchsmodell	verbrauchsmodellen	verbrauchsmodell
511	antrag	einreich	antrag	antrag	antrag	▁110
512	verschieben	verschieben	verschieben	substitution	verschieben	▁135
513	konformitätsanfordern	compliance	konformitätsanfordern	konformitätsanfordern	konformitätsanfordern	compliance
514	finanzbericht	finanzbericht	finanzbericht	finanzbericht	finanzbericht	▁58
515	rechnungsübersichten	zusammenfassung	rechnungsübersichten	rechnungsübersichten	rechnungsübersichten	▁136
516	berechtigung	berechtigung	berechtigung	berechtigung	berechtigung	▁125
517	substitutionsplanungen	verschieben	substitutionsplanungen	substitution	substitutionsplanungen	▁135
518	▔ertrat<sos>	berichtsperioden	▔ertrat<sos>	bericht	▔ertrat<sos>	bericht
519	erstellung	erstellen	erstellung	erstellen	erstellung	erstellen
520	substitution	verschieben	substitution	substitution	substitution	▁135
521	bericht	berichtsperioden	bericht	bericht	bericht	bericht
522	alarm	alarm	alarm	alarm	alarm	alarm
523	anmerkung	anlage	anmerkung	anlage	anmerkung	▁17
524	kunde	kunde	kunde	kunde	kunde	▁43
525	aufgabe	aufgabe	aufgabe	aufgabe	aufgabe	aufgabe
526	abfrage	abfrage	abfrage	abfrage	abfrage	abfrage
527	auftrag	auftrag	auftrag	auftrag	auftrag	auftrag
528	teammitglied	teammitglied	teammitglied	teammitglied	teammitglied	teammitglied
529	objekt	einrichtung	objekt	einrichtung	objekt	objekt
530	änderungsprotokoll	änderungsprotokoll	änderungsprotokoll	änderungsprotokoll	änderungsprotokoll	▁78
531	änderungsprotokoll	nachricht	änderungsprotokoll	nachricht	änderungsprotokoll	meldung
532	stufe	verpackunstufen	stufe	ebenentyp	stufe	stufe
533	nachricht	nachricht	nachricht	nachricht	nachricht	meldung
534	verknüpfung	mapping	verknüpfung	mapping	verknüpfung	▁80
535	fertig	fertig	fertig	fertig	fertig	▁37
536	spaltentabellen	tabelle	spaltentabellen	spaltentabellen	spaltentabellen	tabelle
537	beschränkung	vorgabe	beschränkung	beschränkung	beschränkung	▁41
538	anforderung	anforderung	anforderung	anforderung	anforderung	anforderung
539	element	item	element	element	element	artikel
540	administration	administration	administration	administration	administration	▁9
541	verfügbarkeitsübereinstimmun	prozentualen	verfügbarkeitsübereinstimmun	prozentualen	verfügbarkeitsübereinstimmun	▁93
542	kollaborationsoption	kollaborationsoption	kollaborationsoption	kollaborationsoption	kollaborationsoption	▁34
