	tgt	pseudoref_first	tgt	pseudoref_frequent	tgt	pseudoref_predefined
0	contenedor	contenedor	contenedor	contenedor	contenedor	▁27
1	procesamiento paralelo	procesamiento paralelo	procesamiento paralelo	procesamiento paralelo	procesamiento paralelo	procesamiento paralelo
2	tarea	tarea	tarea	trabajo	tarea	tarea
3	informe	informe	informe	informe	informe	informe
4	promedio	promedio	promedio	promedio	promedio	▁11
5	elemento	elemento	elemento	elemento	elemento	elemento
6	explosión	explosión	explosión	explosión	explosión	▁44
7	agregar	agregar	agregar	agregar	agregar	agregar
8	gama	gama	gama	rango	gama	intervalo
9	origen	origen	origen	origen	origen	fuente
10	plantilla	plantilla	plantilla	plantilla	plantilla	modelo
11	fuente	origen	fuente	origen	fuente	fuente
12	editar	editar	editar	editar	editar	editar
13	restablece	restablece	restablece	restablecer	restablece	restablecer
14	agregar	agregar	agregar	agregar	agregar	agregar
15	incidente	incidente	incidente	incidente	incidente	▁48
16	plantilla	plantilla	plantilla	plantilla	plantilla	modelo
17	guardar	guardar	guardar	guardar	guardar	guardar
18	cancelar	cancelar	cancelar	anular	cancelar	▁92
19	pestaña	pestaña	pestaña	pestaña	pestaña	pestaña
20	socio	socio	socio	socio	socio	socio
21	norma	norma	norma	norma	norma	▁70
22	reestablece	restablece	reestablece	restablecer	reestablece	restablecer
23	categoría	categoría	categoría	categoría	categoría	▁21
24	programa	programa	programa	programa	programa	programación
25	encabezado	editar	encabezado	editar	encabezado	editar
26	completar	completar	completar	completar	completar	completar
27	pausa	pausa	pausa	detener	pausa	▁54
28	utilizar	utilizar	utilizar	usar	utilizar	uso
29	programa	programa	programa	programa	programa	programación
30	eliminar	eliminar	eliminar	eliminar	eliminar	eliminar
31	programación	programa	programación	programa	programación	programación
32	centro de trabajo	centro de trabajo	centro de trabajo	centro de trabajo	centro de trabajo	centro de trabajo
33	cliente	cliente	cliente	cliente	cliente	▁30
34	rango	gama	rango	rango	rango	intervalo
35	entrega	entrega	entrega	entrega	entrega	entrega
36	procesamiento	procesamiento	procesamiento	procesamiento	procesamiento	procesamiento
37	actualización	actualización	actualización	actualización	actualización	▁88
38	pestaña	pestaña	pestaña	pestaña	pestaña	pestaña
39	patrón de recurrencia	patrón de recurrencia	patrón de recurrencia	patrón de reaparición	patrón de recurrencia	▁66
40	público	público	público	público	público	público
41	programado	programa	programado	programa	programado	programación
42	▔	guardar	▔	guardar	▔	guardar
43	▔	▁1	▔	predeterminado	▔	▁34
44	restablecer	restablece	restablecer	restablecer	restablecer	restablecer
45	reabastecimiento	reabastecimiento	reabastecimiento	reabastecimiento	reabastecimiento	▁68
46	pestaña	pestaña	pestaña	pestaña	pestaña	pestaña
47	plantilla	plantilla	plantilla	plantilla	plantilla	modelo
48	procesar	procesar	procesar	procesar	procesar	procesar
49	trabajo	tarea	trabajo	trabajo	trabajo	tarea
50	patrón de reaparición	patrón de recurrencia	patrón de reaparición	patrón de reaparición	patrón de reaparición	▁66
51	pestaña	pestaña	pestaña	pestaña	pestaña	pestaña
52	completado	completar	completado	completar	completado	completar
53	informe	informe	informe	informe	informe	informe
54	nuevo versión	nuevo versión	nuevo versión	mosaico	nuevo versión	▁72
55	resultado	resultado	resultado	resultado	resultado	▁74
56	programado	programa	programado	programa	programado	programación
57	trabajo	tarea	trabajo	trabajo	trabajo	tarea
58	cliente	cliente	cliente	cliente	cliente	▁30
59	patrón de reaparición	patrón de recurrencia	patrón de reaparición	patrón de reaparición	patrón de reaparición	▁66
60	sustituto	sustituto	sustituto	sustituto	sustituto	▁79
61	revisión	revisión	revisión	revisión	revisión	revisión
62	función	función	función	función	función	función
63	cliente	cliente	cliente	cliente	cliente	▁30
64	llamar	llamar	llamar	llamar	llamar	llamar
65	pestaña	pestaña	pestaña	pestaña	pestaña	pestaña
66	replicación	replicación	replicación	replicación	replicación	replicación
67	bloquear	bloquear	bloquear	bloquear	bloquear	▁76
68	modificación	modificación	modificación	modificación	modificación	modificación
69	suprimir	eliminar	suprimir	eliminar	suprimir	eliminar
70	agregar	agregar	agregar	agregar	agregar	agregar
71	asignación cuenta	asignación cuenta	asignación cuenta	asignación cuenta	asignación cuenta	▁5
72	socio	socio	socio	socio	socio	socio
73	▔	▁1	▔	predeterminado	▔	▁34
74	anular	cancelar	anular	anular	anular	▁92
75	medida	medida	medida	medida	medida	medida
76	transacción	transacción	transacción	transacción	transacción	▁84
77	cliente	cliente	cliente	cliente	cliente	▁30
78	tipo	tipo	tipo	tipo	tipo	▁65
79	encabezado	encabezado	encabezado	encabezado	encabezado	▁47
80	rendimiento	rendimiento	rendimiento	rendimiento	rendimiento	rendimiento
81	lista de tarea	lista de tarea	lista de tarea	lista de tarea	lista de tarea	▁91
82	procedimiento	procedimiento	procedimiento	tipo	procedimiento	tipo
83	pestaña	pestaña	pestaña	pestaña	pestaña	pestaña
84	planificación	programa	planificación	programa	planificación	programación
85	lista	lista de tarea	lista	lista de tarea	lista	▁91
86	agregar	agregar	agregar	agregar	agregar	agregar
87	asignación	asignación	asignación	asignación	asignación	▁8
88	página de perfil	página de perfil	página de perfil	página de perfil	página de perfil	página de perfil
89	asignación	asignación	asignación	asignación	asignación	▁8
90	socio	socio	socio	socio	socio	socio
91	incidente	incidente	incidente	incidente	incidente	▁48
92	consumo	consumo	consumo	consumo	consumo	▁26
93	asignación	asignación	asignación	asignación	asignación	▁8
94	conjunto	conjunto	conjunto	conjunto	conjunto	conjunto
95	icono	icono	icono	icono	icono	icono
96	eliminar	eliminar	eliminar	eliminar	eliminar	eliminar
97	clasificación	clasificación	clasificación	clasificación	clasificación	▁77
98	tarea	tarea	tarea	trabajo	tarea	tarea
99	cliente	cliente	cliente	cliente	cliente	cliente
100	informe	informe	informe	informe	informe	informe
101	tarea	tarea	tarea	trabajo	tarea	tarea
102	activar	activar	activar	activar	activar	▁86
103	industria	procedimiento	industria	tipo	industria	tipo
104	socio	socio	socio	socio	socio	socio
105	predeterminado	▁1	predeterminado	predeterminado	predeterminado	▁34
106	usar	utilizar	usar	usar	usar	uso
107	tarifa	tarifa	tarifa	tarifa	tarifa	tarifa
108	confirmación de servicio	confirmación de servicio	confirmación de servicio	confirmación de servicio	confirmación de servicio	confirmación de servicio
109	asignación	asignación	asignación	asignación	asignación	▁8
110	cliente	cliente	cliente	cliente	cliente	▁30
111	elemento	elemento	elemento	elemento	elemento	elemento
112	incidente	incidente	incidente	incidente	incidente	▁48
113	▔	socio	▔	socio	▔	socio
114	grupo de tipo de producto	grupo de tipo de producto	grupo de tipo de producto	grupo de tipo de producto	grupo de tipo de producto	▁61
115	panel panel	pestaña	panel panel	pestaña	panel panel	pestaña
116	tipo de transacción	tipo de transacción	tipo de transacción	tipo de transacción	tipo de transacción	▁85
117	facturar	facturar	facturar	factura	facturar	facturar
118	problema	problema	problema	emisión	problema	problema
119	resultado	resultado	resultado	resultado	resultado	resultado
120	guardar	guardar	guardar	guardar	guardar	guardar
121	uso	utilizar	uso	usar	uso	uso
122	pestaña	pestaña	pestaña	pestaña	pestaña	pestaña
123	revisión	revisión	revisión	comprobar	revisión	▁23
124	contrato central	contrato central	contrato central	contrato central	contrato central	▁22
125	centro de trabajo	centro de trabajo	centro de trabajo	centro de trabajo	centro de trabajo	centro de trabajo
126	entrada	entrada	entrada	entrada	entrada	entrada
127	ámbito	ámbito	ámbito	ámbito	ámbito	▁73
128	utilizar	utilizar	utilizar	usar	utilizar	uso
129	cuadro	pestaña	cuadro	pestaña	cuadro	pestaña
130	asignación	procedimiento	asignación	tipo	asignación	tipo
131	compartición	compartición	compartición	compartición	compartición	compartición
132	requisito	requisito	requisito	requisito	requisito	requisito
133	modelo	plantilla	modelo	plantilla	modelo	modelo
134	botón	botón	botón	botón	botón	▁20
135	tiempo	tiempo	tiempo	tiempo	tiempo	tiempo
136	programación	programa	programación	programa	programación	programación
137	origen	origen	origen	origen	origen	fuente
138	uso	uso	uso	uso	uso	uso
139	medida	medida	medida	medida	medida	medida
140	centro de trabajo	centro de trabajo	centro de trabajo	centro de trabajo	centro de trabajo	centro de trabajo
141	tipo	procedimiento	tipo	tipo	tipo	tipo
142	medida	medida	medida	medida	medida	medida
143	modelo	plantilla	modelo	plantilla	modelo	modelo
144	incompleto	incompleto	incompleto	concluido	incompleto	▁25
145	guardar	guardar	guardar	guardar	guardar	guardar
146	nombre comercial	nombre comercial	nombre comercial	nombre comercial	nombre comercial	▁16
147	prepago	prepago	prepago	prepago	prepago	▁58
148	etapa de proceso	etapa de proceso	etapa de proceso	etapa de proceso	etapa de proceso	▁59
149	programa	programa	programa	programa	programa	programación
150	requisito	requisito	requisito	requisito	requisito	requisito
151	medida	medida	medida	medida	medida	medida
152	comprobar	revisión	comprobar	comprobar	comprobar	▁23
153	complemento	complemento	complemento	complemento	complemento	▁80
154	procesamiento paralelo	procesamiento paralelo	procesamiento paralelo	procesamiento paralelo	procesamiento paralelo	procesamiento paralelo
155	socio	socio	socio	socio	socio	socio
156	rendimiento	rendimiento	rendimiento	rendimiento	rendimiento	rendimiento
157	realizar	realizar	realizar	ejecutar	realizar	ejecutar
158	agregar	agregar	agregar	agregar	agregar	agregar
159	botón	botón	botón	botón	botón	▁20
160	comprobar	revisión	comprobar	comprobar	comprobar	▁23
161	lista de tarea	lista de tarea	lista de tarea	lista de tarea	lista de tarea	▁91
162	socio	socio	socio	socio	socio	socio
163	sitio	sitio	sitio	sitio	sitio	sitio
164	dirigido	dirigido	dirigido	dirigido	dirigido	▁35
165	etapa de proceso	etapa de proceso	etapa de proceso	etapa de proceso	etapa de proceso	▁59
166	afiliado sap	afiliado sap	afiliado sap	afiliado sap	afiliado sap	▁3
167	cuadro	cuadro	cuadro	cuadro	cuadro	▁57
168	socio	socio	socio	socio	socio	socio
169	agregar	agregar	agregar	agregar	agregar	agregar
170	eliminar	eliminar	eliminar	eliminar	eliminar	eliminar
171	socio	socio	socio	socio	socio	socio
172	bloqueo	bloqueo	bloqueo	bloquear	bloqueo	bloquear
173	plantilla	plantilla	plantilla	plantilla	plantilla	modelo
174	asignación	asignación	asignación	asignación	asignación	▁8
175	asignación	asignación	asignación	asignación	asignación	▁8
176	terminación	terminación	terminación	terminación	terminación	▁82
177	caso de uso	caso de uso	caso de uso	caso de uso	caso de uso	▁89
178	eliminar	eliminar	eliminar	eliminar	eliminar	eliminar
179	origen	origen	origen	origen	origen	fuente
180	intervalo	gama	intervalo	rango	intervalo	intervalo
181	etapa de proceso	etapa de proceso	etapa de proceso	etapa de proceso	etapa de proceso	▁59
182	defecto	▁1	defecto	predeterminado	defecto	▁34
183	conjunto de elemento	conjunto de elemento	conjunto de elemento	conjunto de elemento	conjunto de elemento	▁50
184	explosión	explosión	explosión	explosión	explosión	▁44
185	pestaña	pestaña	pestaña	pestaña	pestaña	pestaña
186	lista de tarea	lista de tarea	lista de tarea	lista de tarea	lista de tarea	▁91
187	lista de tarea	lista de tarea	lista de tarea	lista de tarea	lista de tarea	▁91
188	controlador de dato	controlador de dato	controlador de dato	controlador de dato	controlador de dato	▁31
189	aplicación cliente	aplicación cliente	aplicación cliente	aplicación cliente	aplicación cliente	aplicación cliente
190	tipo de vista	tipo de vista	tipo de vista	tipo de vista	tipo de vista	▁90
191	guardar	guardar	guardar	guardar	guardar	guardar
192	tarea	tarea	tarea	trabajo	tarea	tarea
193	medida	medida	medida	medida	medida	medida
194	plantilla	plantilla	plantilla	plantilla	plantilla	modelo
195	asignación	asignación	asignación	asignación	asignación	▁8
196	etapa	etapa	etapa	etapa	etapa	▁78
197	asignación	asignación	asignación	asignación	asignación	▁8
198	centro de trabajo	centro de trabajo	centro de trabajo	centro de trabajo	centro de trabajo	centro de trabajo
199	eliminar	eliminar	eliminar	cuenta	eliminar	▁67
200	agregue	agregar	agregue	agregar	agregue	agregar
201	actividad comercial	actividad comercial	actividad comercial	actividad comercial	actividad comercial	▁13
202	agregar	agregar	agregar	agregar	agregar	agregar
203	socio	socio	socio	socio	socio	socio
204	adquisición	adquisición	adquisición	adquisición	adquisición	▁6
205	plantilla	plantilla	plantilla	plantilla	plantilla	modelo
206	elemento	elemento	elemento	elemento	elemento	elemento
207	clase	clase	clase	clase	clase	clase
208	inventario	inventario	inventario	inventario	inventario	▁49
209	pestaña	pestaña	pestaña	pestaña	pestaña	pestaña
210	fecha/hora	tiempo	fecha/hora	tiempo	fecha/hora	tiempo
211	fecha/hora	fecha/hora	fecha/hora	fecha/hora	fecha/hora	▁33
212	fiori	fiori	fiori	fiori	fiori	▁51
213	actualización	actualización	actualización	actualización	actualización	▁87
214	artículo	elemento	artículo	elemento	artículo	elemento
215	centro de trabajo	centro de trabajo	centro de trabajo	centro de trabajo	centro de trabajo	centro de trabajo
216	predeterminado	▁1	predeterminado	predeterminado	predeterminado	▁34
217	guardar	guardar	guardar	guardar	guardar	guardar
218	tipo	procedimiento	tipo	tipo	tipo	tipo
219	compartición	compartición	compartición	compartición	compartición	compartición
220	modelo	plantilla	modelo	plantilla	modelo	modelo
221	mosaico	nuevo versión	mosaico	mosaico	mosaico	▁72
222	pestaña	pestaña	pestaña	pestaña	pestaña	pestaña
223	bloquear	bloquear	bloquear	bloquear	bloquear	▁76
224	plantilla de rol	plantilla de rol	plantilla de rol	plantilla	plantilla de rol	plantilla de rol
225	plantilla	plantilla	plantilla	plantilla	plantilla	modelo
226	artículo	elemento	artículo	elemento	artículo	elemento
227	añadir	agregar	añadir	agregar	añadir	agregar
228	uso	uso	uso	uso	uso	uso
229	punto	punto	punto	punto	punto	▁43
230	eliminar	eliminar	eliminar	eliminar	eliminar	eliminar
231	recuperación	recuperación	recuperación	recuperación	recuperación	▁69
232	organización de servicio	organización de servicio	organización de servicio	organización de servicio	organización de servicio	▁75
233	colección	colección	colección	colección	colección	recopilación
234	conjunto de artículo	conjunto de elemento	conjunto de artículo	conjunto de elemento	conjunto de artículo	▁50
235	filtrar	filtrar	filtrar	filtrar	filtrar	filtrar
236	programa	programa	programa	programa	programa	programación
237	predeterminado	▁1	predeterminado	predeterminado	predeterminado	▁34
238	plantilla	plantilla	plantilla	plantilla	plantilla	modelo
239	unión	unión	unión	unión	unión	unión
240	tipo de ejecución	tipo de ejecución	tipo de ejecución	tipo de ejecución	tipo de ejecución	▁71
241	patrón de reaparición	patrón de recurrencia	patrón de reaparición	patrón de reaparición	patrón de reaparición	▁66
242	declaración	declaración	declaración	declaración	declaración	declaración
243	función	función	función	función	función	función
244	ajuste	ajuste	ajuste	ajuste	ajuste	▁7
245	repositorio local	repositorio local	repositorio local	repositorio local	repositorio local	repositorio local
246	guardar	guardar	guardar	guardar	guardar	guardar
247	usar	utilizar	usar	usar	usar	uso
248	declaración	declaración	declaración	declaración	declaración	declaración
249	consumo	consumo	consumo	consumo	consumo	▁26
250	asignación	asignación	asignación	asignación	asignación	▁8
251	replicación	replicación	replicación	replicación	replicación	replicación
252	aprobación	aprobación	aprobación	aprobación	aprobación	▁9
253	aprobación	aprobación	aprobación	aprobación	aprobación	▁0
254	transferencia	transferencia	transferencia	transferencia	transferencia	transferencia
255	pestaña	pestaña	pestaña	pestaña	pestaña	pestaña
256	versión de producción	versión de producción	versión de producción	versión de producción	versión de producción	versión de producción
257	replicación	replicación	replicación	replicación	replicación	replicación
258	estado	bloquear	estado	bloquear	estado	▁76
259	informe	informe	informe	informe	informe	informe
260	usar	utilizar	usar	usar	usar	uso
261	guardar	guardar	guardar	guardar	guardar	guardar
262	etapa	etapa	etapa	paso	etapa	paso
263	objetivo	objetivo	objetivo	objetivo	objetivo	objetivo
264	contrato de cantidad	contrato de cantidad	contrato de cantidad	contrato de cantidad	contrato de cantidad	▁64
265	concluido	incompleto	concluido	concluido	concluido	▁25
266	modelo	plantilla	modelo	plantilla	modelo	modelo
267	aprobación	aprobación	aprobación	aprobación	aprobación	▁9
268	aprobación	aprobación	aprobación	aprobación	aprobación	▁0
269	emisión	problema	emisión	emisión	emisión	problema
270	informe	informe	informe	informe	informe	informe
271	pestaña	pestaña	pestaña	pestaña	pestaña	pestaña
272	cuadro	pestaña	cuadro	pestaña	cuadro	pestaña
273	socio	socio	socio	socio	socio	socio
274	red	red	red	red	red	red
275	socio	socio	socio	socio	socio	socio
276	editar	editar	editar	editar	editar	editar
277	modelo	plantilla	modelo	plantilla	modelo	modelo
278	eliminar	eliminar	eliminar	eliminar	eliminar	eliminar
279	sobre	sobre	sobre	sobre	sobre	▁4
280	socio	socio	socio	socio	socio	socio
281	rol	rol	rol	rol	rol	rol
282	modelo	plantilla	modelo	plantilla	modelo	modelo
283	gestión de desempeño	gestión de desempeño	gestión de desempeño	gestión de desempeño	gestión de desempeño	▁55
284	cuenta contrato	cuenta contrato	cuenta contrato	cuenta contrato	cuenta contrato	▁29
285	guardar	guardar	guardar	guardar	guardar	guardar
286	tipo	procedimiento	tipo	tipo	tipo	tipo
287	editar	editar	editar	editar	editar	editar
288	plantilla	plantilla	plantilla	plantilla	plantilla	modelo
289	tipo de impuesto	tipo de impuesto	tipo de impuesto	tipo de impuesto	tipo de impuesto	tipo de impuesto
290	uso	uso	uso	uso	uso	uso
291	aprobación	aprobación	aprobación	aprobación	aprobación	▁9
292	aprobación	aprobación	aprobación	aprobación	aprobación	▁0
293	contenido empresarial	contenido empresarial	contenido empresarial	contenido empresarial	contenido empresarial	contenido empresarial
294	procesamiento masivo	procesamiento masivo	procesamiento masivo	procesamiento masivo	procesamiento masivo	procesamiento en masa
295	programación	programa	programación	programa	programación	programación
296	trabajo	tarea	trabajo	trabajo	trabajo	tarea
297	objetivo	objetivo	objetivo	objetivo	objetivo	objetivo
298	plantilla	plantilla de rol	plantilla	plantilla	plantilla	plantilla de rol
299	programar	programa	programar	programa	programar	programación
300	pedir compra	pedir compra	pedir compra	pedir compra	pedir compra	▁2
301	sobre	sobre	sobre	sobre	sobre	▁4
302	socio	socio	socio	socio	socio	socio
303	conjunto de elemento	conjunto de elemento	conjunto de elemento	conjunto de elemento	conjunto de elemento	▁50
304	▔	pestaña	▔	pestaña	▔	pestaña
305	implementación	implementación	implementación	despliegue	implementación	▁36
306	pausar	pausa	pausar	detener	pausar	▁54
307	conformidad	conformidad	conformidad	conformidad	conformidad	evaluación
308	iflows	iflows	iflows	flujo	iflows	flujo
309	agregar	agregar	agregar	agregar	agregar	agregar
310	agregar	agregar	agregar	agregar	agregar	agregar
311	transacción	tipo de transacción	transacción	tipo de transacción	transacción	▁85
312	guardar	guardar	guardar	guardar	guardar	guardar
313	diseño	diseño	diseño	diseño	diseño	▁52
314	guardar	guardar	guardar	guardar	guardar	guardar
315	envío	envío	envío	envío	envío	envío
316	rol	rol	rol	rol	rol	rol
317	tipo	procedimiento	tipo	tipo	tipo	tipo
318	elemento	elemento	elemento	elemento	elemento	elemento
319	plantilla	plantilla	plantilla	plantilla	plantilla	modelo
320	plantilla	plantilla	plantilla	plantilla	plantilla	modelo
321	punto final	punto	punto final	punto	punto final	▁43
322	programación	programa	programación	programa	programación	programación
323	cuadro	cuadro	cuadro	cuadro	cuadro	▁46
324	agregar	agregar	agregar	agregar	agregar	agregar
325	recepción de mercancía	recepción de mercancía	recepción de mercancía	recepción de mercancía	recepción de mercancía	▁45
326	paso	etapa	paso	paso	paso	paso
327	envío	envío	envío	envío	envío	envío
328	tipo	procedimiento	tipo	tipo	tipo	tipo
329	tipo	procedimiento	tipo	tipo	tipo	tipo
330	horario	programa	horario	programa	horario	programación
331	pestaña	pestaña	pestaña	pestaña	pestaña	pestaña
332	socio	socio	socio	socio	socio	socio
333	calificación	calificación	calificación	calificación	calificación	calificación
334	socio	socio	socio	socio	socio	socio
335	dibujo	dibujo	dibujo	dibujo	dibujo	▁40
336	suprimir	eliminar	suprimir	eliminar	suprimir	eliminar
337	socio	socio	socio	socio	socio	socio
338	factura	facturar	factura	factura	factura	facturar
339	centro de trabajo	centro de trabajo	centro de trabajo	centro de trabajo	centro de trabajo	centro de trabajo
340	pestaña	pestaña	pestaña	pestaña	pestaña	pestaña
341	informe	informe	informe	informe	informe	informe
342	pestaña	pestaña	pestaña	pestaña	pestaña	pestaña
343	editar	editar	editar	editar	editar	editar
344	socio	socio	socio	socio	socio	socio
345	socio	socio	socio	socio	socio	socio
346	socio	socio	socio	socio	socio	socio
347	cuenta	cuenta	cuenta	cuenta	cuenta	▁38
348	socio	socio	socio	socio	socio	socio
349	recepción de mercancía	recepción de mercancía	recepción de mercancía	recepción de mercancía	recepción de mercancía	▁45
350	cuadro	pestaña	cuadro	pestaña	cuadro	pestaña
351	flujo	iflows	flujo	flujo	flujo	flujo
352	deseleccionar	deseleccionar	deseleccionar	deseleccionar	deseleccionar	▁37
353	eliminar	eliminar	eliminar	eliminar	eliminar	eliminar
354	pestaña	pestaña	pestaña	pestaña	pestaña	pestaña
355	requisito	requisito	requisito	requisito	requisito	requisito
356	cuota	cuota	cuota	cuota	cuota	cuota
357	agregar	agregar	agregar	agregar	agregar	agregar
358	medida	medida	medida	medida	medida	medida
359	tabla	pestaña	tabla	pestaña	tabla	pestaña
360	eliminar	eliminar	eliminar	eliminar	eliminar	eliminar
361	socio	socio	socio	socio	socio	socio
362	tarjeta	editar	tarjeta	editar	tarjeta	editar
363	agregar	agregar	agregar	agregar	agregar	agregar
364	pool	procedimiento	pool	tipo	pool	tipo
365	agregar	botón	agregar	botón	agregar	▁20
366	socio	socio	socio	socio	socio	socio
367	informe	informe	informe	informe	informe	informe
368	informe	informe	informe	informe	informe	informe
369	extensión	extensión	extensión	extensión	extensión	extensión
370	operación	cuenta	operación	cuenta	operación	▁38
371	eliminar	eliminar	eliminar	eliminar	eliminar	eliminar
372	procesamiento en masa	procesamiento masivo	procesamiento en masa	procesamiento masivo	procesamiento en masa	procesamiento en masa
373	unidad negocio	unidad negocio	unidad negocio	unidad negocio	unidad negocio	▁19
374	medida	medida	medida	medida	medida	medida
375	pestaña	pestaña	pestaña	pestaña	pestaña	pestaña
376	restablecer	restablece	restablecer	restablecer	restablecer	restablecer
377	concluir	completar	concluir	completar	concluir	completar
378	vencimiento	vencimiento	vencimiento	vencimiento	vencimiento	vencimiento
379	contrato	contrato	contrato	contrato	contrato	▁28
380	uso	uso	uso	uso	uso	uso
381	trasladar	trasladar	trasladar	trasladar	trasladar	▁53
382	suministrar	suministrar	suministrar	suministrar	suministrar	suministrar
383	paso	etapa	paso	paso	paso	paso
384	aprobación	aprobación	aprobación	aprobación	aprobación	▁9
385	aprobación	aprobación	aprobación	aprobación	aprobación	▁0
386	uso	utilizar	uso	usar	uso	uso
387	eliminar	eliminar	eliminar	eliminar	eliminar	eliminar
388	ubicación negocio	ubicación negocio	ubicación negocio	ubicación comercial	ubicación negocio	▁15
389	sobre	sobre	sobre	sobre	sobre	▁4
390	pestaña	pestaña	pestaña	pestaña	pestaña	pestaña
391	informe	informe	informe	informe	informe	informe
392	predeterminado	▁1	predeterminado	predeterminado	predeterminado	▁34
393	trabajo	tarea	trabajo	trabajo	trabajo	tarea
394	ámbito	ámbito	ámbito	ámbito	ámbito	▁73
395	guardar	guardar	guardar	guardar	guardar	guardar
396	informe	informe	informe	informe	informe	informe
397	guardar	guardar	guardar	guardar	guardar	guardar
398	agregar	agregar	agregar	agregar	agregar	agregar
399	trabajo	tarea	trabajo	trabajo	trabajo	tarea
400	mostrar	mostrar	mostrar	mostrar	mostrar	mostrar
401	utilizar	utilizar	utilizar	usar	utilizar	uso
402	guardar	guardar	guardar	guardar	guardar	guardar
403	ahorrar	guardar	ahorrar	guardar	ahorrar	guardar
404	elemento	elemento	elemento	elemento	elemento	elemento
405	despliegue	implementación	despliegue	despliegue	despliegue	▁36
406	medida	medida	medida	medida	medida	medida
407	administración	administración	administración	administración	administración	administración
408	socio	socio	socio	socio	socio	socio
409	socio	socio	socio	socio	socio	socio
410	socio	socio	socio	socio	socio	socio
411	promedio	promedio	promedio	promedio	promedio	▁11
412	socios	socio	socios	socio	socios	socio
413	medición	medida	medición	medida	medición	medida
414	▔	▁0	▔	▁	▔	▁32
415	recopilación	colección	recopilación	colección	recopilación	recopilación
416	elemento	elemento	elemento	elemento	elemento	elemento
417	cuenta	eliminar	cuenta	cuenta	cuenta	▁67
418	calificación	calificación	calificación	calificación	calificación	calificación
419	tarjeta	tarjeta	tarjeta	tarjeta	tarjeta	▁83
420	predeterminado	▁1	predeterminado	predeterminado	predeterminado	▁34
421	calificador	calificador	calificador	calificador	calificador	▁63
422	eliminar	eliminar	eliminar	eliminar	eliminar	eliminar
423	pestaña	pestaña	pestaña	pestaña	pestaña	pestaña
424	rol	rol	rol	rol	rol	rol
425	socios	socio	socios	socio	socios	socio
426	editar	editar	editar	editar	editar	editar
427	▔	pestaña	▔	pestaña	▔	pestaña
428	enlace	enlace	enlace	enlace	enlace	enlace
429	fuente	origen	fuente	origen	fuente	fuente
430	tipo	procedimiento	tipo	tipo	tipo	tipo
431	eliminación	eliminación	eliminación	eliminación	eliminación	▁42
432	enlace	enlace	enlace	enlace	enlace	enlace
433	dashboard	dashboard	dashboard	dashboard	dashboard	dashboard
434	pestaña	pestaña	pestaña	pestaña	pestaña	pestaña
435	socio	socio	socio	socio	socio	socio
436	parámetro	bloquear	parámetro	bloquear	parámetro	▁76
437	informe	informe	informe	informe	informe	informe
438	beneficio	beneficio	beneficio	beneficio	beneficio	▁12
439	regla comercial	regla comercial	regla comercial	regla comercial	regla comercial	▁18
440	socio	socio	socio	socio	socio	socio
441	pestaña	pestaña	pestaña	pestaña	pestaña	pestaña
442	agregar	agregar	agregar	agregar	agregar	agregar
443	socio	socio	socio	socio	socio	socio
444	publicación	problema	publicación	emisión	publicación	problema
445	socio	socio	socio	socio	socio	socio
446	▔	procedimiento	▔	tipo	▔	tipo
447	pestaña	pestaña	pestaña	pestaña	pestaña	pestaña
448	socio	socio	socio	socio	socio	socio
449	socio	socio	socio	socio	socio	socio
450	explosión	explosión	explosión	explosión	explosión	▁44
451	completar	completar	completar	completar	completar	completar
452	objetivo	objetivo	objetivo	objetivo	objetivo	objetivo
453	papel empresa	papel empresa	papel empresa	papel empresa	papel empresa	▁24
454	socios	socio	socios	socio	socios	socio
455	uso	uso	uso	uso	uso	uso
456	plantilla	plantilla	plantilla	plantilla	plantilla	modelo
457	mejora	mejora	mejora	mejora	mejora	mejora
458	objetivo	objetivo	objetivo	objetivo	objetivo	objetivo
459	rango	gama	rango	rango	rango	intervalo
460	flujo	iflows	flujo	flujo	flujo	flujo
461	plantilla de proceso	plantilla de proceso	plantilla de proceso	plantilla de proceso	plantilla de proceso	▁60
462	beneficios	beneficio	beneficios	beneficio	beneficios	▁12
463	tarifa	tarifa	tarifa	tarifa	tarifa	tarifa
464	programación	programa	programación	programa	programación	programación
465	eliminar	eliminar	eliminar	eliminar	eliminar	eliminar
466	entidad comercial	entidad comercial	entidad comercial	entidad comercial	entidad comercial	▁14
467	sitio	sitio	sitio	sitio	sitio	sitio
468	pedir de compra	pedir compra	pedir de compra	pedir compra	pedir de compra	▁2
469	estatus	estatus	estatus	estatus	estatus	▁10
470	aprobación	aprobación	aprobación	aprobación	aprobación	▁0
471	trabajo	tarea	trabajo	trabajo	trabajo	tarea
472	caso uso	caso de uso	caso uso	caso de uso	caso uso	▁89
473	programa	programa	programa	programa	programa	programación
474	término	término	término	término	término	término
475	socio	socio	socio	socio	socio	socio
476	plantilla	plantilla	plantilla	plantilla	plantilla	modelo
477	guardar	guardar	guardar	guardar	guardar	guardar
478	detener	pausa	detener	detener	detener	▁54
479	tipo de fecha	tipo de fecha	tipo de fecha	tipo de fecha	tipo de fecha	tipo de fecha
480	informante	informe	informante	informe	informante	informe
481	socio	socio	socio	socio	socio	socio
482	trabajo	tarea	trabajo	trabajo	trabajo	tarea
483	socio	socio	socio	socio	socio	socio
484	evaluación	conformidad	evaluación	conformidad	evaluación	evaluación
485	tipo	procedimiento	tipo	tipo	tipo	tipo
486	dunning	dunning	dunning	dunning	dunning	▁41
487	dunning	dunning	dunning	dunning	dunning	▁1
488	tiempo	tiempo	tiempo	tiempo	tiempo	tiempo
489	plantilla	plantilla	plantilla	plantilla	plantilla	modelo
490	modelo	plantilla	modelo	plantilla	modelo	modelo
491	miembro	miembro	miembro	miembro	miembro	miembro
492	tipo de plantilla	tipo de plantilla	tipo de plantilla	tipo de plantilla	tipo de plantilla	▁81
493	nombre	modificación	nombre	modificación	nombre	modificación
494	agregar	agregar	agregar	agregar	agregar	agregar
495	predeterminado	▁1	predeterminado	predeterminado	predeterminado	▁34
496	comentario	comentario	comentario	comentario	comentario	comentario
497	procesamiento masivo	procesamiento masivo	procesamiento masivo	procesamiento masivo	procesamiento masivo	procesamiento en masa
498	plantilla	plantilla	plantilla	plantilla	plantilla	modelo
499	pedir de producción	pedir de producción	pedir de producción	pedir de producción	pedir de producción	▁62
500	elemento	elemento	elemento	elemento	elemento	elemento
501	bloquear	bloqueo	bloquear	bloquear	bloquear	bloquear
502	ejecutar	realizar	ejecutar	ejecutar	ejecutar	ejecutar
503	ubicación comercial	ubicación negocio	ubicación comercial	ubicación comercial	ubicación comercial	▁15
504	ejecutar	realizar	ejecutar	ejecutar	ejecutar	ejecutar
505	programar	programa	programar	programa	programar	programación
506	pestaña	pestaña	pestaña	pestaña	pestaña	pestaña
507	guardar	guardar	guardar	guardar	guardar	guardar
508	eliminar	eliminar	eliminar	eliminar	eliminar	eliminar
509	agregar	agregar	agregar	agregar	agregar	agregar
510	fijación	fijación	fijación	fijación	fijación	fijación
511	lista de opción	lista de opción	lista de opción	lista de opción	lista de opción	▁56
512	archivo	archivo	archivo	adjunto	archivo	adjunto
513	adjunto	archivo	adjunto	adjunto	adjunto	adjunto
514	uso	utilizar	uso	usar	uso	uso
515	código de mostrar	código de mostrar	código de mostrar	código de mostrar	código de mostrar	código de mostrar
516	modelo	plantilla	modelo	plantilla	modelo	modelo
517	pestaña	pestaña	pestaña	pestaña	pestaña	pestaña
518	programa	programa	programa	programa	programa	programación
519	pestaña	pestaña	pestaña	pestaña	pestaña	pestaña
520	gestión	pestaña	gestión	pestaña	gestión	pestaña
521	socio	socio	socio	socio	socio	socio
522	agente	agente	agente	agente	agente	agente
523	tipo de documento	tipo de documento	tipo de documento	tipo de documento	tipo de documento	▁39
524	contrato	procedimiento	contrato	tipo	contrato	tipo
525	socio comercial	socio comercial	socio comercial	socio comercial	socio comercial	▁17
526	grupo de autorización	grupo de autorización	grupo de autorización	grupo de autorización	grupo de autorización	grupo de autorización
527	ejecutar	realizar	ejecutar	ejecutar	ejecutar	ejecutar
528	eliminar	eliminar	eliminar	eliminar	eliminar	eliminar
529	socio	socio	socio	socio	socio	socio
530	aprobación	aprobación	aprobación	aprobación	aprobación	▁9
531	aprobación	aprobación	aprobación	aprobación	aprobación	▁0
532	eliminar	eliminar	eliminar	eliminar	eliminar	eliminar
533	confirmación de servicio	confirmación de servicio	confirmación de servicio	confirmación de servicio	confirmación de servicio	confirmación de servicio
534	plantilla	plantilla	plantilla	plantilla	plantilla	modelo
535	guardar	guardar	guardar	guardar	guardar	guardar
536	socios	socio	socios	socio	socios	socio
537	layout	diseño	layout	diseño	layout	▁52
