	tgt	pseudoref_first	tgt	pseudoref_frequent	tgt	pseudoref_predefined
0	space	space	space	space	space	platz
1	speicherressourcen	speicherressourcen	speicherressourcen	speicherressourcen	speicherressourcen	▁51
2	teilen	teilen	teilen	teilen	teilen	freigeben
3	einschränkung	einschränkung	einschränkung	einschränkung	einschränkung	einschränkung
4	erstellen	erstellen	erstellen	erstellen	erstellen	anlegen
5	zuständigkeitsbereich	zuständigkeitsbereich	zuständigkeitsbereich	zuständigkeitsbereich	zuständigkeitsbereich	zuständigkeitsbereich
6	trigger	trigger	trigger	trigger	trigger	auslöser
7	konnektor	konnektor	konnektor	cloud	konnektor	konnektor
8	kreditor	kreditor	kreditor	customer	kreditor	customer
9	kreditor	kreditor	kreditor	kreditor	kreditor	kreditor
10	bedarfsorientieren	bedarfsorientieren	bedarfsorientieren	bedarfsorientieren	bedarfsorientieren	bedarfsorientieren
11	erstellen	erstellen	erstellen	erstellen	erstellen	anlegen
12	seitenbereich	seitenbereich	seitenbereich	seitenbereich	seitenbereich	seitenbereich
13	hauptindikator	hauptindikator	hauptindikator	beschäftigungsindikatoren	hauptindikator	▁22
14	abfrage	abfrage	abfrage	abfrage	abfrage	abfrage
15	provider	provider	provider	provider	provider	anbieter
16	space	space	space	space	space	platz
17	buchungskreisübergreifend	buchungskreisübergreifend	buchungskreisübergreifend	unternehmensübergreifend	buchungskreisübergreifend	buchungskreisübergreifend
18	verlauf	verlauf	verlauf	verlauf	verlauf	verlauf
19	releasen	releasen	releasen	release	releasen	freigabe
20	datenprovider	datenprovider	datenprovider	datenprovider	datenprovider	datenanbieter
21	zugriffskontrolle	zugriffskontrolle	zugriffskontrolle	zugriffskontrolle	zugriffskontrolle	zugriffskontrolle
22	datenprovider	datenprovider	datenprovider	datenprovider	datenprovider	datenanbieter
23	bereich	bereich	bereich	bereich	bereich	bereich
24	provider	provider	provider	provider	provider	anbieter
25	provider	provider	provider	provider	provider	anbieter
26	release	releasen	release	release	release	freigabe
27	zuweisen	zuweisen	zuweisen	zuweisen	zuweisen	zuweisen
28	speicherquoten	speicherressourcen	speicherquoten	speicherressourcen	speicherquoten	▁51
29	platz	space	platz	space	platz	platz
30	zeitraum	zeitraum	zeitraum	periode	zeitraum	periode
31	datenprovider	datenprovider	datenprovider	datenprovider	datenprovider	datenanbieter
32	erstellen	erstellen	erstellen	erstellen	erstellen	anlegen
33	datenprovider	datenprovider	datenprovider	datenprovider	datenprovider	datenanbieter
34	space	space	space	space	space	platz
35	datenprovider	datenprovider	datenprovider	datenprovider	datenprovider	datenanbieter
36	verbrauchsmodell	verbrauchsmodell	verbrauchsmodell	verbrauchsmodell	verbrauchsmodell	verbrauchsmodell
37	referenzmenge	referenzmenge	referenzmenge	referenzmenge	referenzmenge	referenzmenge
38	periode	zeitraum	periode	periode	periode	periode
39	stammpfad	stammpfad	stammpfad	stammpfad	stammpfad	▁42
40	klauseltyp	klauseltyp	klauseltyp	art	klauseltyp	art
41	abnahme	abnahme	abnahme	abnahme	abnahme	abnahme
42	space	space	space	space	space	platz
43	überarbeitet version	überarbeitet version	überarbeitet version	überarbeitet	überarbeitet version	überarbeitet version
44	datenprovider	datenprovider	datenprovider	datenprovider	datenprovider	datenanbieter
45	startdatum	startdatum	startdatum	startdatum	startdatum	▁49
46	preisfindungsdatum	preisfindungsdatum	preisfindungsdatum	preisfindungsdatum	preisfindungsdatum	preisfindungsdatum
47	schicht	schicht	schicht	layer	schicht	layer
48	erstellen	erstellen	erstellen	erstellen	erstellen	anlegen
49	space	space	space	space	space	platz
50	skalierungstyp	klauseltyp	skalierungstyp	art	skalierungstyp	art
51	zeitplan	zeitplan	zeitplan	terminplan	zeitplan	dokument
52	übersicht	übersicht	übersicht	rechnungszusammenfassungsrollen	übersicht	übersicht
53	space	space	space	space	space	platz
54	berichtzeiträumen	berichtzeiträumen	berichtzeiträumen	report	berichtzeiträumen	bericht
55	verbrauchsmodell	verbrauchsmodell	verbrauchsmodell	verbrauchsmodell	verbrauchsmodell	verbrauchsmodell
56	einfügeauslöser	trigger	einfügeauslöser	trigger	einfügeauslöser	auslöser
57	auftrag	auftrag	auftrag	auftrag	auftrag	auftrag
58	cliente	cliente	cliente	analyse	cliente	▁11
59	zeitintervall	zeitintervall	zeitintervall	zeitintervall	zeitintervall	▁24
60	space	space	space	space	space	platz
61	erstellen	erstellen	erstellen	erstellen	erstellen	anlegen
62	aufgabenprotokollen	aufgabenprotokollen	aufgabenprotokollen	aufgabenprotokollen	aufgabenprotokollen	▁54
63	provider	provider	provider	provider	provider	anbieter
64	cloud	konnektor	cloud	cloud	cloud	konnektor
65	release	releasen	release	release	release	freigabe
66	qualifikation	qualifikation	qualifikation	qualifikation	qualifikation	qualifikation
67	provider	provider	provider	provider	provider	anbieter
68	datenprovider	datenprovider	datenprovider	datenprovider	datenprovider	datenanbieter
69	menü	menü	menü	menü	menü	menü
70	speicherzuordnungen	speicherzuordnungen	speicherzuordnungen	speicherzuordnungen	speicherzuordnungen	▁3
71	datenprovider	datenprovider	datenprovider	datenprovider	datenprovider	datenanbieter
72	release	releasen	release	release	release	freigabe
73	nachricht	nachricht	nachricht	nachricht	nachricht	meldung
74	platz	space	platz	space	platz	platz
75	endbenutzer	endbenutzer	endbenutzer	endbenutzer	endbenutzer	endbenutzer
76	datenprovider	datenprovider	datenprovider	datenprovider	datenprovider	datenanbieter
77	datenprovider	datenprovider	datenprovider	datenprovider	datenprovider	datenanbieter
78	erstellen	erstellen	erstellen	erstellen	erstellen	anlegen
79	erstellen	erstellen	erstellen	erstellen	erstellen	anlegen
80	space	space	space	space	space	platz
81	klickpfadleiste	klickpfadleiste	klickpfadleiste	klickpfadleiste	klickpfadleiste	▁6
82	provider	provider	provider	provider	provider	anbieter
83	meldungskennungen	meldungskennungen	meldungskennungen	meldung	meldungskennungen	meldung
84	betriebswirtschaftlichern name	betriebswirtschaftlichern name	betriebswirtschaftlichern name	betriebswirtschaftlichern name	betriebswirtschaftlichern name	betriebswirtschaftlichern name
85	arbeitsplatzeben	arbeitsplatzeben	arbeitsplatzeben	arbeitsplatzeben	arbeitsplatzeben	▁57
86	residenzzeien	residenzzeien	residenzzeien	residenzzeien	residenzzeien	residenzzeien
87	auslöser	trigger	auslöser	trigger	auslöser	auslöser
88	identifikatorwerten	identifikatorwerten	identifikatorwerten	identifikatorwerten	identifikatorwerten	▁21
89	▔ertrat<sos>	▔ertrat<sos>	▔ertrat<sos>	▔ertrat<sos>	▔ertrat<sos>	▁1
90	▔ertrat<sos>	startdatum	▔ertrat<sos>	startdatum	▔ertrat<sos>	▁49
91	schlüsselzuordnungen	schlüsselzuordnungen	schlüsselzuordnungen	schlüsselzuordnungen	schlüsselzuordnungen	schlüsselzuordnungen
92	datenauswahl	datenauswahl	datenauswahl	datenauswahl	datenauswahl	datenauswahl
93	item	item	item	artikel	item	artikel
94	minden	minden	minden	minden	minden	▁29
95	▔ertrat<sos>	seitenbereich	▔ertrat<sos>	seitenbereich	▔ertrat<sos>	seitenbereich
96	space	space	space	space	space	platz
97	space	space	space	space	space	platz
98	erlauben	erlauben	erlauben	erlauben	erlauben	erlauben
99	▔ertrat<sos>	minden	▔ertrat<sos>	minden	▔ertrat<sos>	▁29
100	schnellaktion	schnellaktion	schnellaktion	aktion	schnellaktion	action
101	schnellaktion	schnellaktion	schnellaktion	aktion	schnellaktion	action
102	bedingung	bedingung	bedingung	bedingung	bedingung	bedingung
103	compliance	compliance	compliance	compliance	compliance	compliance
104	datenprovider	datenprovider	datenprovider	datenprovider	datenprovider	datenanbieter
105	release	releasen	release	release	release	freigabe
106	assistent	erstellen	assistent	erstellen	assistent	anlegen
107	berechtigungstypen	klauseltyp	berechtigungstypen	art	berechtigungstypen	art
108	cloud	konnektor	cloud	cloud	cloud	konnektor
109	space	space	space	space	space	platz
110	zeitplan	zeitplan	zeitplan	terminplan	zeitplan	dokument
111	änderung	änderung	änderung	änderung	änderung	änderung
112	ergebniskategorie	ergebniskategorie	ergebniskategorie	ergebniskategorie	ergebniskategorie	warengruppe
113	dienst	dienst	dienst	dienst	dienst	service
114	datenprovider	datenprovider	datenprovider	datenprovider	datenprovider	datenanbieter
115	zuweisen	zuweisen	zuweisen	zuweisen	zuweisen	zuweisen
116	platz	space	platz	space	platz	platz
117	analyse	analyse	analyse	analyse	analyse	analyse
118	anlegen	erstellen	anlegen	erstellen	anlegen	anlegen
119	space	space	space	space	space	platz
120	speicherressourcen	speicherressourcen	speicherressourcen	speicherressourcen	speicherressourcen	▁51
121	freigeben	teilen	freigeben	teilen	freigeben	freigeben
122	release	releasen	release	release	release	freigabe
123	zugriffskontrolle	zugriffskontrolle	zugriffskontrolle	zugriffskontrolle	zugriffskontrolle	zugriffskontrolle
124	datenbeschränkung	datenbeschränkung	datenbeschränkung	einschränkung	datenbeschränkung	einschränkung
125	zeitplan	zeitplan	zeitplan	zeitplan	zeitplan	▁45
126	schnittstelle	schnittstelle	schnittstelle	schnittstelle	schnittstelle	schnittstelle
127	nachricht	nachricht	nachricht	nachricht	nachricht	meldung
128	implementierung	implementierung	implementierung	implementierung	implementierung	deployment
129	datenprovider	datenprovider	datenprovider	datenprovider	datenprovider	datenanbieter
130	referenzditten	referenzditten	referenzditten	referenzditten	referenzditten	▁39
131	implementierung	implementierung	implementierung	implementierung	implementierung	deployment
132	release	releasen	release	release	release	freigabe
133	datenprovider	datenprovider	datenprovider	datenprovider	datenprovider	datenanbieter
134	implementierung	implementierung	implementierung	implementierung	implementierung	deployment
135	aktualisieren	aktualisieren	aktualisieren	aktualisieren	aktualisieren	aktualisieren
136	qualifikation	qualifikation	qualifikation	qualifikation	qualifikation	qualifikation
137	feedback	feedback	feedback	feedback	feedback	feedback
138	datenprovider	datenprovider	datenprovider	datenprovider	datenprovider	datenanbieter
139	einfugen	einfugen	einfugen	einfugen	einfugen	▁23
140	tabelle	tabelle	tabelle	tabelle	tabelle	tabelle
141	analyse	analyse	analyse	analyse	analyse	analyse
142	implementierung	implementierung	implementierung	implementierung	implementierung	deployment
143	space	space	space	space	space	platz
144	personenbezogen datum	personenbezogen datum	personenbezogen datum	personenbezogen datum	personenbezogen datum	personenbezogen datum
145	arbeitsplatzzuweissen	arbeitsplatzeben	arbeitsplatzzuweissen	arbeitsplatzeben	arbeitsplatzzuweissen	▁57
146	anlegen	erstellen	anlegen	erstellen	anlegen	anlegen
147	release	releasen	release	release	release	freigabe
148	space	space	space	space	space	platz
149	▔ertrat<sos>	▔ertrat<sos>	▔ertrat<sos>	▔ertrat<sos>	▔ertrat<sos>	▁7
150	verbrauchsmodell	verbrauchsmodell	verbrauchsmodell	verbrauchsmodell	verbrauchsmodell	verbrauchsmodell
151	problem	problem	problem	problem	problem	problem
152	verbrauchsmodell	verbrauchsmodell	verbrauchsmodell	verbrauchsmodell	verbrauchsmodell	verbrauchsmodell
153	startdatum	startdatum	startdatum	startdatum	startdatum	▁49
154	manageabel	manageabel	manageabel	manageabel	manageabel	▁31
155	implementierung	implementierung	implementierung	implementierung	implementierung	deployment
156	job	job	job	job	job	job
157	space	space	space	space	space	platz
158	space	space	space	space	space	platz
159	kapazitätsangebot	kapazitätsangebot	kapazitätsangebot	kapazitätsangebot	kapazitätsangebot	kapazitätsangebot
160	kontrakt	kontrakt	kontrakt	kontrakt	kontrakt	kontrakt
161	erneuerung	erneuerung	erneuerung	erneuerung	erneuerung	erneuerung
162	datenprovider	datenprovider	datenprovider	datenprovider	datenprovider	datenanbieter
163	▔ertrat<sos>	space	▔ertrat<sos>	space	▔ertrat<sos>	platz
164	platz	space	platz	space	platz	platz
165	erstellen	erstellen	erstellen	erstellen	erstellen	anlegen
166	datenbeschränken	datenbeschränkung	datenbeschränken	einschränkung	datenbeschränken	einschränkung
167	übertragen	übertragen	übertragen	übertragen	übertragen	übertragen
168	erneuerung	erneuerung	erneuerung	erneuerung	erneuerung	erneuerung
169	verbrauchsmodell	verbrauchsmodell	verbrauchsmodell	verbrauchsmodell	verbrauchsmodell	verbrauchsmodell
170	space	space	space	space	space	platz
171	tischservice	tischservice	tischservice	tischservice	tischservice	▁2
172	tischservice	dienst	tischservice	dienst	tischservice	service
173	verweisattribut	referenzditten	verweisattribut	referenzditten	verweisattribut	▁39
174	▔ertrat<sos>	item	▔ertrat<sos>	artikel	▔ertrat<sos>	artikel
175	space	space	space	space	space	platz
176	endbenutzer	endbenutzer	endbenutzer	endbenutzer	endbenutzer	endbenutzer
177	content	content	content	content	content	▁14
178	grafisch view	grafisch view	grafisch view	grafisch view	grafisch view	grafisch view
179	problem	problem	problem	problem	problem	problem
180	problemfenster	problemfenster	problemfenster	bereich	problemfenster	bereich
181	periode	periode	periode	periode	periode	periode
182	sql	sql	sql	sql	sql	▁43
183	aktualisierung	aktualisieren	aktualisierung	aktualisieren	aktualisierung	aktualisieren
184	nachricht	nachricht	nachricht	nachricht	nachricht	meldung
185	▔ertrat<sos>	space	▔ertrat<sos>	space	▔ertrat<sos>	platz
186	trigger	trigger	trigger	trigger	trigger	auslöser
187	seitenbereich	seitenbereich	seitenbereich	seitenbereich	seitenbereich	seitenbereich
188	erstellen	erstellen	erstellen	erstellen	erstellen	anlegen
189	art	klauseltyp	art	art	art	art
190	nachricht	nachricht	nachricht	nachricht	nachricht	meldung
191	auftragung	auftrag	auftragung	auftrag	auftragung	auftrag
192	meldung	meldungskennungen	meldung	meldung	meldung	meldung
193	sitzung	sitzung	sitzung	sitzung	sitzung	sitzung
194	dokument	zeitplan	dokument	terminplan	dokument	dokument
195	beleg	beleg	beleg	beleg	beleg	beleg
196	terminplan	zeitplan	terminplan	terminplan	terminplan	dokument
197	diagramm	diagramm	diagramm	diagramm	diagramm	diagramm
198	releasebeschränkungsnotizen	releasen	releasebeschränkungsnotizen	release	releasebeschränkungsnotizen	freigabe
199	datumsauswahlaren	klauseltyp	datumsauswahlaren	art	datumsauswahlaren	art
200	beleg	beleg	beleg	beleg	beleg	beleg
201	überarbeitet	überarbeitet version	überarbeitet	überarbeitet	überarbeitet	überarbeitet version
202	datenprovider	datenprovider	datenprovider	datenprovider	datenprovider	datenanbieter
203	benachrichtigung	benachrichtigung	benachrichtigung	benachrichtigung	benachrichtigung	benachrichtigung
204	übertragen	übertragen	übertragen	übertragen	übertragen	übertragen
205	erstellen	erstellen	erstellen	erstellen	erstellen	anlegen
206	startseite	startseite	startseite	startseite	startseite	▁34
207	restriktion	datenbeschränkung	restriktion	einschränkung	restriktion	einschränkung
208	über	über	über	über	über	über
209	compliance	compliance	compliance	compliance	compliance	compliance
210	tabellenansicht	tabellenansicht	tabellenansicht	tabellenansicht	tabellenansicht	tabellenansicht
211	routing	routing	routing	routing	routing	weiterleitung
212	speichertyp	speichertyp	speichertyp	speichertyp	speichertyp	speichertyp
213	analyse	cliente	analyse	analyse	analyse	▁11
214	prüfung	prüfung	prüfung	prüfung	prüfung	prüfung
215	verbrauchsmodell	verbrauchsmodell	verbrauchsmodell	verbrauchsmodell	verbrauchsmodell	verbrauchsmodell
216	terminplan	zeitplan	terminplan	terminplan	terminplan	dokument
217	abfrage	abfrage	abfrage	abfrage	abfrage	abfrage
218	space	space	space	space	space	platz
219	einsatz	einsatz	einsatz	einsatz	einsatz	einsatz
220	warteschlange	warteschlange	warteschlange	warteschlange	warteschlange	warteschlange
221	umrecenuhunus	umrecenuhunus	umrecenuhunus	umrecenuhunus	umrecenuhunus	▁37
222	work	work	work	work	work	work
223	art	klauseltyp	art	art	art	art
224	artikel	item	artikel	artikel	artikel	artikel
225	aktion	schnellaktion	aktion	aktion	aktion	action
226	aktion	schnellaktion	aktion	aktion	aktion	action
227	terminplan	zeitplan	terminplan	terminplan	terminplan	dokument
228	anlegen	erstellen	anlegen	erstellen	anlegen	anlegen
229	intercompanyen	buchungskreisübergreifend	intercompanyen	unternehmensübergreifend	intercompanyen	buchungskreisübergreifend
230	nutzung	nutzung	nutzung	nutzung	nutzung	nutzung
231	produktionsauftragen	produktionsauftragen	produktionsauftragen	produktionsauftragen	produktionsauftragen	produktionsauftragen
232	produktionsauftragen	produktionsauftragen	produktionsauftragen	produktionsauftragen	produktionsauftragen	produktionsauftragen
233	dokumentstatusen	dokumentstatusen	dokumentstatusen	dokumentstatusen	dokumentstatusen	dokumentstatusen
234	belegung	belegung	belegung	belegung	belegung	▁4
235	space	space	space	space	space	platz
236	versandtypen	klauseltyp	versandtypen	art	versandtypen	art
237	bestand	bestand	bestand	bestand	bestand	bestand
238	hochbelastungsperioden	hochbelastungsperioden	hochbelastungsperioden	hochbelastungsperioden	hochbelastungsperioden	▁25
239	fehlerbehebung	fehlerbehebung	fehlerbehebung	fehlerbehebung	fehlerbehebung	fehlerbehebung
240	datenzugriffskontrollen	zugriffskontrolle	datenzugriffskontrollen	zugriffskontrolle	datenzugriffskontrollen	zugriffskontrolle
241	erforderlich	erforderlich	erforderlich	erforderlich	erforderlich	▁41
242	pausieren	pausieren	pausieren	pausieren	pausieren	pausieren
243	aktualisieren	aktualisieren	aktualisieren	aktualisieren	aktualisieren	aktualisieren
244	annehmen	annehmen	annehmen	annehmen	annehmen	annehmen
245	artikel	item	artikel	artikel	artikel	artikel
246	auskunft	auskunft	auskunft	auskunft	auskunft	auskunft
247	anbieter	provider	anbieter	provider	anbieter	anbieter
248	tätigkeit	tätigkeit	tätigkeit	aufgabe	tätigkeit	aufgabe
249	verarbeitung	verarbeitung	verarbeitung	verarbeitung	verarbeitung	verarbeitung
250	sammlung	sammlung	sammlung	sammlung	sammlung	sammlung
251	symbol	symbol	symbol	symbol	symbol	symbol
252	standardmäßig	standardmäßig	standardmäßig	standardmäßig	standardmäßig	▁15
253	verkauf	verkauf	verkauf	verkauf	verkauf	verkauf
254	verkauf	verkauf	verkauf	verkauf	verkauf	verkauf
255	einfugen	einsatz	einfugen	einsatz	einfugen	einsatz
256	beleg	beleg	beleg	beleg	beleg	beleg
257	zahlwege	zahlwege	zahlwege	zahlwege	zahlwege	zahlwege
258	splitkritereimen	splitkritereimen	splitkritereimen	splitkritereimen	splitkritereimen	▁47
259	materialgruppen	materialgruppen	materialgruppen	materialgruppen	materialgruppen	▁28
260	personenbezogen datum	personenbezogen datum	personenbezogen datum	personenbezogen datum	personenbezogen datum	personenbezogen datum
261	bericht	berichtzeiträumen	bericht	report	bericht	bericht
262	scheck	prüfung	scheck	prüfung	scheck	prüfung
263	compliance	compliance	compliance	compliance	compliance	compliance
264	punktzahl	punktzahl	punktzahl	punktzahl	punktzahl	punktzahl
265	reihenfolge	reihenfolge	reihenfolge	abfolge	reihenfolge	abfolge
266	anlegen	erstellen	anlegen	erstellen	anlegen	anlegen
267	versand	versand	versand	versand	versand	▁9
268	abweichung	abweichung	abweichung	abweichung	abweichung	abweichung
269	weiterleitung	routing	weiterleitung	routing	weiterleitung	weiterleitung
270	mitteilung	benachrichtigung	mitteilung	benachrichtigung	mitteilung	benachrichtigung
271	verifizierung	verifizierung	verifizierung	verifizierung	verifizierung	verifizierung
272	folgend	folgend	folgend	folgend	folgend	▁17
273	action	schnellaktion	action	aktion	action	action
274	action	schnellaktion	action	aktion	action	action
275	kraftstoff	kraftstoff	kraftstoff	kraftstoff	kraftstoff	▁55
276	terminplan	terminplan	terminplan	terminplan	terminplan	▁27
277	terminplan	zeitplan	terminplan	terminplan	terminplan	dokument
278	teilen	teilen	teilen	teilen	teilen	freigeben
279	verfügbarkeitsmatchen	verfügbarkeitsmatchen	verfügbarkeitsmatchen	verfügbarkeitsmatchen	verfügbarkeitsmatchen	▁36
280	zuweisen	zuweisen	zuweisen	zuweisen	zuweisen	zuweisen
281	compliance	compliance	compliance	compliance	compliance	compliance
282	eigenschaftenwerten	eigenschaftenwerten	eigenschaftenwerten	eigenschaftenwerten	eigenschaftenwerten	▁56
283	erstellen	erstellen	erstellen	erstellen	erstellen	anlegen
284	behalten	verlauf	behalten	verlauf	behalten	verlauf
285	aufbewahrungszeitraumen	aufbewahrungszeitraumen	aufbewahrungszeitraumen	aufbewahrungszeitraumen	aufbewahrungszeitraumen	aufbewahrungszeitraumen
286	element	item	element	artikel	element	artikel
287	▔ertrat<sos>	erstellen	▔ertrat<sos>	erstellen	▔ertrat<sos>	anlegen
288	zahlungsempfehlungen	zahlungsempfehlungen	zahlungsempfehlungen	zahlungsempfehlungen	zahlungsempfehlungen	▁35
289	folgend	folgend	folgend	folgend	folgend	▁17
290	text in dialog	text in dialog	text in dialog	text in dialog	text in dialog	text in dialog
291	vertrag	kontrakt	vertrag	kontrakt	vertrag	kontrakt
292	report	berichtzeiträumen	report	report	report	bericht
293	datenpunkt	datenpunkt	datenpunkt	datenpunkt	datenpunkt	datenpunkt
294	seitenbereich	seitenbereich	seitenbereich	seitenbereich	seitenbereich	seitenbereich
295	space	space	space	space	space	platz
296	anforderungszeitraumen	anforderungszeitraumen	anforderungszeitraumen	anforderungszeitraumen	anforderungszeitraumen	▁18
297	filiale	filiale	filiale	filiale	filiale	filiale
298	deployment	implementierung	deployment	implementierung	deployment	deployment
299	erstellen	erstellen	erstellen	erstellen	erstellen	anlegen
300	testplan	klauseltyp	testplan	art	testplan	art
301	space	space	space	space	space	platz
302	assoziation	assoziation	assoziation	assoziation	assoziation	assoziation
303	space	space	space	space	space	platz
304	erstellen	erstellen	erstellen	erstellen	erstellen	anlegen
305	vermögenswert	vermögenswert	vermögenswert	anlage	vermögenswert	anlage
306	ausgleichsbeleg	ausgleichsbeleg	ausgleichsbeleg	ausgleichsbeleg	ausgleichsbeleg	ausgleichsbeleg
307	vorschrift	vorschrift	vorschrift	vorschrift	vorschrift	vorschrift
308	änderungsdokument	änderungsdokument	änderungsdokument	änderungsdokument	änderungsdokument	▁10
309	art	klauseltyp	art	art	art	art
310	anlegen	erstellen	anlegen	erstellen	anlegen	anlegen
311	compliance	compliance	compliance	compliance	compliance	compliance
312	warengruppe	ergebniskategorie	warengruppe	ergebniskategorie	warengruppe	warengruppe
313	zugriffskontrolle	zugriffskontrolle	zugriffskontrolle	zugriffskontrolle	zugriffskontrolle	zugriffskontrolle
314	benachrichtigung	benachrichtigung	benachrichtigung	benachrichtigung	benachrichtigung	benachrichtigung
315	▔ertrat<sos>	erstellen	▔ertrat<sos>	erstellen	▔ertrat<sos>	anlegen
316	space	space	space	space	space	platz
317	beleg	beleg	beleg	beleg	beleg	beleg
318	antrag	antrag	antrag	antrag	antrag	antrag
319	grupperungsregeln	grupperungsregeln	grupperungsregeln	grupperungsregeln	grupperungsregeln	▁20
320	ausführen	ausführen	ausführen	ausführen	ausführen	ausführen
321	anlageabschreibunwerten	vermögenswert	anlageabschreibunwerten	anlage	anlageabschreibunwerten	anlage
322	einsatzänderung	einsatz	einsatzänderung	einsatz	einsatzänderung	einsatz
323	bedarf	bedarf	bedarf	anforderung	bedarf	anforderung
324	comment	comment	comment	comment	comment	comment
325	verfahren	verfahren	verfahren	verfahren	verfahren	verfahren
326	erstellen	erstellen	erstellen	erstellen	erstellen	anlegen
327	kostenkomponen	kostenkomponen	kostenkomponen	kostenkomponen	kostenkomponen	▁13
328	problem	problem	problem	problem	problem	problem
329	abfrage	abfrage	abfrage	abfrage	abfrage	abfrage
330	workflow	workflow	workflow	workflow	workflow	workflow
331	anlegen	erstellen	anlegen	erstellen	anlegen	anlegen
332	umfang	umfang	umfang	funktionsscopen	umfang	konsolidierungskreisen
333	space	space	space	space	space	platz
334	mandant	mandant	mandant	mandant	mandant	mandant
335	status	status	status	status	status	status
336	abschnitt	abschnitt	abschnitt	abschnitt	abschnitt	abschnitt
337	datenquellen	datenquellen	datenquellen	datenquellen	datenquellen	▁46
338	verpackunstufen	verpackunstufen	verpackunstufen	stufe	verpackunstufen	stufe
339	erstellen	erstellen	erstellen	erstellen	erstellen	anlegen
340	zuordnung	zuordnung	zuordnung	zuordnung	zuordnung	zuordnung
341	ort	ort	ort	ort	ort	ort
342	klassifikation	klassifikation	klassifikation	klassifikation	klassifikation	klassifikation
343	dokumentart	dokumentart	dokumentart	dokumentart	dokumentart	dokumentart
344	term	term	term	term	term	term
345	creaen	erstellen	creaen	erstellen	creaen	anlegen
346	terminplan	zeitplan	terminplan	terminplan	terminplan	dokument
347	release	releasen	release	release	release	freigabe
348	grenzwert	grenzwert	grenzwert	grenzwert	grenzwert	grenzwert
349	group	group	group	group	group	group
350	group	group	group	group	group	▁19
351	einnahme	einnahme	einnahme	einnahme	einnahme	einnahme
352	zugriffskontrolle	zugriffskontrolle	zugriffskontrolle	zugriffskontrolle	zugriffskontrolle	zugriffskontrolle
353	space	space	space	space	space	platz
354	einschränkung	datenbeschränkung	einschränkung	einschränkung	einschränkung	einschränkung
355	element	item	element	artikel	element	artikel
356	zeitplan	zeitplan	zeitplan	terminplan	zeitplan	dokument
357	eigentümer	eigentümer	eigentümer	eigentümer	eigentümer	eigentümer
358	abfolge	reihenfolge	abfolge	abfolge	abfolge	abfolge
359	joint venturen accounting	joint venturen accounting	joint venturen accounting	joint venturen accounting	joint venturen accounting	joint venturen accounting
360	kostenobjeken	kostenobjeken	kostenobjeken	kostenobjeken	kostenobjeken	▁0
361	laden	hochbelastungsperioden	laden	hochbelastungsperioden	laden	▁25
362	vorlage	vorlage	vorlage	vorlage	vorlage	vorlage
363	batchen	batchen	batchen	batchen	batchen	charge
364	wählen	wählen	wählen	wählen	wählen	▁8
365	profiltypen	klauseltyp	profiltypen	art	profiltypen	art
366	projektleitern	projektleitern	projektleitern	projektleitern	projektleitern	▁38
367	anfragen	anfragen	anfragen	anfragen	anfragen	anfragen
368	belegklassen	belegklassen	belegklassen	belegklassen	belegklassen	belegklassen
369	auswählen	auswählen	auswählen	auswählen	auswählen	auswählen
370	aktion	schnellaktion	aktion	aktion	aktion	action
371	aktion	schnellaktion	aktion	aktion	aktion	action
372	obsolet	obsolet	obsolet	obsolet	obsolet	obsolet
373	release	releasen	release	release	release	freigabe
374	audit	audit	audit	audit	audit	audit
375	transaktion	transaktion	transaktion	transaktion	transaktion	transaktion
376	anwenden	anwenden	anwenden	anwenden	anwenden	anwenden
377	space	space	space	space	space	platz
378	▔ertrat<sos>	bereich	▔ertrat<sos>	bereich	▔ertrat<sos>	bereich
379	vorgang	vorgang	vorgang	vorgang	vorgang	vorgang
380	vorlage	vorlage	vorlage	vorlage	vorlage	vorlage
381	hauptansprechpartner	hauptansprechpartner	hauptansprechpartner	hauptansprechpartner	hauptansprechpartner	hauptansprechpartner
382	nachricht	nachricht	nachricht	nachricht	nachricht	meldung
383	übertragung	übertragen	übertragung	übertragen	übertragung	übertragen
384	prüfung	prüfung	prüfung	prüfung	prüfung	prüfung
385	compliance	compliance	compliance	compliance	compliance	compliance
386	lauf	lauf	lauf	lauf	lauf	lauf
387	überweisungsbetragen	überweisungsbetragen	überweisungsbetragen	überweisungsbetragen	überweisungsbetragen	überweisungsbetragen
388	mengeneinheien	mengeneinheien	mengeneinheien	mengeneinheien	mengeneinheien	mengeneinheien
389	projektleitern	projektleitern	projektleitern	projektleitern	projektleitern	▁38
390	anfragen	anfragen	anfragen	anfragen	anfragen	anfragen
391	zuordnen	zuordnen	zuordnen	zuordnen	zuordnen	▁48
392	konnektivität	konnektivität	konnektivität	konnektivität	konnektivität	konnektivität
393	offener	offener	offener	offener	offener	▁32
394	erstellen	erstellen	erstellen	erstellen	erstellen	anlegen
395	space	space	space	space	space	platz
396	geschäftsbenutzer	geschäftsbenutzer	geschäftsbenutzer	geschäftsbenutzer	geschäftsbenutzer	geschäftsbenutzer
397	standort	ort	standort	ort	standort	ort
398	zahlungsdetails	zahlungsdetails	zahlungsdetails	zahlungsdetails	zahlungsdetails	zahlungsdetails
399	verbrauchsmodell	verbrauchsmodell	verbrauchsmodell	verbrauchsmodell	verbrauchsmodell	verbrauchsmodell
400	beleg	beleg	beleg	beleg	beleg	beleg
401	erstellen	erstellen	erstellen	erstellen	erstellen	anlegen
402	massentransfer	übertragen	massentransfer	übertragen	massentransfer	übertragen
403	konsolidierungskreisen	umfang	konsolidierungskreisen	funktionsscopen	konsolidierungskreisen	konsolidierungskreisen
404	datentyp	klauseltyp	datentyp	art	datentyp	art
405	immobilie	immobilie	immobilie	immobilie	immobilie	immobilie
406	terminplan	zeitplan	terminplan	terminplan	terminplan	dokument
407	abfrage	abfrage	abfrage	abfrage	abfrage	abfrage
408	zuordnung	assoziation	zuordnung	assoziation	zuordnung	assoziation
409	charge	batchen	charge	batchen	charge	charge
410	verlauf	verlauf	verlauf	verlauf	verlauf	verlauf
411	berichtaufgeben	berichtzeiträumen	berichtaufgeben	report	berichtaufgeben	bericht
412	betriebswirtschaftlichern name	betriebswirtschaftlichern name	betriebswirtschaftlichern name	betriebswirtschaftlichern name	betriebswirtschaftlichern name	betriebswirtschaftlichern name
413	erstellen	erstellen	erstellen	erstellen	erstellen	anlegen
414	service	dienst	service	dienst	service	service
415	audit	audit	audit	audit	audit	audit
416	szenario	szenario	szenario	szenario	szenario	szenario
417	element	item	element	artikel	element	artikel
418	anzeige	anzeige	anzeige	anzeige	anzeige	anzeige
419	dokumentenaren	dokumentart	dokumentenaren	dokumentart	dokumentenaren	dokumentart
420	report	berichtzeiträumen	report	report	report	bericht
421	paket	paket	paket	packstück	paket	packstück
422	zugriff	zugriff	zugriff	zugriff	zugriff	zugriff
423	ursprung	ursprung	ursprung	ursprung	ursprung	ursprung
424	forecaen	forecaen	forecaen	forecaen	forecaen	forecaen
425	anlage	vermögenswert	anlage	anlage	anlage	anlage
426	beschäftigungsindikatoren	hauptindikator	beschäftigungsindikatoren	beschäftigungsindikatoren	beschäftigungsindikatoren	▁22
427	bezugsmerkmalen	bezugsmerkmalen	bezugsmerkmalen	bezugsmerkmalen	bezugsmerkmalen	▁40
428	dokument	beleg	dokument	beleg	dokument	beleg
429	work	work	work	work	work	work
430	erstellen	erstellen	erstellen	erstellen	erstellen	anlegen
431	artikel	item	artikel	artikel	artikel	artikel
432	zeitraum	zeitraum	zeitraum	zeitraum	zeitraum	zeitraum
433	bereich	problemfenster	bereich	bereich	bereich	bereich
434	objekt	objekt	objekt	objekt	objekt	objekt
435	attributypen	attributypen	attributypen	attributypen	attributypen	▁5
436	anrecht	anrecht	anrecht	anrecht	anrecht	anrecht
437	layer	schicht	layer	layer	layer	layer
438	artikelwert	item	artikelwert	artikel	artikelwert	artikel
439	konnektor	konnektor	konnektor	cloud	konnektor	konnektor
440	packstück	paket	packstück	packstück	packstück	packstück
441	meldung	nachricht	meldung	nachricht	meldung	meldung
442	systemmeldung	nachricht	systemmeldung	nachricht	systemmeldung	meldung
443	zusatzinformation	zusatzinformation	zusatzinformation	verfahren	zusatzinformation	verfahren
444	fulfillment	auftrag	fulfillment	auftrag	fulfillment	auftrag
445	kberwachungsliste	kberwachungsliste	kberwachungsliste	kberwachungsliste	kberwachungsliste	▁30
446	einschränkung	datenbeschränkung	einschränkung	einschränkung	einschränkung	einschränkung
447	erstellen	erstellen	erstellen	erstellen	erstellen	anlegen
448	typ|type|typus	klauseltyp	typ|type|typus	art	typ|type|typus	art
449	markieren	markieren	markieren	markieren	markieren	markieren
450	rohmaterial	rohmaterial	rohmaterial	rohmaterial	rohmaterial	rohmaterial
451	bewertung	bewertung	bewertung	bewertung	bewertung	bewertung
452	compliance	compliance	compliance	compliance	compliance	compliance
453	verarbeitung	verarbeitung	verarbeitung	verarbeitung	verarbeitung	verarbeitung
454	kontakt	kontakt	kontakt	kontakt	kontakt	kontakt
455	freigabe	releasen	freigabe	release	freigabe	freigabe
456	kreditorenrechnehen	kreditorenrechnehen	kreditorenrechnehen	kreditorenrechnehen	kreditorenrechnehen	kreditorenrechnehen
457	unternehmensübergreifend	buchungskreisübergreifend	unternehmensübergreifend	unternehmensübergreifend	unternehmensübergreifend	buchungskreisübergreifend
458	erstellen	erstellen	erstellen	erstellen	erstellen	anlegen
459	personenbezogen datum	personenbezogen datum	personenbezogen datum	personenbezogen datum	personenbezogen datum	personenbezogen datum
460	relation	relation	relation	relation	relation	relation
461	tabellenansicht	tabellenansicht	tabellenansicht	tabellenansicht	tabellenansicht	tabellenansicht
462	importieren	importieren	importieren	importieren	importieren	importieren
463	hinweis	hinweis	hinweis	hinweis	hinweis	hinweis
464	anwenden	anwenden	anwenden	anwenden	anwenden	anwenden
465	agent	agent	agent	agent	agent	agent
466	warteschlange	warteschlange	warteschlange	warteschlange	warteschlange	▁53
467	verrechnungschreiten	speicherzuordnungen	verrechnungschreiten	speicherzuordnungen	verrechnungschreiten	▁3
468	anhang	anhang	anhang	anhang	anhang	anhang
469	auftragskarte	auftrag	auftragskarte	auftrag	auftragskarte	auftrag
470	abonnementpositionen	abonnementpositionen	abonnementpositionen	abonnementpositionen	abonnementpositionen	▁52
471	kontrakt	kontrakt	kontrakt	kontrakt	kontrakt	kontrakt
472	klassifizierung	klassifikation	klassifizierung	klassifikation	klassifizierung	klassifikation
473	customer	kreditor	customer	customer	customer	customer
474	merkmal	merkmal	merkmal	merkmal	merkmal	merkmal
475	beenden	beenden	beenden	beenden	beenden	beenden
476	stufe	verpackunstufen	stufe	stufe	stufe	stufe
477	spacen	space	spacen	space	spacen	platz
478	typ	klauseltyp	typ	art	typ	art
479	zeitplan	zeitplan	zeitplan	terminplan	zeitplan	dokument
480	formatzuordnehen	zuordnung	formatzuordnehen	zuordnung	formatzuordnehen	zuordnung
481	anwendungsbetreiben	anwendungsbetreiben	anwendungsbetreiben	anwendungsbetreiben	anwendungsbetreiben	▁33
482	bereich	problemfenster	bereich	bereich	bereich	bereich
483	verweildauern	aufbewahrungszeitraumen	verweildauern	aufbewahrungszeitraumen	verweildauern	aufbewahrungszeitraumen
484	zuordnung	zuordnung	zuordnung	zuordnung	zuordnung	zuordnung
485	requirement	bedarf	requirement	anforderung	requirement	anforderung
486	benachrichtigung	benachrichtigung	benachrichtigung	benachrichtigung	benachrichtigung	benachrichtigung
487	regenerieren	aktualisieren	regenerieren	aktualisieren	regenerieren	aktualisieren
488	berechnungsschreiten	berechnungsschreiten	berechnungsschreiten	berechnungsschreiten	berechnungsschreiten	▁50
489	datenanbieter	datenprovider	datenanbieter	datenprovider	datenanbieter	datenanbieter
490	terminplan	zeitplan	terminplan	terminplan	terminplan	dokument
491	seitenbereich	seitenbereich	seitenbereich	seitenbereich	seitenbereich	seitenbereich
492	regeltyp	klauseltyp	regeltyp	art	regeltyp	art
493	unternehmensübergreifend	buchungskreisübergreifend	unternehmensübergreifend	unternehmensübergreifend	unternehmensübergreifend	buchungskreisübergreifend
494	bewertungsaren	bewertungsaren	bewertungsaren	bewertungsaren	bewertungsaren	bewertungsaren
495	auftragen	auftrag	auftragen	auftrag	auftragen	auftrag
496	fest	fest	fest	fest	fest	fest
497	abonnement	abonnement	abonnement	abonnement	abonnement	abonnement
498	auswählen	auswählen	auswählen	auswählen	auswählen	auswählen
499	▔ertrat<sos>	erstellen	▔ertrat<sos>	erstellen	▔ertrat<sos>	anlegen
500	standardwerten	standardwerten	standardwerten	standardwerten	standardwerten	▁16
501	artikelnummer	item	artikelnummer	artikel	artikelnummer	artikel
502	report	berichtzeiträumen	report	report	report	bericht
503	verfahren	verfahren	verfahren	verfahren	verfahren	verfahren
504	aufgabe	tätigkeit	aufgabe	aufgabe	aufgabe	aufgabe
505	zuordnung	zuordnung	zuordnung	zuordnung	zuordnung	zuordnung
506	funktionsscopen	umfang	funktionsscopen	funktionsscopen	funktionsscopen	konsolidierungskreisen
507	einsatz	einsatz	einsatz	einsatz	einsatz	einsatz
508	verfahren	zusatzinformation	verfahren	verfahren	verfahren	verfahren
509	funktionsscopen	umfang	funktionsscopen	funktionsscopen	funktionsscopen	konsolidierungskreisen
510	verbrauchsmodell	verbrauchsmodell	verbrauchsmodell	verbrauchsmodell	verbrauchsmodell	verbrauchsmodell
511	request	antrag	request	antrag	request	antrag
512	ersetzung	ersetzung	ersetzung	ersetzung	ersetzung	ersetzung
513	compliance	compliance	compliance	compliance	compliance	compliance
514	finanzberichten	finanzberichten	finanzberichten	finanzberichten	finanzberichten	finanzberichten
515	rechnungszusammenfassungsrollen	übersicht	rechnungszusammenfassungsrollen	rechnungszusammenfassungsrollen	rechnungszusammenfassungsrollen	übersicht
516	anmeldezeichen	anmeldezeichen	anmeldezeichen	anmeldezeichen	anmeldezeichen	▁44
517	pflanzenersetzungen	ersetzung	pflanzenersetzungen	ersetzung	pflanzenersetzungen	ersetzung
518	abschaltung	berichtzeiträumen	abschaltung	report	abschaltung	bericht
519	erstellen	erstellen	erstellen	erstellen	erstellen	anlegen
520	ersetzung	ersetzung	ersetzung	ersetzung	ersetzung	ersetzung
521	bericht	berichtzeiträumen	bericht	report	bericht	bericht
522	alarm	alarm	alarm	alarm	alarm	alarm
523	anlage	anhang	anlage	anhang	anlage	anhang
524	ioon	kreditor	ioon	customer	ioon	customer
525	tasks	tätigkeit	tasks	aufgabe	tasks	aufgabe
526	abfrage	abfrage	abfrage	abfrage	abfrage	abfrage
527	auftrag	auftrag	auftrag	auftrag	auftrag	auftrag
528	teammitglied	teammitglied	teammitglied	teammitglied	teammitglied	teammitglied
529	objektinformationen	objekt	objektinformationen	objekt	objektinformationen	objekt
530	protokoll	protokoll	protokoll	protokoll	protokoll	▁26
531	messageänderungsprotokoll	nachricht	messageänderungsprotokoll	nachricht	messageänderungsprotokoll	meldung
532	stufe	verpackunstufen	stufe	stufe	stufe	stufe
533	nachricht	nachricht	nachricht	nachricht	nachricht	meldung
534	zuordnung	zuordnung	zuordnung	zuordnung	zuordnung	zuordnung
535	abschließen	abschließen	abschließen	abschließen	abschließen	abschließen
536	tabelle	tabelle	tabelle	tabelle	tabelle	tabelle
537	einschränkung	einschränkung	einschränkung	einschränkung	einschränkung	einschränkung
538	anforderung	bedarf	anforderung	anforderung	anforderung	anforderung
539	position	item	position	artikel	position	artikel
540	verwaltung	verwaltung	verwaltung	verwaltung	verwaltung	verwaltung
541	übereinstimmungsprozentual	verfügbarkeitsmatchen	übereinstimmungsprozentual	verfügbarkeitsmatchen	übereinstimmungsprozentual	▁36
542	frachtooperationsoption	frachtooperationsoption	frachtooperationsoption	frachtooperationsoption	frachtooperationsoption	▁12
