	tgt	pseudoref_first	tgt	pseudoref_frequent	tgt	pseudoref_predefined
0	raum	raum	raum	raum	raum	space
1	speicherressourcen	speicherressourcen	speicherressourcen	speicherressourcen	speicherressourcen	▁119
2	übermitteln	übermitteln	übermitteln	teilen	übermitteln	teilen
3	einschränkung	einschränkung	einschränkung	einschränkung	einschränkung	einschränkung
4	erstellen	erstellen	erstellen	erstellen	erstellen	erstellen
5	verantwortungsbereich	verantwortungsbereich	verantwortungsbereich	verantwortungsbereich	verantwortungsbereich	▁11
6	trigger	trigger	trigger	trigger	trigger	▁131
7	connector	connector	connector	anschlußstelle	connector	▁34
8	debitor	debitor	debitor	debitor	debitor	debitor
9	lieferant	lieferant	lieferant	lieferant	lieferant	▁124
10	anforderungsgesteuern	anforderungsgesteuern	anforderungsgesteuern	anforderungsgesteuern	anforderungsgesteuern	▁38
11	erstellen	erstellen	erstellen	erstellen	erstellen	erstellen
12	seitenbedienfelden	seitenbedienfelden	seitenbedienfelden	seitenbedienfeld	seitenbedienfelden	▁113
13	indikator	indikator	indikator	beschäftigungsanzeigen	indikator	indikator
14	abfrage	abfrage	abfrage	abfrage	abfrage	abfrage
15	anbieter	anbieter	anbieter	anbieter	anbieter	anbieter
16	raum	raum	raum	raum	raum	space
17	unternehmensübergreifen	unternehmensübergreifen	unternehmensübergreifen	intercompanyen	unternehmensübergreifen	▁63
18	verlaufshistorie	verlaufshistorie	verlaufshistorie	historie	verlaufshistorie	▁57
19	version	version	version	veröffentlichung	version	release
20	datenanbieter	datenanbieter	datenanbieter	datenanbieter	datenanbieter	datenanbieter
21	datenzugriffssteuern	datenzugriffssteuern	datenzugriffssteuern	datenzugriffssteuern	datenzugriffssteuern	▁7
22	datenprovider	datenanbieter	datenprovider	datenanbieter	datenprovider	datenanbieter
23	bereich	bereich	bereich	bereich	bereich	bereich
24	anbieter	anbieter	anbieter	anbieter	anbieter	anbieter
25	anbieter	anbieter	anbieter	anbieter	anbieter	anbieter
26	veröffentlichung	version	veröffentlichung	veröffentlichung	veröffentlichung	release
27	zuwiesen	zuwiesen	zuwiesen	zugewiesen	zuwiesen	zuweisen
28	speicherplatz	speicherressourcen	speicherplatz	speicherressourcen	speicherplatz	▁119
29	speicherplatz	raum	speicherplatz	raum	speicherplatz	space
30	zeitraum	zeitraum	zeitraum	zeitperiode	zeitraum	zeitraum
31	datenanbieterprofil	datenanbieter	datenanbieterprofil	datenanbieter	datenanbieterprofil	datenanbieter
32	erstellen	erstellen	erstellen	erstellen	erstellen	erstellen
33	datenanbieter	datenanbieter	datenanbieter	datenanbieter	datenanbieter	datenanbieter
34	space	raum	space	raum	space	space
35	datenanbieter	datenanbieter	datenanbieter	datenanbieter	datenanbieter	datenanbieter
36	konsummodell	konsummodell	konsummodell	verbrauchsmodell	konsummodell	verbrauchsmodell
37	referenzgröße	referenzgröße	referenzgröße	referenzgröße	referenzgröße	▁95
38	zeitperiode	zeitraum	zeitperiode	zeitperiode	zeitperiode	zeitraum
39	stammpfad	stammpfad	stammpfad	stammpfad	stammpfad	▁104
40	klauselart	klauselart	klauselart	art	klauselart	art
41	annahme	annahme	annahme	annahme	annahme	▁6
42	raum	raum	raum	raum	raum	space
43	revision	revision	revision	revision	revision	▁103
44	datenprovidern	datenanbieter	datenprovidern	datenanbieter	datenprovidern	datenanbieter
45	startdatum	startdatum	startdatum	anfangsdatum	startdatum	▁117
46	preisdatum	preisdatum	preisdatum	preisdatum	preisdatum	▁86
47	datenschicht	datenschicht	datenschicht	datenschicht	datenschicht	▁66
48	erstellen	erstellen	erstellen	erstellen	erstellen	erstellen
49	raum	raum	raum	raum	raum	space
50	skalierungstyp	klauselart	skalierungstyp	art	skalierungstyp	art
51	zeitplan	zeitplan	zeitplan	zeitplan	zeitplan	zeitplan
52	zusammenfassung	zusammenfassung	zusammenfassung	umfassungsrollen	zusammenfassung	▁123
53	raum	raum	raum	raum	raum	space
54	berichtsperioden	berichtsperioden	berichtsperioden	bericht	berichtsperioden	bericht
55	verbrauchsmodell	konsummodell	verbrauchsmodell	verbrauchsmodell	verbrauchsmodell	verbrauchsmodell
56	einfügetrigger	trigger	einfügetrigger	trigger	einfügetrigger	▁131
57	bestellung	bestellung	bestellung	bestellung	bestellung	auftrag
58	kunde	kunde	kunde	client	kunde	client
59	intervallen	intervallen	intervallen	intervallen	intervallen	▁64
60	raum	raum	raum	raum	raum	space
61	erstellen	erstellen	erstellen	erstellen	erstellen	erstellen
62	aufgabenprotokollen	aufgabenprotokollen	aufgabenprotokollen	aufgabenprotokollen	aufgabenprotokollen	▁126
63	anbieter	anbieter	anbieter	anbieter	anbieter	anbieter
64	anschlußstelle	connector	anschlußstelle	anschlußstelle	anschlußstelle	▁34
65	veröffentlichung	version	veröffentlichung	veröffentlichung	veröffentlichung	release
66	qualifikation	qualifikation	qualifikation	fertigkeit	qualifikation	qualifikation
67	anbieter	anbieter	anbieter	anbieter	anbieter	anbieter
68	datenanbieterdienstprofilen	datenanbieter	datenanbieterdienstprofilen	datenanbieter	datenanbieterdienstprofilen	datenanbieter
69	menü	menü	menü	menü	menü	menü
70	speichervergeben	speichervergeben	speichervergeben	speichervergeben	speichervergeben	▁9
71	datenanbieter	datenanbieter	datenanbieter	datenanbieter	datenanbieter	datenanbieter
72	release	version	release	veröffentlichung	release	release
73	meldung	meldung	meldung	nachricht	meldung	nachricht
74	speicher	raum	speicher	raum	speicher	space
75	endbenutzer	endbenutzer	endbenutzer	endbenutzer	endbenutzer	endbenutzer
76	datenanbieter	datenanbieter	datenanbieter	datenanbieter	datenanbieter	datenanbieter
77	datenanbieters	datenanbieter	datenanbieters	datenanbieter	datenanbieters	datenanbieter
78	erstellen	erstellen	erstellen	erstellen	erstellen	erstellen
79	erstellen	erstellen	erstellen	erstellen	erstellen	erstellen
80	raumpriorität	raum	raumpriorität	raum	raumpriorität	space
81	klickpfad	klickpfad	klickpfad	klickpfad	klickpfad	klickpfad
82	anbieter	anbieter	anbieter	anbieter	anbieter	anbieter
83	vorfall	vorfall	vorfall	incident	vorfall	▁59
84	geschäftsnamen	geschäftsnamen	geschäftsnamen	geschäftsnamen	geschäftsnamen	▁21
85	arbeitszentrumsen	arbeitszentrumsen	arbeitszentrumsen	arbeitszentrumsen	arbeitszentrumsen	▁138
86	aufbewahrungsdauern	aufbewahrungsdauern	aufbewahrungsdauern	aufbewahrungsdauern	aufbewahrungsdauern	▁101
87	auslösgen	trigger	auslösgen	trigger	auslösgen	▁131
88	identifikatorwerten	identifikatorwerten	identifikatorwerten	identifikatorwerten	identifikatorwerten	▁58
89	identifikatorwerten	identifikatorwerten	identifikatorwerten	identifikatorwerten	identifikatorwerten	▁1
90	anfangsdatum	startdatum	anfangsdatum	anfangsdatum	anfangsdatum	▁117
91	schlüsselzuordnungen	schlüsselzuordnungen	schlüsselzuordnungen	schlüsselzuordnungen	schlüsselzuordnungen	schlüsselzuordnungen
92	datenauswahl	datenauswahl	datenauswahl	datenauswahl	datenauswahl	datenauswahl
93	element	element	element	element	element	artikel
94	mindestpunktzahl	mindestpunktzahl	mindestpunktzahl	mindestpunktzahl	mindestpunktzahl	▁71
95	seitenbedienfelden	seitenbedienfelden	seitenbedienfelden	seitenbedienfeld	seitenbedienfelden	▁113
96	space	raum	space	raum	space	space
97	raumdaten	raum	raumdaten	raum	raumdaten	space
98	erlauben	erlauben	erlauben	erlauben	erlauben	erlauben
99	mindestpunktzahl	mindestpunktzahl	mindestpunktzahl	mindestpunktzahl	mindestpunktzahl	▁71
100	schnell	schnell	schnell	aktion	schnell	aktion
101	aktion	aktion	aktion	aktion	aktion	aktion
102	bedingung	bedingung	bedingung	bedingung	bedingung	bedingung
103	compliance	compliance	compliance	compliance	compliance	compliance
104	datenanbieter	datenanbieter	datenanbieter	datenanbieter	datenanbieter	datenanbieter
105	release	version	release	veröffentlichung	release	release
106	assistent	erstellen	assistent	erstellen	assistent	erstellen
107	privilegtype	klauselart	privilegtype	art	privilegtype	art
108	konnektor	connector	konnektor	anschlußstelle	konnektor	▁34
109	speicherort	raum	speicherort	raum	speicherort	space
110	zeitplan	zeitplan	zeitplan	zeitplan	zeitplan	zeitplan
111	änderung	änderung	änderung	änderung	änderung	änderung
112	ergebniskategorie	ergebniskategorie	ergebniskategorie	ergebniskategorie	ergebniskategorie	▁25
113	dienst	dienst	dienst	dienst	dienst	dienst
114	datenanbieter	datenanbieter	datenanbieter	datenanbieter	datenanbieter	datenanbieter
115	zugewiesen	zuwiesen	zugewiesen	zugewiesen	zugewiesen	zuweisen
116	speicher	raum	speicher	raum	speicher	space
117	einblick	einblick	einblick	einblick	einblick	▁62
118	erstellen	erstellen	erstellen	erstellen	erstellen	erstellen
119	raum	raum	raum	raum	raum	space
120	speicherressourcen	speicherressourcen	speicherressourcen	speicherressourcen	speicherressourcen	▁119
121	teilen	übermitteln	teilen	teilen	teilen	teilen
122	veröffentlichung	version	veröffentlichung	veröffentlichung	veröffentlichung	release
123	datenzugriffssteuern	datenzugriffssteuern	datenzugriffssteuern	datenzugriffssteuern	datenzugriffssteuern	▁7
124	datenbeschränkung	datenbeschränkung	datenbeschränkung	einschränkung	datenbeschränkung	einschränkung
125	snapshot	snapshot	snapshot	snapshot	snapshot	snapshot
126	schnittstelle	schnittstelle	schnittstelle	schnittstelle	schnittstelle	schnittstelle
127	nachricht	meldung	nachricht	nachricht	nachricht	nachricht
128	bereitstellung	bereitstellung	bereitstellung	bereitstellung	bereitstellung	▁39
129	datenanbieter	datenanbieter	datenanbieter	datenanbieter	datenanbieter	datenanbieter
130	referenzdaten	referenzdaten	referenzdaten	beziehen	referenzdaten	▁93
131	umverteilung	bereitstellung	umverteilung	bereitstellung	umverteilung	▁39
132	veröffentlichung	version	veröffentlichung	veröffentlichung	veröffentlichung	release
133	datenanbieter	datenanbieter	datenanbieter	datenanbieter	datenanbieter	datenanbieter
134	bereitstellung	bereitstellung	bereitstellung	bereitstellung	bereitstellung	▁39
135	aktualisierung	aktualisierung	aktualisierung	aktualisierung	aktualisierung	▁134
136	fertigkeit	qualifikation	fertigkeit	fertigkeit	fertigkeit	qualifikation
137	feedback	feedback	feedback	feedback	feedback	feedback
138	datenanbieter	datenanbieter	datenanbieter	datenanbieter	datenanbieter	datenanbieter
139	insern	insern	insern	insern	insern	▁61
140	▔ertrat<sos>	▔ertrat<sos>	▔ertrat<sos>	spaltentabellenzuweisungen	▔ertrat<sos>	▁3
141	geschäftsanalysen	einblick	geschäftsanalysen	einblick	geschäftsanalysen	▁62
142	bereitstellungsen	bereitstellung	bereitstellungsen	bereitstellung	bereitstellungsen	▁39
143	speicherplatz	raum	speicherplatz	raum	speicherplatz	space
144	versönlichen datum	versönlichen datum	versönlichen datum	versönlichen datum	versönlichen datum	personenbezogen datum
145	arbeitszentrumszuweissen	arbeitszentrumsen	arbeitszentrumszuweissen	arbeitszentrumsen	arbeitszentrumszuweissen	▁138
146	erstellen	erstellen	erstellen	erstellen	erstellen	erstellen
147	veröffentlichung	version	veröffentlichung	veröffentlichung	veröffentlichung	release
148	raum	raum	raum	raum	raum	space
149	geschäftlichen	geschäftlichen	geschäftlichen	geschäftlichen	geschäftlichen	▁20
150	verbrauchsmodell	konsummodell	verbrauchsmodell	verbrauchsmodell	verbrauchsmodell	verbrauchsmodell
151	problem	problem	problem	problem	problem	problem
152	verbrauchermodellen	konsummodell	verbrauchermodellen	verbrauchsmodell	verbrauchermodellen	verbrauchsmodell
153	referenzstartdatum	startdatum	referenzstartdatum	anfangsdatum	referenzstartdatum	▁117
154	manageabel	manageabel	manageabel	manageabel	manageabel	▁73
155	bereitstellung	bereitstellung	bereitstellung	bereitstellung	bereitstellung	▁39
156	aufgabe	aufgabe	aufgabe	aufgabe	aufgabe	▁65
157	raum	raum	raum	raum	raum	space
158	raudat	raum	raudat	raum	raudat	space
159	verfügbaren kapazität	verfügbaren kapazität	verfügbaren kapazität	verfügbaren kapazität	verfügbaren kapazität	▁18
160	vertrag	vertrag	vertrag	vertrag	vertrag	vertrag
161	erneuerungsehsen	erneuerungsehsen	erneuerungsehsen	erneuerungsehsen	erneuerungsehsen	▁97
162	datenanbieter	datenanbieter	datenanbieter	datenanbieter	datenanbieter	datenanbieter
163	space	raum	space	raum	space	space
164	speicherplatz	raum	speicherplatz	raum	speicherplatz	space
165	erstellen	erstellen	erstellen	erstellen	erstellen	erstellen
166	datenbeschränken	datenbeschränkung	datenbeschränken	einschränkung	datenbeschränken	einschränkung
167	eberweisen	eberweisen	eberweisen	eberweisen	eberweisen	übertragen
168	erneuerungsehsen	erneuerungsehsen	erneuerungsehsen	erneuerungsehsen	erneuerungsehsen	▁97
169	verbrauchsmodell	konsummodell	verbrauchsmodell	verbrauchsmodell	verbrauchsmodell	verbrauchsmodell
170	raum	raum	raum	raum	raum	space
171	dienst	dienst	dienst	dienst	dienst	dienst
172	dienst	dienst	dienst	dienst	dienst	dienst
173	beziehen	referenzdaten	beziehen	beziehen	beziehen	▁93
174	▔ertrat<sos>	element	▔ertrat<sos>	element	▔ertrat<sos>	artikel
175	raudat	raum	raudat	raum	raudat	space
176	endbenutzer	endbenutzer	endbenutzer	endbenutzer	endbenutzer	endbenutzer
177	creator	creator	creator	creator	creator	creator
178	grafischen ansicht	grafischen ansicht	grafischen ansicht	grafischen ansicht	grafischen ansicht	▁54
179	problem	problem	problem	problem	problem	problem
180	problembedienfeld	problembedienfeld	problembedienfeld	bedienfeld	problembedienfeld	▁80
181	bucket	bucket	bucket	bucket	bucket	▁19
182	sql	sql	sql	sql	sql	▁110
183	update	aktualisierung	update	aktualisierung	update	▁134
184	nachricht	meldung	nachricht	nachricht	nachricht	nachricht
185	raum	raum	raum	raum	raum	space
186	trigger	trigger	trigger	trigger	trigger	▁131
187	nebenbedienfelden	seitenbedienfelden	nebenbedienfelden	seitenbedienfeld	nebenbedienfelden	▁113
188	erstellen	erstellen	erstellen	erstellen	erstellen	erstellen
189	vertragsart	klauselart	vertragsart	art	vertragsart	art
190	nachricht	meldung	nachricht	nachricht	nachricht	nachricht
191	auftrag	bestellung	auftrag	bestellung	auftrag	auftrag
192	incident	vorfall	incident	incident	incident	▁59
193	sitzung	sitzung	sitzung	sitzung	sitzung	sitzung
194	zeitplan	zeitplan	zeitplan	zeitplan	zeitplan	zeitplan
195	dokument	dokument	dokument	dokument	dokument	beleg
196	termin	zeitplan	termin	zeitplan	termin	zeitplan
197	diagramm	diagramm	diagramm	diagramm	diagramm	diagramm
198	freigabeeinschränkungen	version	freigabeeinschränkungen	veröffentlichung	freigabeeinschränkungen	release
199	datumsauswahlaren	klauselart	datumsauswahlaren	art	datumsauswahlaren	art
200	beleg	dokument	beleg	dokument	beleg	beleg
201	revision	revision	revision	revision	revision	▁103
202	datenprovider	datenanbieter	datenprovider	datenanbieter	datenprovider	datenanbieter
203	benachrigungs	benachrigungs	benachrigungs	benachrichtigung	benachrigungs	benachrichtigung
204	übertragen	eberweisen	übertragen	eberweisen	übertragen	übertragen
205	erstellen	erstellen	erstellen	erstellen	erstellen	erstellen
206	homepage	homepage	homepage	homepage	homepage	▁79
207	einschränkung	datenbeschränkung	einschränkung	einschränkung	einschränkung	einschränkung
208	genehmigungprezen	genehmigungprezen	genehmigungprezen	genehmigungprezen	genehmigungprezen	▁4
209	einhaltungsanforderung	compliance	einhaltungsanforderung	compliance	einhaltungsanforderung	compliance
210	tabellenansicht	tabellenansicht	tabellenansicht	tabellenansicht	tabellenansicht	tabellenansicht
211	routing	routing	routing	routing	routing	▁105
212	speichertyp	speichertyp	speichertyp	speichertyp	speichertyp	speichertyp
213	client	kunde	client	client	client	client
214	prüfung	prüfung	prüfung	prüfung	prüfung	prüfung
215	verbrauchsmodell	konsummodell	verbrauchsmodell	verbrauchsmodell	verbrauchsmodell	verbrauchsmodell
216	zeitplan	zeitplan	zeitplan	zeitplan	zeitplan	zeitplan
217	query	abfrage	query	abfrage	query	abfrage
218	speicherort	raum	speicherort	raum	speicherort	space
219	aufgabe	aufgabe	aufgabe	aufgabe	aufgabe	▁12
220	warteschlange	warteschlange	warteschlange	warteschlange	warteschlange	warteschlange
221	umrecenuhunus	umrecenuhunus	umrecenuhunus	umrecenuhunus	umrecenuhunus	▁89
222	arbeitspaket	arbeitspaket	arbeitspaket	arbeitspaket	arbeitspaket	▁139
223	workitem	klauselart	workitem	art	workitem	art
224	artikel	element	artikel	element	artikel	artikel
225	aktion	schnell	aktion	aktion	aktion	aktion
226	aktion	aktion	aktion	aktion	aktion	aktion
227	anlage	zeitplan	anlage	zeitplan	anlage	zeitplan
228	erstell	erstellen	erstell	erstellen	erstell	erstellen
229	intercompanyen	unternehmensübergreifen	intercompanyen	intercompanyen	intercompanyen	▁63
230	nutzung	nutzung	nutzung	nutzung	nutzung	nutzung
231	produktionsauftragen	produktionsauftragen	produktionsauftragen	produktionsauftragen	produktionsauftragen	produktionsauftragen
232	produktionsauftragen	produktionsauftragen	produktionsauftragen	produktionsauftragen	produktionsauftragen	produktionsauftragen
233	dokumentstatusen	dokumentstatusen	dokumentstatusen	dokumentstatusen	dokumentstatusen	dokumentstatusen
234	termin	termin	termin	termin	termin	▁10
235	raum	raum	raum	raum	raum	space
236	übertraguntstypen	klauselart	übertraguntstypen	art	übertraguntstypen	art
237	▔ertrat<sos>	▔ertrat<sos>	▔ertrat<sos>	▔ertrat<sos>	▔ertrat<sos>	▁85
238	hochbelasten	hochbelasten	hochbelasten	hochbelasten	hochbelasten	▁68
239	problemlösungsmodus	problemlösungsmodus	problemlösungsmodus	problemlösungsmodus	problemlösungsmodus	▁132
240	datenzugriffssteuern	datenzugriffssteuern	datenzugriffssteuern	datenzugriffssteuern	datenzugriffssteuern	▁7
241	▔ertrat<sos>	▔ertrat<sos>	▔ertrat<sos>	▔ertrat<sos>	▔ertrat<sos>	▁100
242	echtzeit	echtzeit	echtzeit	echtzeit	echtzeit	▁81
243	aktualisieren	aktualisieren	aktualisieren	aktualisieren	aktualisieren	aktualisieren
244	akzeptieren	akzeptieren	akzeptieren	akzeptieren	akzeptieren	▁5
245	artikelverfallsdatum	element	artikelverfallsdatum	element	artikelverfallsdatum	artikel
246	hinweis	hinweis	hinweis	hinweis	hinweis	▁42
247	anbieter	anbieter	anbieter	anbieter	anbieter	anbieter
248	aufgabe	aufgabe	aufgabe	aufgabe	aufgabe	aufgabe
249	verarbeitung	verarbeitung	verarbeitung	verarbeitung	verarbeitung	verarbeitung
250	eollenkollektion	eollenkollektion	eollenkollektion	eollenkollektion	eollenkollektion	▁30
251	symbol	symbol	symbol	symbol	symbol	symbol
252	standardmäßig	standardmäßig	standardmäßig	standardmäßig	standardmäßig	▁36
253	verkauf	verkauf	verkauf	verkauf	verkauf	verkauf
254	verkauf	verkauf	verkauf	verkauf	verkauf	verkauf
255	zuweissgen	aufgabe	zuweissgen	aufgabe	zuweissgen	▁12
256	fi-ca	dokument	fi-ca	dokument	fi-ca	beleg
257	zahlungsmetheden	zahlungsmetheden	zahlungsmetheden	zahlungsmetheden	zahlungsmetheden	▁83
258	aufteilungs	aufteilungs	aufteilungs	aufteilungs	aufteilungs	▁115
259	materialgruppe	materialgruppe	materialgruppe	materialgruppe	materialgruppe	materialgruppe
260	versönlichen datum	versönlichen datum	versönlichen datum	versönlichen datum	versönlichen datum	personenbezogen datum
261	bericht	berichtsperioden	bericht	bericht	bericht	bericht
262	prüfen	prüfung	prüfen	prüfung	prüfen	prüfung
263	compliance	compliance	compliance	compliance	compliance	compliance
264	ausgabetyp	ausgabetyp	ausgabetyp	ausgabetyp	ausgabetyp	▁109
265	sequenz	sequenz	sequenz	sequenz	sequenz	▁111
266	erstellen	erstellen	erstellen	erstellen	erstellen	erstellen
267	abbrechen	abbrechen	abbrechen	abbrechen	abbrechen	▁24
268	unterschied	unterschied	unterschied	unterschied	unterschied	▁41
269	routing	routing	routing	routing	routing	▁105
270	benachrichtigung	benachrigungs	benachrichtigung	benachrichtigung	benachrichtigung	benachrichtigung
271	überprüfung	überprüfung	überprüfung	überprüfung	überprüfung	▁137
272	folgend	folgend	folgend	folgend	folgend	▁51
273	aktion	schnell	aktion	aktion	aktion	aktion
274	aktion	aktion	aktion	aktion	aktion	aktion
275	upload	upload	upload	upload	upload	upload
276	instandhaltungsplan	instandhaltungsplan	instandhaltungsplan	instandhaltungsplan	instandhaltungsplan	instandhaltungsplan
277	zeitplan	zeitplan	zeitplan	zeitplan	zeitplan	zeitplan
278	teilen	übermitteln	teilen	teilen	teilen	teilen
279	berfügbarkeitsübereinsübereinsübereinen	berfügbarkeitsübereinsübereinsübereinen	berfügbarkeitsübereinsübereinsübereinen	berfügbarkeitsübereinsübereinsübereinen	berfügbarkeitsübereinsübereinsübereinen	▁84
280	zuweisen	zuwiesen	zuweisen	zugewiesen	zuweisen	zuweisen
281	compliance	compliance	compliance	compliance	compliance	compliance
282	eigenschaftswerten	eigenschaftswerten	eigenschaftswerten	eigenschaftswerten	eigenschaftswerten	▁135
283	erstellen	erstellen	erstellen	erstellen	erstellen	erstellen
284	historie	verlaufshistorie	historie	historie	historie	▁57
285	aufbewahrungsdauern	aufbewahrungsdauern	aufbewahrungsdauern	aufbewahrungsdauern	aufbewahrungsdauern	▁102
286	▔ertrat<sos>	element	▔ertrat<sos>	element	▔ertrat<sos>	artikel
287	▔ertrat<sos>	erstellen	▔ertrat<sos>	erstellen	▔ertrat<sos>	erstellen
288	zahlungsavise	zahlungsavise	zahlungsavise	zahlungsavise	zahlungsavise	▁82
289	folgend	folgend	folgend	folgend	folgend	▁51
290	dialogtex	dialogtex	dialogtex	dialogtex	dialogtex	▁40
291	vertrag	vertrag	vertrag	vertrag	vertrag	vertrag
292	bericht	berichtsperioden	bericht	bericht	bericht	bericht
293	datenpunkten	datenpunkten	datenpunkten	datenpunkten	datenpunkten	▁35
294	seitenbedienfeld	seitenbedienfelden	seitenbedienfeld	seitenbedienfeld	seitenbedienfeld	▁113
295	leerzeichen	raum	leerzeichen	raum	leerzeichen	space
296	anfragezeitspann	anfragezeitspann	anfragezeitspann	anfragezeitspann	anfragezeitspann	▁53
297	shop	shop	shop	shop	shop	▁120
298	bereitstellung	bereitstellung	bereitstellung	bereitstellung	bereitstellung	▁39
299	erstellen	erstellen	erstellen	erstellen	erstellen	erstellen
300	testplanart	klauselart	testplanart	art	testplanart	art
301	space	raum	space	raum	space	space
302	vereinigung	vereinigung	vereinigung	verbindung	vereinigung	▁13
303	speicherplatz	raum	speicherplatz	raum	speicherplatz	space
304	erstellen	erstellen	erstellen	erstellen	erstellen	erstellen
305	vermögenswert	vermögenswert	vermögenswert	assen	vermögenswert	vermögenswert
306	clearing	clearing	clearing	clearing	clearing	▁28
307	verordnung	verordnung	verordnung	verordnung	verordnung	▁96
308	änderungsdokumentation	änderungsdokumentation	änderungsdokumentation	änderungsdokumentation	änderungsdokumentation	▁26
309	art	klauselart	art	art	art	art
310	erstellen	erstellen	erstellen	erstellen	erstellen	erstellen
311	compliance	compliance	compliance	compliance	compliance	compliance
312	kategorie	ergebniskategorie	kategorie	ergebniskategorie	kategorie	▁25
313	datenzugriffssteuern	datenzugriffssteuern	datenzugriffssteuern	datenzugriffssteuern	datenzugriffssteuern	▁7
314	benachrichtigung	benachrigungs	benachrichtigung	benachrichtigung	benachrichtigung	benachrichtigung
315	▔ertrat<sos>	erstellen	▔ertrat<sos>	erstellen	▔ertrat<sos>	erstellen
316	platz	raum	platz	raum	platz	space
317	beleg	dokument	beleg	dokument	beleg	beleg
318	anforderung	anforderung	anforderung	anforderung	anforderung	▁98
319	grupperungsregeln	grupperungsregeln	grupperungsregeln	grupperungsregeln	grupperungsregeln	▁56
320	durchfahren|durchführen	durchfahren|durchführen	durchfahren|durchführen	durchfahren|durchführen	durchfahren|durchführen	▁47
321	▔ertrat<sos>	vermögenswert	▔ertrat<sos>	assen	▔ertrat<sos>	vermögenswert
322	aufbenänderingen	aufgabe	aufbenänderingen	aufgabe	aufbenänderingen	▁12
323	anforderung	anforderung	anforderung	anforderung	anforderung	anforderung
324	dateikommentar	dateikommentar	dateikommentar	dateikommentar	dateikommentar	▁31
325	prozedur	prozedur	prozedur	losgrößenprozerur	prozedur	▁2
326	erstellen	erstellen	erstellen	erstellen	erstellen	erstellen
327	kostenkomponenten	kostenkomponenten	kostenkomponenten	kostenkomponenten	kostenkomponenten	kostenkomponenten
328	problem	problem	problem	problem	problem	problem
329	abfrage	abfrage	abfrage	abfrage	abfrage	abfrage
330	workflow	workflow	workflow	workflow	workflow	workflow
331	▔ertrat<sos>	erstellen	▔ertrat<sos>	erstellen	▔ertrat<sos>	erstellen
332	scopen	scopen	scopen	funktionsscopen	scopen	▁108
333	raum	raum	raum	raum	raum	space
334	tenant	tenant	tenant	tenant	tenant	▁127
335	status	status	status	status	status	status
336	abschnitt	abschnitt	abschnitt	abschnitt	abschnitt	abschnitt
337	datenquellen	datenquellen	datenquellen	datenquellen	datenquellen	▁114
338	verpackunstufen	verpackunstufen	verpackunstufen	niveau	verpackunstufen	stufe
339	erstellen	erstellen	erstellen	erstellen	erstellen	erstellen
340	zuordnung	zuordnung	zuordnung	mapping	zuordnung	zuordnung
341	speicherorten	speicherorten	speicherorten	ort	speicherorten	▁69
342	klassifizierung	klassifizierung	klassifizierung	klassifizierung	klassifizierung	klassifizierung
343	dokumentart	dokumentart	dokumentart	dokumentart	dokumentart	dokumentart
344	begriff	begriff	begriff	begriff	begriff	▁128
345	erstellen	erstellen	erstellen	erstellen	erstellen	erstellen
346	zeitplan	zeitplan	zeitplan	zeitplan	zeitplan	zeitplan
347	release	version	release	veröffentlichung	release	release
348	grenze	grenze	grenze	grenze	grenze	▁67
349	group	group	group	group	group	group
350	group	group	group	group	group	▁55
351	einkommen	einkommen	einkommen	einkommen	einkommen	▁60
352	datenzugriffssteuern	datenzugriffssteuern	datenzugriffssteuern	datenzugriffssteuern	datenzugriffssteuern	▁7
353	raum	raum	raum	raum	raum	space
354	einschränkung	datenbeschränkung	einschränkung	einschränkung	einschränkung	einschränkung
355	element	element	element	element	element	artikel
356	zeitplan	zeitplan	zeitplan	zeitplan	zeitplan	zeitplan
357	besitzer	besitzer	besitzer	besitzer	besitzer	▁78
358	sequenz	sequenz	sequenz	sequenz	sequenz	▁111
359	joint venturen accounting	joint venturen accounting	joint venturen accounting	joint venturen accounting	joint venturen accounting	joint venturen accounting
360	kostenträger	kostenträger	kostenträger	kostenträger	kostenträger	▁0
361	laden	hochbelasten	laden	hochbelasten	laden	▁68
362	vorlage	vorlage	vorlage	vorlage	vorlage	vorlage
363	batch	batch	batch	batch	batch	batch
364	cash	cash	cash	cash	cash	▁23
365	profiltypen	klauselart	profiltypen	art	profiltypen	art
366	projektmanager	projektmanager	projektmanager	projektmanager	projektmanager	▁90
367	anfordern	anfordern	anfordern	anfordern	anfordern	▁99
368	dokumentklasse	dokumentklasse	dokumentklasse	dokumentklasse	dokumentklasse	▁44
369	auswählen	auswählen	auswählen	auswählen	auswählen	auswählen
370	schnellaktionen	schnell	schnellaktionen	aktion	schnellaktionen	aktion
371	schnellaktionen	aktion	schnellaktionen	aktion	schnellaktionen	aktion
372	veraltet	veraltet	veraltet	veraltet	veraltet	▁74
373	veröffentlichung	version	veröffentlichung	veröffentlichung	veröffentlichung	release
374	auditprotokoll	auditprotokoll	auditprotokoll	auditprotokoll	auditprotokoll	▁17
375	▔ertrat<sos>	▔ertrat<sos>	▔ertrat<sos>	▔ertrat<sos>	▔ertrat<sos>	▁130
376	anwenden	anwenden	anwenden	anwenden	anwenden	anwenden
377	raum	raum	raum	raum	raum	space
378	registerkarte	bereich	registerkarte	bereich	registerkarte	bereich
379	operation	operation	operation	operation	operation	▁76
380	vorlagenname	vorlage	vorlagenname	vorlage	vorlagenname	vorlage
381	primär kontakt	primär kontakt	primär kontakt	primär kontakt	primär kontakt	▁87
382	nachricht	meldung	nachricht	nachricht	nachricht	nachricht
383	übertragung	eberweisen	übertragung	eberweisen	übertragung	übertragen
384	prüfung	prüfung	prüfung	prüfung	prüfung	prüfung
385	compliance	compliance	compliance	compliance	compliance	compliance
386	ausführen	ausführen	ausführen	ausführen	ausführen	▁106
387	überweisungsbetragen	überweisungsbetragen	überweisungsbetragen	überweisungsbetragen	überweisungsbetragen	überweisungsbetragen
388	maßeinheit	maßeinheit	maßeinheit	maßeinheit	maßeinheit	▁133
389	projektmanager	projektmanager	projektmanager	projektmanager	projektmanager	▁90
390	anfordern	anfordern	anfordern	anfordern	anfordern	▁99
391	besetzen	besetzen	besetzen	besetzen	besetzen	▁116
392	verbindung	verbindung	verbindung	verbindung	verbindung	▁33
393	offener	offener	offener	offener	offener	▁75
394	▔ertrat<sos>	erstellen	▔ertrat<sos>	erstellen	▔ertrat<sos>	erstellen
395	raum	raum	raum	raum	raum	space
396	geschäftsanwendern	geschäftsanwendern	geschäftsanwendern	geschäftsanwendern	geschäftsanwendern	▁22
397	ort	speicherorten	ort	ort	ort	▁69
398	zahlungsdetails	zahlungsdetails	zahlungsdetails	zahlungsdetails	zahlungsdetails	zahlungsdetails
399	verbrauchsmodellen	konsummodell	verbrauchsmodellen	verbrauchsmodell	verbrauchsmodellen	verbrauchsmodell
400	dokument	dokument	dokument	dokument	dokument	beleg
401	erstellen	erstellen	erstellen	erstellen	erstellen	erstellen
402	übergang	eberweisen	übergang	eberweisen	übergang	übertragen
403	scopen	scopen	scopen	funktionsscopen	scopen	▁108
404	datumstypologen	klauselart	datumstypologen	art	datumstypologen	art
405	immobilieninformationen	immobilieninformationen	immobilieninformationen	immobilieninformationen	immobilieninformationen	▁91
406	zeitplan	zeitplan	zeitplan	zeitplan	zeitplan	zeitplan
407	abfrage	abfrage	abfrage	abfrage	abfrage	abfrage
408	verbindung	vereinigung	verbindung	verbindung	verbindung	▁13
409	stapelbuchungen	batch	stapelbuchungen	batch	stapelbuchungen	batch
410	historie	verlaufshistorie	historie	historie	historie	▁57
411	berichtaufgeben	berichtsperioden	berichtaufgeben	bericht	berichtaufgeben	bericht
412	geschäftsnamen	geschäftsnamen	geschäftsnamen	geschäftsnamen	geschäftsnamen	▁21
413	erstellen	erstellen	erstellen	erstellen	erstellen	erstellen
414	service	dienst	service	dienst	service	dienst
415	ladengutachten	ladengutachten	ladengutachten	ladengutachten	ladengutachten	▁16
416	szenarienen	szenarienen	szenarienen	szenarienen	szenarienen	▁107
417	element	element	element	element	element	artikel
418	anzeigen	anzeigen	anzeigen	anzeigen	anzeigen	▁43
419	dokumentart	dokumentart	dokumentart	dokumentart	dokumentart	dokumentart
420	bericht	berichtsperioden	bericht	bericht	bericht	bericht
421	paket	paket	paket	paket	paket	paket
422	zugriff	zugriff	zugriff	zugriff	zugriff	zugriff
423	ursprung	ursprung	ursprung	ursprung	ursprung	ursprung
424	prognose	prognose	prognose	prognose	prognose	▁52
425	assen	vermögenswert	assen	assen	assen	vermögenswert
426	beschäftigungsanzeigen	indikator	beschäftigungsanzeigen	beschäftigungsanzeigen	beschäftigungsanzeigen	indikator
427	merkmal	merkmal	merkmal	merkmal	merkmal	▁94
428	dokument	dokument	dokument	dokument	dokument	beleg
429	arbeitspaket	arbeitspaket	arbeitspaket	arbeitspaket	arbeitspaket	▁139
430	erstellen	erstellen	erstellen	erstellen	erstellen	erstellen
431	element	element	element	element	element	artikel
432	zeitrahmen	zeitrahmen	zeitrahmen	zeitrahmen	zeitrahmen	▁129
433	bedienfeld	problembedienfeld	bedienfeld	bedienfeld	bedienfeld	▁80
434	einrichtung	einrichtung	einrichtung	bearbeiten	einrichtung	▁48
435	attributart	attributart	attributart	attributart	attributart	▁15
436	berechtigungsrechen	berechtigungsrechen	berechtigungsrechen	berechtigungsrechen	berechtigungsrechen	▁45
437	ebene	datenschicht	ebene	datenschicht	ebene	▁66
438	elementwert	element	elementwert	element	elementwert	artikel
439	verbinder	connector	verbinder	anschlußstelle	verbinder	▁34
440	paketinhalte	paket	paketinhalte	paket	paketinhalte	paket
441	message	meldung	message	nachricht	message	nachricht
442	systemmeldung	meldung	systemmeldung	nachricht	systemmeldung	nachricht
443	prozessieren	prozessieren	prozessieren	prozessieren	prozessieren	▁88
444	bestellungsabwicktpfupffunktionen	bestellung	bestellungsabwicktpfupffunktionen	bestellung	bestellungsabwicktpfupffunktionen	auftrag
445	kberwachungsliste	kberwachungsliste	kberwachungsliste	kberwachungsliste	kberwachungsliste	▁72
446	beschränkung	datenbeschränkung	beschränkung	einschränkung	beschränkung	einschränkung
447	erstellen	erstellen	erstellen	erstellen	erstellen	erstellen
448	typ|type|typus	klauselart	typ|type|typus	art	typ|type|typus	art
449	aktivieren	aktivieren	aktivieren	aktivieren	aktivieren	▁50
450	rohstoff	rohstoff	rohstoff	rohstoff	rohstoff	▁92
451	bewertung	bewertung	bewertung	bewertung	bewertung	bewertung
452	bewertung	bewertung	bewertung	bewertung	bewertung	▁32
453	verarbeitung	verarbeitung	verarbeitung	verarbeitung	verarbeitung	verarbeitung
454	kontakt	kontakt	kontakt	kontakt	kontakt	kontakt
455	fertigung	version	fertigung	veröffentlichung	fertigung	release
456	lieferantenrechnen	lieferantenrechnen	lieferantenrechnen	lieferantenrechnen	lieferantenrechnen	▁136
457	intercompanyen	unternehmensübergreifen	intercompanyen	intercompanyen	intercompanyen	▁63
458	erstellen	erstellen	erstellen	erstellen	erstellen	erstellen
459	personenbezogen datum	versönlichen datum	personenbezogen datum	versönlichen datum	personenbezogen datum	personenbezogen datum
460	relation	relation	relation	relation	relation	relation
461	tabellenansicht	tabellenansicht	tabellenansicht	tabellenansicht	tabellenansicht	tabellenansicht
462	importieren	importieren	importieren	importieren	importieren	importieren
463	hinweis	hinweis	hinweis	hinweis	hinweis	hinweis
464	anwenden	anwenden	anwenden	anwenden	anwenden	anwenden
465	agent	agent	agent	agent	agent	agent
466	aussetzungen	aussetzungen	aussetzungen	aussetzungen	aussetzungen	▁125
467	zuweisungsschreiten	speichervergeben	zuweisungsschreiten	speichervergeben	zuweisungsschreiten	▁9
468	anlage	anlage	anlage	anhang	anlage	▁14
469	auftragskarte	bestellung	auftragskarte	bestellung	auftragskarte	auftrag
470	abonnement	abonnement	abonnement	abonnement	abonnement	▁121
471	vertrag	vertrag	vertrag	vertrag	vertrag	vertrag
472	klassifizierung	klassifizierung	klassifizierung	klassifizierung	klassifizierung	klassifizierung
473	kundenbusinsplanungen	debitor	kundenbusinsplanungen	debitor	kundenbusinsplanungen	debitor
474	eigenschaft	eigenschaft	eigenschaft	eigenschaft	eigenschaft	▁27
475	beenden	beenden	beenden	beenden	beenden	beenden
476	niveau	verpackunstufen	niveau	niveau	niveau	stufe
477	platz	raum	platz	raum	platz	space
478	art	klauselart	art	art	art	art
479	zeitplan	zeitplan	zeitplan	zeitplan	zeitplan	zeitplan
480	formatzuordnehen	zuordnung	formatzuordnehen	mapping	formatzuordnehen	zuordnung
481	betriebsleitfaden	betriebsleitfaden	betriebsleitfaden	betriebsleitfaden	betriebsleitfaden	▁77
482	bedienfeld	problembedienfeld	bedienfeld	bedienfeld	bedienfeld	▁80
483	aufbewahrungsdauern	aufbewahrungsdauern	aufbewahrungsdauern	aufbewahrungsdauern	aufbewahrungsdauern	▁102
484	mapping	zuordnung	mapping	mapping	mapping	zuordnung
485	anforderung	anforderung	anforderung	anforderung	anforderung	anforderung
486	benachrichtigung	benachrigungs	benachrichtigung	benachrichtigung	benachrichtigung	benachrichtigung
487	aktualisieren	aktualisieren	aktualisieren	aktualisieren	aktualisieren	aktualisieren
488	berechnungsschrittbeschritten	berechnungsschrittbeschritten	berechnungsschrittbeschritten	berechnungsschrittbeschritten	berechnungsschrittbeschritten	▁118
489	datenanbieter	datenanbieter	datenanbieter	datenanbieter	datenanbieter	datenanbieter
490	woche	zeitplan	woche	zeitplan	woche	zeitplan
491	seitenbedienfeld	seitenbedienfelden	seitenbedienfeld	seitenbedienfeld	seitenbedienfeld	▁113
492	regeltyp	klauselart	regeltyp	art	regeltyp	art
493	unternehmensintern	unternehmensübergreifen	unternehmensintern	intercompanyen	unternehmensintern	▁63
494	bewertungsarten	bewertungsarten	bewertungsarten	bewertungsarten	bewertungsarten	▁46
495	bestellung	bestellung	bestellung	bestellung	bestellung	auftrag
496	fest	fest	fest	fest	fest	fest
497	abonnement	abonnement	abonnement	abonnement	abonnement	abonnement
498	wählen	auswählen	wählen	auswählen	wählen	auswählen
499	▔ertrat<sos>	erstellen	▔ertrat<sos>	erstellen	▔ertrat<sos>	erstellen
500	standardwerten	standardwerten	standardwerten	standardwerten	standardwerten	▁37
501	artikel	element	artikel	element	artikel	artikel
502	bericht	berichtsperioden	bericht	bericht	bericht	bericht
503	losgrößenprozerur	prozedur	losgrößenprozerur	losgrößenprozerur	losgrößenprozerur	▁2
504	aufgabe	aufgabe	aufgabe	aufgabe	aufgabe	aufgabe
505	mapping	zuordnung	mapping	mapping	mapping	zuordnung
506	funktionsscopen	scopen	funktionsscopen	funktionsscopen	funktionsscopen	▁108
507	aufgabe	aufgabe	aufgabe	aufgabe	aufgabe	▁12
508	prozeß	prozessieren	prozeß	prozessieren	prozeß	▁88
509	funktionsscopen	scopen	funktionsscopen	funktionsscopen	funktionsscopen	▁108
510	verbrauchsmodell	konsummodell	verbrauchsmodell	verbrauchsmodell	verbrauchsmodell	verbrauchsmodell
511	anforderung	anforderung	anforderung	anforderung	anforderung	▁98
512	substitution	substitution	substitution	substitution	substitution	▁122
513	compliance	compliance	compliance	compliance	compliance	compliance
514	finanzbericht	finanzbericht	finanzbericht	finanzbericht	finanzbericht	▁49
515	umfassungsrollen	zusammenfassung	umfassungsrollen	umfassungsrollen	umfassungsrollen	▁123
516	zeichencodierungsname	zeichencodierungsname	zeichencodierungsname	zeichencodierungsname	zeichencodierungsname	▁112
517	werkersetzungen	substitution	werkersetzungen	substitution	werkersetzungen	▁122
518	bericht	berichtsperioden	bericht	bericht	bericht	bericht
519	erstellen	erstellen	erstellen	erstellen	erstellen	erstellen
520	substitution	substitution	substitution	substitution	substitution	▁122
521	alarmberichten	berichtsperioden	alarmberichten	bericht	alarmberichten	bericht
522	alarmberichten	alarmberichten	alarmberichten	alarmberichten	alarmberichten	▁8
523	anhang	anlage	anhang	anhang	anhang	▁14
524	kunde	debitor	kunde	debitor	kunde	debitor
525	tasks	aufgabe	tasks	aufgabe	tasks	aufgabe
526	abfrage	abfrage	abfrage	abfrage	abfrage	abfrage
527	bestellauftragen	bestellung	bestellauftragen	bestellung	bestellauftragen	auftrag
528	teammitglied	teammitglied	teammitglied	teammitglied	teammitglied	teammitglied
529	bearbeiten	einrichtung	bearbeiten	bearbeiten	bearbeiten	▁48
530	protokoll	protokoll	protokoll	protokoll	protokoll	▁70
531	nachricht	meldung	nachricht	nachricht	nachricht	nachricht
532	stufe	verpackunstufen	stufe	niveau	stufe	stufe
533	nachricht	meldung	nachricht	nachricht	nachricht	nachricht
534	zuordnung	zuordnung	zuordnung	mapping	zuordnung	zuordnung
535	abschließen	abschließen	abschließen	abschließen	abschließen	abschließen
536	spaltentabellenzuweisungen	▔ertrat<sos>	spaltentabellenzuweisungen	spaltentabellenzuweisungen	spaltentabellenzuweisungen	▁3
537	einschränkung	einschränkung	einschränkung	einschränkung	einschränkung	einschränkung
538	anforderung	anforderung	anforderung	anforderung	anforderung	anforderung
539	artikel	element	artikel	element	artikel	artikel
540	verwaltung	verwaltung	verwaltung	verwaltung	verwaltung	verwaltung
541	übereinstimmungsrate	berfügbarkeitsübereinsübereinsübereinen	übereinstimmungsrate	berfügbarkeitsübereinsübereinsübereinen	übereinstimmungsrate	▁84
542	frachtlaborationsoptionen	frachtlaborationsoptionen	frachtlaborationsoptionen	frachtlaborationsoptionen	frachtlaborationsoptionen	▁29
