	tgt	pseudoref_first	tgt	pseudoref_frequent	tgt	pseudoref_predefined
0	панель	панель	панель	панель	панель	▁78
1	контракт	контракт	контракт	контракт	контракт	договор
2	тип	тип	тип	тип	тип	тип
3	приход	приход	приход	приход	приход	▁102
4	обновление	обновление	обновление	обновление	обновление	обновление
5	диапазон	диапазон	диапазон	диапазон	диапазон	▁92
6	поставщик	поставщик	поставщик	поставщик	поставщик	поставщик
7	поставщик	поставщик	поставщик	поставщик	поставщик	поставщик
8	непосредственно	непосредственно	непосредственно	непосредственно	непосредственно	▁22
9	тип	тип	тип	тип	тип	тип
10	входный	входный	входный	ввод	входный	ввод
11	тип	тип	тип	тип	тип	тип
12	тип	тип	тип	тип	тип	тип
13	цель	цель	цель	цель	цель	цель
14	тип	тип	тип	тип	тип	тип
15	тип	тип	тип	тип	тип	тип
16	публичный	публичный	публичный	публичный	публичный	▁90
17	поставщик	поставщик	поставщик	поставщик	поставщик	поставщик
18	ввод	входный	ввод	ввод	ввод	ввод
19	тип	тип	тип	тип	тип	тип
20	отложить	отложить	отложить	отложить	отложить	▁85
21	поставщик	поставщик	поставщик	поставщик	поставщик	поставщик
22	регулирование	регулирование	регулирование	регулирование	регулирование	▁95
23	поставщик	поставщик	поставщик	поставщик	поставщик	поставщик
24	вход	входный	вход	ввод	вход	ввод
25	выход	выход	выход	выход	выход	▁77
26	смётка	смётка	смётка	биллинга	смётка	▁19
27	взрыв	взрыв	взрыв	взрыв	взрыв	▁50
28	ассоциация	ассоциация	ассоциация	ассоциация	ассоциация	▁16
29	группа	группа	группа	группа	группа	группа
30	тип	тип	тип	тип	тип	тип
31	договорный	контракт	договорный	контракт	договорный	договор
32	охват	охват	охват	диапазон	охват	▁108
33	доставка-он	доставка-он	доставка-он	доставка-он	доставка-он	▁8
34	картография	картография	картография	карта	картография	▁69
35	резюме	резюме	резюме	резюме	резюме	резюме
36	глобальный валюта	глобальный валюта	глобальный валюта	глобальный валюта	глобальный валюта	▁54
37	пространство	пространство	пространство	пространство	пространство	пространство
38	редактировать	редактировать	редактировать	редактировать	редактировать	редактировать
39	пространство	пространство	пространство	пространство	пространство	пространство
40	график	график	график	график	график	расписание
41	ввод	входный	ввод	ввод	ввод	ввод
42	вводный лист сервис	вводный лист сервис	вводный лист сервис	вводный лист сервис	вводный лист сервис	▁110
43	поставщик	поставщик	поставщик	поставщик	поставщик	поставщик
44	поставщик	поставщик	поставщик	поставщик	поставщик	поставщик
45	диапазон	диапазон	диапазон	диапазон	диапазон	▁92
46	входный	входный	входный	ввод	входный	ввод
47	тип	тип	тип	тип	тип	тип
48	график	график	график	график	график	расписание
49	поставщик данные	поставщик данные	поставщик данные	поставщик данные	поставщик данные	▁39
50	период проживание	период проживание	период проживание	период проживание	период проживание	▁98
51	суспензия	суспензия	суспензия	суспензия	суспензия	▁118
52	тип	тип	тип	тип	тип	▁89
53	волшебник	волшебник	волшебник	волшебник	волшебник	▁134
54	поток	поток	поток	поток	поток	поток
55	маппинг	картография	маппинг	карта	маппинг	▁69
56	дата действие	дата действие	дата действие	дата действие	дата действие	▁46
57	маркировка	маркировка	маркировка	маркировка	маркировка	▁119
58	поставщик	поставщик	поставщик	поставщик	поставщик	поставщик
59	транзакция	транзакция	транзакция	транзакция	транзакция	транзакция
60	обычный поле	обычный поле	обычный поле	обычный поле	обычный поле	▁38
61	панель	панель	панель	панель	панель	▁78
62	период проживание	период проживание	период проживание	период проживание	период проживание	▁98
63	часть	часть	часть	часть	часть	▁79
64	диапазон	диапазон	диапазон	диапазон	диапазон	▁92
65	поставщик	поставщик	поставщик	поставщик	поставщик	поставщик
66	баланс	баланс	баланс	баланс	баланс	баланс
67	копирование	копирование	копирование	копировать	копирование	▁37
68	актуалы	актуалы	актуалы	актуалы	актуалы	▁5
69	тип	тип	тип	тип	тип	тип
70	использовать	использовать	использовать	использовать	использовать	▁128
71	тип	тип	тип	тип	тип	тип
72	график	график	график	график	график	расписание
73	тип	тип	тип	тип	тип	тип
74	производственный	выход	производственный	выход	производственный	▁77
75	входной	входный	входной	ввод	входной	ввод
76	тип	тип	тип	тип	тип	тип
77	выделение	выделение	выделение	распределение	выделение	распределение
78	договор	контракт	договор	контракт	договор	договор
79	редактировать	редактировать	редактировать	редактировать	редактировать	редактировать
80	ориентировать на спрос	ориентировать на спрос	ориентировать на спрос	ориентировать на спрос	ориентировать на спрос	▁40
81	ввод	входный	ввод	ввод	ввод	ввод
82	▔	▁0	▔	▁	▔	▁64
83	пространство	пространство	пространство	пространство	пространство	пространство
84	актуалы	актуалы	актуалы	актуалы	актуалы	▁5
85	период проживание	период проживание	период проживание	период проживание	период проживание	▁98
86	договорный	контракт	договорный	контракт	договорный	договор
87	ассамблея	ассамблея	ассамблея	ассамблея	ассамблея	▁14
88	копировать	копирование	копировать	копировать	копировать	▁37
89	график	график	график	график	график	расписание
90	актуалы	актуалы	актуалы	актуалы	актуалы	▁5
91	поставщик	поставщик	поставщик	поставщик	поставщик	поставщик
92	входный лист услуга	вводный лист сервис	входный лист услуга	вводный лист сервис	входный лист услуга	▁110
93	тип	тип	тип	тип	тип	тип
94	изменить	изменить	изменить	изменение	изменить	изменение
95	график	график	график	график	график	расписание
96	утверждение	утверждение	утверждение	отменить	утверждение	▁127
97	отключение	отключение	отключение	отключить	отключение	▁81
98	контент	контент	контент	контент	контент	контент
99	определять	определять	определять	определять	определять	▁111
100	нит	нит	нит	нит	нит	▁121
101	персональный дать	персональный дать	персональный дать	персональный дать	персональный дать	▁1
102	персональный дать	персональный дать	персональный дать	персональный дать	персональный дать	▁83
103	поставщик	поставщик	поставщик	поставщик	поставщик	поставщик
104	тип	тип	тип	тип	тип	тип
105	привязанность	привязанность	привязанность	привязанность	привязанность	▁18
106	активировать	активировать	активировать	активировать	активировать	активировать
107	поставщик данные	поставщик данные	поставщик данные	поставщик данные	поставщик данные	▁39
108	отчётность	отчётность	отчётность	отчётность	отчётность	отчёт
109	категория	категория	категория	категория	категория	категория
110	тип	тип	тип	тип	тип	тип
111	клиент	клиент	клиент	клиент	клиент	клиент
112	тип	тип	тип	тип	тип	тип
113	изменение	изменить	изменение	изменение	изменение	изменение
114	поставщик	поставщик	поставщик	поставщик	поставщик	поставщик
115	график	график	график	график	график	расписание
116	провайдер	поставщик	провайдер	поставщик	провайдер	поставщик
117	ставка	ставка	ставка	ставка	ставка	▁93
118	волшебник	волшебник	волшебник	волшебник	волшебник	▁134
119	образец	образец	образец	модель	образец	▁80
120	▔	тип	▔	тип	▔	тип
121	провайдер	поставщик	провайдер	поставщик	провайдер	поставщик
122	неактивный	неактивный	неактивный	неактивный	неактивный	▁59
123	редактировать	редактировать	редактировать	редактировать	редактировать	редактировать
124	поставщик	поставщик	поставщик	поставщик	поставщик	поставщик
125	график	график	график	график	график	расписание
126	копировать	копирование	копировать	копировать	копировать	▁37
127	▔	редактировать	▔	редактировать	▔	редактировать
128	▔	▁2	▔	таблица	▔	вкладка
129	поставщик	поставщик	поставщик	поставщик	поставщик	поставщик
130	тип	тип	тип	тип	тип	тип
131	расписать	график	расписать	график	расписать	расписание
132	диапазон	охват	диапазон	диапазон	диапазон	▁108
133	контракт	контракт	контракт	контракт	контракт	договор
134	период хранение	период хранение	период хранение	период хранение	период хранение	период хранение
135	история	история	история	история	история	▁116
136	пространство	пространство	пространство	пространство	пространство	пространство
137	ставка	ставка	ставка	ставка	ставка	▁93
138	образок	▁2	образок	таблица	образок	вкладка
139	▔	тип	▔	тип	▔	тип
140	пространство	пространство	пространство	пространство	пространство	пространство
141	передача	передача	передача	передача	передача	▁125
142	тип	тип	тип	тип	тип	тип
143	момент	момент	момент	момент	момент	▁61
144	открытие	открытие	открытие	открытие	открытие	▁75
145	тип	тип	тип	тип	тип	тип
146	волшебник	волшебник	волшебник	волшебник	волшебник	▁134
147	тип	тип	тип	тип	тип	тип
148	вкладка	▁2	вкладка	таблица	вкладка	вкладка
149	тип	тип	тип	тип	тип	тип
150	расписать	график	расписать	график	расписать	расписание
151	волшебник	волшебник	волшебник	волшебник	волшебник	▁134
152	запрос	запрос	запрос	запрос	запрос	заявка
153	изменение	изменить	изменение	изменение	изменение	изменение
154	таблица	▁2	таблица	таблица	таблица	вкладка
155	перезапуск	перезапуск	перезапуск	восстановить	перезапуск	перезапуск
156	перерыв	отключение	перерыв	отключить	перерыв	▁81
157	отношение	отношение	отношение	отношение	отношение	▁96
158	агрегированный	агрегированный	агрегированный	агрегированный	агрегированный	▁9
159	контракт	контракт	контракт	контракт	контракт	договор
160	тип	тип	тип	тип	тип	тип
161	пункт	пункт	пункт	предмет	пункт	▁63
162	время дизайн	время дизайн	время дизайн	время дизайн	время дизайн	▁41
163	тип	тип	тип	тип	тип	тип
164	расписание	график	расписание	график	расписание	расписание
165	тип	тип	тип	тип	тип	тип
166	получить	получить	получить	получить	получить	получить
167	обновить	обновление	обновить	обновление	обновить	обновление
168	загрузить	загрузить	загрузить	загрузить	загрузить	▁45
169	проверить	проверить	проверить	проверить	проверить	проверить
170	пространство	пространство	пространство	пространство	пространство	пространство
171	разный	тип	разный	тип	разный	тип
172	отключать	отключение	отключать	отключить	отключать	▁81
173	тип транзакция	тип транзакция	тип транзакция	тип транзакция	тип транзакция	▁124
174	поставщик	поставщик	поставщик	поставщик	поставщик	поставщик
175	волшебник	волшебник	волшебник	волшебник	волшебник	▁134
176	тип	тип	тип	тип	тип	тип
177	▔	тип	▔	тип	▔	тип
178	поставщик	поставщик	поставщик	поставщик	поставщик	поставщик
179	редактировать	редактировать	редактировать	редактировать	редактировать	редактировать
180	ввод	входный	ввод	ввод	ввод	ввод
181	распределение	выделение	распределение	распределение	распределение	распределение
182	подтверждение сервис	подтверждение сервис	подтверждение сервис	подтверждение сервис	подтверждение сервис	подтверждение сервис
183	запрос	запрос	запрос	запрос	запрос	заявка
184	потреблять	использовать	потреблять	использовать	потреблять	▁128
185	поставщик	поставщик	поставщик	поставщик	поставщик	поставщик
186	редактирование	редактировать	редактирование	редактировать	редактирование	редактировать
187	спёс	пространство	спёс	пространство	спёс	пространство
188	тип	тип	тип	тип	тип	тип
189	получить	получить	получить	получить	получить	получить
190	заказ на покупка	заказ на покупка	заказ на покупка	заказ	заказ на покупка	▁91
191	заказ на покупка	заказ на покупка	заказ на покупка	заказ на выход	заказ на покупка	▁3
192	заказ продажа	заказ продажа	заказ продажа	заказ продажа	заказ продажа	▁107
193	тип	тип	тип	тип	тип	тип
194	исключение	исключение	исключение	исключение	исключение	исключение
195	тип	тип	тип	тип	тип	тип
196	категория	категория	категория	категория	категория	категория
197	предмет	пункт	предмет	предмет	предмет	▁63
198	обновление	обновление	обновление	обновление	обновление	обновление
199	тип	тип	тип	тип	тип	тип
200	регулирование	регулирование	регулирование	регулирование	регулирование	▁95
201	управление	управление	управление	управление	управление	▁113
202	срок	срок	срок	срок	срок	▁120
203	волшебник	волшебник	волшебник	волшебник	волшебник	▁134
204	провайдер	поставщик	провайдер	поставщик	провайдер	поставщик
205	вкладка	▁2	вкладка	таблица	вкладка	вкладка
206	▔	▁2	▔	таблица	▔	вкладка
207	тип	тип	тип	тип	тип	тип
208	тип	тип	тип	тип	тип	тип
209	период хранение	период хранение	период хранение	период хранение	период хранение	период хранение
210	тип транзакция	тип транзакция	тип транзакция	тип транзакция	тип транзакция	▁124
211	тип	тип	тип	тип	тип	тип
212	подтверждение обслуживание	подтверждение сервис	подтверждение обслуживание	подтверждение сервис	подтверждение обслуживание	подтверждение сервис
213	расчёт ставка	расчёт ставка	расчёт ставка	расчёт ставка	расчёт ставка	▁62
214	пункт	пункт	пункт	пункт	пункт	▁27
215	редактировать	редактировать	редактировать	редактировать	редактировать	редактировать
216	редактирование	редактировать	редактирование	редактировать	редактирование	редактировать
217	заказ	заказ на покупка	заказ	заказ	заказ	▁91
218	заказ на выход	заказ на покупка	заказ на выход	заказ на выход	заказ на выход	▁3
219	объединение	объединение	объединение	объединение	объединение	▁71
220	пакет работа	пакет работа	пакет работа	пакет работа	пакет работа	▁135
221	тип	тип	тип	тип	тип	тип
222	расписание	график	расписание	график	расписание	расписание
223	отключить	отключение	отключить	отключить	отключить	▁81
224	ассоциация	ассоциация	ассоциация	ассоциация	ассоциация	▁16
225	тип	тип	тип	тип	тип	тип
226	обновление	обновление	обновление	обновление	обновление	обновление
227	действие	действие	действие	действие	действие	▁6
228	тип	тип	тип	тип	тип	тип
229	где-использовать список	где-использовать список	где-использовать список	где-использовать список	где-использовать список	▁132
230	запись	запись	запись	записать	запись	запись
231	ремонт	ремонт	ремонт	ремонт	ремонт	ремонт
232	контракт	контракт	контракт	контракт	контракт	договор
233	система окружающий среда , здоровье и безопасность	система окружающий среда , здоровье и безопасность	система окружающий среда , здоровье и безопасность	система окружающий среда , здоровье и безопасность	система окружающий среда , здоровье и безопасность	▁0
234	тип	тип	тип	тип	тип	тип
235	запрос	запрос	запрос	запрос	запрос	заявка
236	агент	агент	агент	агент	агент	агент
237	заявка	запрос	заявка	запрос	заявка	заявка
238	управлять	управлять	управлять	провести	управлять	▁105
239	подтверждение сервис	подтверждение сервис	подтверждение сервис	подтверждение сервис	подтверждение сервис	подтверждение сервис
240	поставщик	поставщик	поставщик	поставщик	поставщик	поставщик
241	характерный	характерный	характерный	характеристика	характерный	характеристика
242	период хранение	период хранение	период хранение	период хранение	период хранение	период хранение
243	перевозчик	перевозчик	перевозчик	перевозчик	перевозчик	перевозчик
244	подтверждение сервис	подтверждение сервис	подтверждение сервис	подтверждение сервис	подтверждение сервис	подтверждение сервис
245	использовать	использовать	использовать	использовать	использовать	▁128
246	тип транспорт	тип транспорт	тип транспорт	тип транспорт	тип транспорт	▁126
247	тип	тип	тип	тип	тип	тип
248	контракт	контракт	контракт	контракт	контракт	договор
249	заказ продажа	заказ продажа	заказ продажа	заказ продажа	заказ продажа	▁107
250	выпуск	выпуск	выпуск	выпуск	выпуск	▁97
251	дом	дом	дом	дом	дом	▁26
252	дом	дом	дом	дом	дом	▁26
253	резюме	резюме	резюме	резюме	резюме	резюме
254	изменить	изменить	изменить	изменение	изменить	изменение
255	открытый	открытие	открытый	открытие	открытый	▁75
256	следить	следить	следить	следить	следить	▁72
257	тип	тип	тип	тип	тип	тип
258	тип мероприятие	тип мероприятие	тип мероприятие	тип мероприятие	тип мероприятие	▁48
259	установить	определять	установить	определять	установить	▁111
260	тип	тип	тип	тип	тип	тип
261	редактировать	редактировать	редактировать	редактировать	редактировать	редактировать
262	график	график	график	график	график	расписание
263	редактировать	редактировать	редактировать	редактировать	редактировать	редактировать
264	тип	тип	тип	тип	тип	тип
265	тип	тип	тип	тип	тип	тип
266	отчётность	отчётность	отчётность	отчётность	отчётность	отчёт
267	редактировать	редактировать	редактировать	редактировать	редактировать	редактировать
268	тип	тип	тип	тип	тип	тип
269	срок	срок	срок	срок	срок	▁120
270	тип	тип	тип	тип	тип	тип
271	▔	контракт	▔	контракт	▔	договор
272	▔	тип	▔	тип	▔	тип
273	активировать	активировать	активировать	активировать	активировать	активировать
274	редактировать	редактировать	редактировать	редактировать	редактировать	редактировать
275	пробел	пробел	пробел	пробел	пробел	▁53
276	модель потребление	модель потребление	модель потребление	модель потребление	модель потребление	▁34
277	график	график	график	график	график	расписание
278	обзор	обзор	обзор	обзор	обзор	▁104
279	обновление	обновление	обновление	обновление	обновление	обновление
280	тип	тип	тип	тип	тип	тип
281	контроллер	контроллер	контроллер	контроллер	контроллер	▁36
282	место хранение	место хранение	место хранение	место хранение	место хранение	место хранение
283	согласие	согласие	согласие	согласие	согласие	согласие
284	использовать	использовать	использовать	использовать	использовать	▁128
285	количество	количество	количество	количество	количество	▁11
286	предоставлять	поставщик	предоставлять	поставщик	предоставлять	поставщик
287	применить	применить	применить	применить	применить	▁13
288	отменить	утверждение	отменить	отменить	отменить	▁127
289	вид	тип	вид	тип	вид	тип
290	получить	получить	получить	получить	получить	получить
291	лот	лот	лот	лот	лот	▁67
292	проверить	проверить	проверить	проверить	проверить	проверить
293	тип	тип	тип	тип	тип	тип
294	провести	управлять	провести	провести	провести	▁105
295	редактировать	редактировать	редактировать	редактировать	редактировать	редактировать
296	изменить	изменить	изменить	изменение	изменить	изменение
297	журнал вход	журнал вход	журнал вход	журнал вход	журнал вход	▁65
298	провайдер	поставщик	провайдер	поставщик	провайдер	поставщик
299	аккаунт	аккаунт	аккаунт	аккаунт	аккаунт	▁4
300	следующий	следующий	следующий	следующий	следующий	▁52
301	тип	тип	тип	тип	тип	тип
302	следующий	следующий	следующий	следующий	следующий	▁52
303	время хранение	время хранение	время хранение	время хранение	время хранение	▁101
304	таблица	▁2	таблица	таблица	таблица	вкладка
305	изменение	изменить	изменение	изменение	изменение	изменение
306	тип	тип	тип	тип	тип	тип
307	закрыть	закрыть	закрыть	закрыть	закрыть	закрыть
308	удержание налог	удержание налог	удержание налог	удержание налог	удержание налог	▁133
309	сумма	сумма	сумма	сумма	сумма	▁66
310	обоснование	обоснование	обоснование	обоснование	обоснование	▁130
311	выход	выход	выход	выход	выход	▁77
312	индикатор блокировка	индикатор блокировка	индикатор блокировка	индикатор блокировка	индикатор блокировка	индикатор блокировка
313	расписание	график	расписание	график	расписание	расписание
314	расписание доставка прогноз	расписание доставка прогноз	расписание доставка прогноз	расписание доставка прогноз	расписание доставка прогноз	▁115
315	таблица	▁2	таблица	таблица	таблица	вкладка
316	карта	картография	карта	карта	карта	▁69
317	редактировать	редактировать	редактировать	редактировать	редактировать	редактировать
318	форма	форма	форма	форма	форма	форма
319	использовать	использовать	использовать	использовать	использовать	▁128
320	график	график	график	график	график	расписание
321	в подготовка	в подготовка	в подготовка	в подготовка	в подготовка	▁57
322	тип	тип	тип	тип	тип	тип
323	матч	матч	матч	матч	матч	▁70
324	график	график	график	график	график	расписание
325	тип	тип	тип	тип	тип	тип
326	копия	копирование	копия	копировать	копия	▁37
327	тип	тип	тип	тип	тип	тип
328	резюме	резюме	резюме	резюме	резюме	резюме
329	подтверждение сервис	подтверждение сервис	подтверждение сервис	подтверждение сервис	подтверждение сервис	подтверждение сервис
330	уровень публикация	уровень публикация	уровень публикация	уровень публикация	уровень публикация	▁84
331	вход	входный	вход	ввод	вход	ввод
332	биллинга	смётка	биллинга	биллинга	биллинга	▁19
333	группа	группа	группа	группа	группа	группа
334	тип	тип	тип	тип	тип	тип
335	экологический предел	экологический предел	экологический предел	экологический предел	экологический предел	▁47
336	восстановление	восстановление	восстановление	восстановление	восстановление	▁99
337	восстановить	перезапуск	восстановить	восстановить	восстановить	перезапуск
338	персональный информация	персональный информация	персональный информация	персональный информация	персональный информация	▁2
339	период хранение	период хранение	период хранение	период хранение	период хранение	период хранение
340	тип	тип	тип	тип	тип	тип
341	транзакция	транзакция	транзакция	транзакция	транзакция	транзакция
342	▔	тип	▔	тип	▔	тип
343	репликация данные	репликация данные	репликация данные	репликация данные	репликация данные	репликация данные
344	оплата	оплата	оплата	оплата	оплата	▁82
345	предупреждение	предупреждение	предупреждение	предупреждение	предупреждение	▁10
346	▔	тип	▔	тип	▔	тип
347	тип	тип	тип	тип	тип	тип
348	выпуск	выпуск	выпуск	выпуск	выпуск	▁49
349	▔	контракт	▔	контракт	▔	договор
350	дата начало валидность	дата начало валидность	дата начало валидность	дата начало валидность	дата начало валидность	▁131
351	редактировать	редактировать	редактировать	редактировать	редактировать	редактировать
352	договорный	контракт	договорный	контракт	договорный	договор
353	тип	тип	тип	тип	тип	тип
354	категория использование	категория использование	категория использование	категория использование	категория использование	категория использование
355	деятельность	деятельность	деятельность	действие	деятельность	действие
356	идентификатор поставщик	идентификатор поставщик	идентификатор поставщик	идентификатор поставщик	идентификатор поставщик	идентификатор поставщик
357	тип	тип	тип	тип	тип	тип
358	тип	тип	тип	тип	тип	тип
359	подтверждение служба	подтверждение сервис	подтверждение служба	подтверждение сервис	подтверждение служба	подтверждение сервис
360	распределение	выделение	распределение	распределение	распределение	распределение
361	распределение	выделение	распределение	распределение	распределение	распределение
362	получить	получить	получить	получить	получить	получить
363	действие	действие	действие	действие	действие	▁6
364	ввод	входный	ввод	ввод	ввод	ввод
365	копировать	копирование	копировать	копировать	копировать	▁37
366	тип	тип	тип	тип	тип	тип
367	персональный информация	персональный информация	персональный информация	персональный информация	персональный информация	▁2
368	требование	требование	требование	требование	требование	▁23
369	контракт	контракт	контракт	контракт	контракт	договор
370	редактирование	редактировать	редактирование	редактировать	редактирование	редактировать
371	поставщик	поставщик	поставщик	поставщик	поставщик	поставщик
372	перейти к	перейти к	перейти к	перейти к	перейти к	▁55
373	▔	▁1	▔	обработка	▔	▁87
374	контроллер	контроллер	контроллер	контроллер	контроллер	▁36
375	действие	деятельность	действие	действие	действие	действие
376	цель	цель	цель	цель	цель	цель
377	изменение	изменить	изменение	изменение	изменение	изменение
378	удержание налог	удержание налог	удержание налог	удержание налог	удержание налог	▁133
379	поставка	поставка	поставка	поставка	поставка	▁15
380	сервис	сервис	сервис	сервис	сервис	▁109
381	пространство	пространство	пространство	пространство	пространство	пространство
382	действие	действие	действие	действие	действие	▁6
383	прикрепить	прикрепить	прикрепить	прикрепить	прикрепить	▁17
384	платёж	оплата	платёж	оплата	платёж	▁82
385	выход	выход	выход	выход	выход	▁77
386	деятельность	деятельность	деятельность	деятельность	деятельность	▁7
387	входящий	входный	входящий	ввод	входящий	ввод
388	ввод	входный	ввод	ввод	ввод	ввод
389	использовать	использовать	использовать	использовать	использовать	▁128
390	изменить	изменить	изменить	изменение	изменить	изменение
391	тип	тип	тип	тип	тип	тип
392	тип	тип	тип	тип	тип	тип
393	изменение	изменить	изменение	изменение	изменение	изменение
394	транспорт	транспорт	транспорт	транспорт	транспорт	транспорт
395	перевозчик	перевозчик	перевозчик	перевозчик	перевозчик	перевозчик
396	связь	связь	связь	связь	связь	▁32
397	обработка	▁1	обработка	обработка	обработка	▁87
398	активировать	активировать	активировать	активировать	активировать	активировать
399	компания-провайдер	поставщик	компания-провайдер	поставщик	компания-провайдер	поставщик
400	общий	общий	общий	общий	общий	▁123
401	контролёр	контроллер	контролёр	контроллер	контролёр	▁36
402	ключ управление подтверждение	ключ управление подтверждение	ключ управление подтверждение	ключ управление подтверждение	ключ управление подтверждение	▁31
403	примирить	примирить	примирить	примирить	примирить	▁94
404	тип	тип	тип	тип	тип	тип
405	поставщик	поставщик	поставщик	поставщик	поставщик	поставщик
406	тип	тип	тип	тип	тип	тип
407	потребление	потребление	потребление	потребление	потребление	▁33
408	категория	категория	категория	категория	категория	категория
409	пауза	отключение	пауза	отключить	пауза	▁81
410	тип	тип	тип	тип	тип	тип
411	транспорт	транспорт	транспорт	транспорт	транспорт	транспорт
412	таблица	▁2	таблица	таблица	таблица	вкладка
413	тип	тип	тип	тип	тип	тип
414	рабочий поток	рабочий поток	рабочий поток	рабочий поток	рабочий поток	▁136
415	агентство сбор	агентство сбор	агентство сбор	агентство сбор	агентство сбор	▁28
416	тип	тип	тип	тип	тип	тип
417	тип	тип	тип	тип	тип	тип
418	клиент	клиент	клиент	клиент	клиент	клиент
419	категория	категория	категория	категория	категория	категория
420	редактировать	редактировать	редактировать	редактировать	редактировать	редактировать
421	характеристика	характерный	характеристика	характеристика	характеристика	характеристика
422	выпуск	выпуск	выпуск	выпуск	выпуск	▁97
423	аналитический карта	аналитический карта	аналитический карта	аналитический карта	аналитический карта	▁12
424	поставщик	поставщик	поставщик	поставщик	поставщик	поставщик
425	присвоить	присвоить	присвоить	присвоить	присвоить	присвоить
426	тип бег	тип бег	тип бег	тип бег	тип бег	▁106
427	выход	выход	выход	выход	выход	выход
428	поставщик данные	поставщик данные	поставщик данные	поставщик данные	поставщик данные	▁39
429	аккаунт	аккаунт	аккаунт	аккаунт	аккаунт	▁4
430	проверить	проверить	проверить	проверить	проверить	проверить
431	тип	тип	тип	тип	тип	тип
432	поддерживать	поддерживать	поддерживать	поддерживать	поддерживать	▁68
433	структура местоположение	структура местоположение	структура местоположение	структура местоположение	структура местоположение	структура местоположение
434	соблюдение	соблюдение	соблюдение	соблюдение	соблюдение	▁30
435	тема	тема	тема	тема	тема	▁122
436	компенсация	компенсация	компенсация	компенсация	компенсация	▁29
437	процедура ценообразование	процедура ценообразование	процедура ценообразование	процедура ценообразование	процедура ценообразование	▁86
438	собрание	ассамблея	собрание	ассамблея	собрание	▁14
439	страница	▁2	страница	таблица	страница	вкладка
440	редактировать	редактировать	редактировать	редактировать	редактировать	редактировать
441	модель	образец	модель	модель	модель	▁80
442	тип	тип	тип	тип	тип	тип
443	транзакция	транзакция	транзакция	транзакция	транзакция	транзакция
444	прекратить	прекратить	прекратить	остановка	прекратить	▁114
445	таблица	▁2	таблица	таблица	таблица	вкладка
446	активировать	активировать	активировать	активировать	активировать	активировать
447	контракт	контракт	контракт	контракт	контракт	договор
448	редактировать	редактировать	редактировать	редактировать	редактировать	редактировать
449	волшебник	волшебник	волшебник	волшебник	волшебник	▁134
450	категория объект	категория объект	категория объект	категория объект	категория объект	▁74
451	отменить	отменить	отменить	отменить	отменить	отменить
452	ограниченный	ограниченный	ограниченный	ограниченный	ограниченный	▁100
453	актив	актив	актив	актив	актив	актив
454	инспекция	инспекция	инспекция	инспекция	инспекция	▁60
455	использовать	использовать	использовать	использовать	использовать	▁128
456	отчёт	отчётность	отчёт	отчётность	отчёт	отчёт
457	тип классификация	тип классификация	тип классификация	тип классификация	тип классификация	▁25
458	обзор	обзор	обзор	обзор	обзор	▁58
459	поставщик	поставщик	поставщик	поставщик	поставщик	поставщик
460	тип	тип	тип	тип	тип	тип
461	таблица	▁2	таблица	таблица	таблица	вкладка
462	остановка	прекратить	остановка	остановка	остановка	▁114
463	обновить	обновление	обновить	обновление	обновить	обновление
464	ордер	ордер	ордер	ордер	ордер	▁76
465	график	график	график	график	график	расписание
466	вкладка	▁2	вкладка	таблица	вкладка	вкладка
467	распределение	распределение	распределение	распределение	распределение	▁43
468	записать	запись	записать	записать	записать	запись
469	ресурс	ресурс	ресурс	ресурс	ресурс	ресурс
470	группировка	группировка	группировка	группировка	группировка	▁56
471	отчётный документ	отчётный документ	отчётный документ	отчётный документ	отчётный документ	▁21
472	отчёт уточнение	отчёт уточнение	отчёт уточнение	отчёт уточнение	отчёт уточнение	▁24
473	редактирование	редактировать	редактирование	редактировать	редактирование	редактировать
474	использовать	использовать	использовать	использовать	использовать	▁128
475	тип	тип	тип	тип	тип	тип
476	транспорт	транспорт	транспорт	транспорт	транспорт	транспорт
477	поставщик	поставщик	поставщик	поставщик	поставщик	поставщик
478	тип	тип	тип	тип	тип	тип
479	распределение доход	распределение доход	распределение доход	распределение доход	распределение доход	▁103
480	триггер	триггер	триггер	триггер	триггер	триггер
481	тип	тип	тип	тип	тип	тип
482	расширить номер	расширить номер	расширить номер	расширить номер	расширить номер	▁51
483	тип	тип	тип	тип	тип	тип
484	публичный	публичный	публичный	публичный	публичный	▁90
485	отключить	отключение	отключить	отключить	отключить	▁81
486	контракт	контракт	контракт	контракт	контракт	договор
487	получить	получить	получить	получить	получить	получить
488	контракт	контракт	контракт	контракт	контракт	договор
489	применить	применить	применить	применить	применить	▁13
490	тип процесс	тип процесс	тип процесс	тип процесс	тип процесс	▁88
491	содержание	контент	содержание	контент	содержание	контент
492	тип	тип	тип	тип	тип	тип
493	редактировать	редактировать	редактировать	редактировать	редактировать	редактировать
494	счеудло	расписание доставка прогноз	счеудло	расписание доставка прогноз	счеудло	▁115
495	расписать	график	расписать	график	расписать	расписание
496	использование	использование	использование	использование	использование	▁129
497	изменить	изменить	изменить	изменение	изменить	изменение
498	▔	тип	▔	тип	▔	тип
499	поставщик	поставщик	поставщик	поставщик	поставщик	поставщик
500	извлечение	выход	извлечение	выход	извлечение	▁77
501	тип	тип	тип	тип	тип	тип
502	деактивироваться	деактивироваться	деактивироваться	деактивироваться	деактивироваться	▁42
503	номерный	номерный	номерный	номерный	номерный	▁73
504	тип документ	тип документ	тип документ	тип документ	тип документ	▁44
505	получить	получить	получить	получить	получить	получить
506	категория	категория	категория	категория	категория	категория
507	обновить	обновление	обновить	обновление	обновить	обновление
508	резюме	резюме	резюме	резюме	резюме	резюме
509	дать сбор	дать сбор	дать сбор	дать сбор	дать сбор	▁20
510	единый аккаунт	единый аккаунт	единый аккаунт	единый аккаунт	единый аккаунт	▁112
511	отменить	отменить	отменить	отменить	отменить	отменить
512	управление	управление	управление	управление	управление	▁35
513	подтип	подтип	подтип	подтип	подтип	▁117
